product_title,craft_type,material_cost,price,median_competitor_price,cost_floor,source
Handmade Crocheted Cotton Baby Blanket,Embroidery,870.0,3050,3700,1300,synthetic_benchmark
Artisan Sandalwood Carved Incense Stick Holder,Woodwork,540.0,1500,1650,850,synthetic_benchmark
Handcrafted Pure Bronze Kansa Serving Bowls Set of 2,Metalwork,1080.0,3150,3900,1600,synthetic_benchmark
Custom Premium 60W Fast Charging Laptop Charger Power Adapter,Electronics,1190.0,1900,2100,1750,synthetic_benchmark
Artisan Terracotta Handpainted Statement Jewelry Set,Jewelry,460.0,2200,2850,750,synthetic_benchmark
Hand-Stitched Patchwork Quilt Throw Blanket,Embroidery,740.0,1750,2050,1150,synthetic_benchmark
Artisan Hand-Carved Wooden Wall Panel Relief,Woodwork,800.0,2900,3550,1200,synthetic_benchmark
Handmade Brass Meenakari Enamel Bangles Set,Jewelry,2200.0,5700,6550,3200,synthetic_benchmark
Hand-Beaten Brass Dining Platter Thali Set,Metalwork,860.0,2100,2600,1300,synthetic_benchmark
USB-C to Lightning Braided Fast Sync Cable,Electronics,1350.0,2250,2750,2000,synthetic_benchmark
Eco-Friendly Traditional Handpainted Clay Diya Festive Set,Pottery & Clay,310.0,1000,1300,550,synthetic_benchmark
Hand-Beaten Brass Dining Platter Thali Set,Metalwork,290.0,1000,1250,500,synthetic_benchmark
Kantha Stitch Embroidered Cotton Cushion Covers Pair,Embroidery,300.0,1100,1250,500,synthetic_benchmark
Handmade Mango Wood Candle Stand Pair,Woodwork,750.0,1900,2450,1150,synthetic_benchmark
Pure Bronze Kansa Serving Bowls Set of 2,Metalwork,520.0,1650,2200,850,synthetic_benchmark
Traditional Temple Jewelry Gold Plated Pendant,Jewelry,1010.0,3000,3950,1500,synthetic_benchmark
Deluxe Artisan Hand-Carved Wooden Wall Panel Relief,Woodwork,810.0,2500,2950,1250,synthetic_benchmark
Traditional Jamdani Cotton Saree,Handloom Textile,1580.0,3300,3650,2300,synthetic_benchmark
Handmade Brass Diya Oil Lamp Hanging,Metalwork,530.0,1350,1600,850,synthetic_benchmark
Handmade Sandalwood Carved Incense Stick Holder,Woodwork,730.0,2400,3100,1100,synthetic_benchmark
Artisan Dhokra Brass Hand-Cast Tribal Figurine,Metalwork,560.0,1800,2150,900,synthetic_benchmark
Traditional Jamdani Cotton Saree,Handloom Textile,1730.0,3400,4100,2500,synthetic_benchmark
Handcrafted Oxidised 925 Silver Tribal Choker Necklace,Jewelry,1930.0,7550,8650,2800,synthetic_benchmark
Handcrafted Oxidised 925 Silver Tribal Choker Necklace,Jewelry,2460.0,7200,8050,3550,synthetic_benchmark
7-in-1 Aluminium USB-C Multiport Hub Adapter,Electronics,940.0,2300,2700,1400,synthetic_benchmark
Premium 60W Fast Charging Laptop Charger Power Adapter,Electronics,1160.0,2800,3250,1700,synthetic_benchmark
Handwoven Woolen Kashmiri Pashmina Shawl,Handloom Textile,1800.0,5250,7000,2600,synthetic_benchmark
Artisan Ceramic Planter with Drainage Plate,Pottery & Clay,350.0,1050,1300,600,synthetic_benchmark
Vintage Handmade Teak Wood Kitchen Spatula & Spoon Set,Woodwork,400.0,1650,2200,650,synthetic_benchmark
Authentic Handmade Teak Wood Kitchen Spatula & Spoon Set,Woodwork,1070.0,3900,5050,1600,synthetic_benchmark
Handspun Cotton Table Runner with Tribal Motifs,Handloom Textile,1680.0,5350,7000,2450,synthetic_benchmark
Authentic Khadi Cotton Handloom Kurta for Men,Handloom Textile,2590.0,7550,8550,3750,synthetic_benchmark
Authentic 7-in-1 Aluminium USB-C Multiport Hub Adapter,Electronics,880.0,2050,2400,1350,synthetic_benchmark
Handmade Premium 60W Fast Charging Laptop Charger Power Adapter,Electronics,1380.0,3500,4450,2050,synthetic_benchmark
Handcrafted Oxidised 925 Silver Tribal Choker Necklace,Jewelry,1350.0,3600,4700,2000,synthetic_benchmark
Handcrafted Bamboo Wood Bluetooth Wireless Speaker,Electronics,730.0,1450,1800,1100,synthetic_benchmark
Antique Finish Pure Copper Water Bottle (1 Litre),Metalwork,420.0,1150,1500,700,synthetic_benchmark
Earthen Clay Cooking Handi Pot,Pottery & Clay,380.0,1200,1400,650,synthetic_benchmark
Handcrafted Beaded Semi-Precious Stone Bracelet,Jewelry,350.0,1300,1500,600,synthetic_benchmark
Zardozi Work Hand-Embroidered Velvet Clutch Bag,Embroidery,300.0,950,1100,500,synthetic_benchmark
Authentic Kanjivaram Silk Festive Saree,Handloom Textile,800.0,1700,1950,1200,synthetic_benchmark
Handloom Pure Silk Banarasi Saree with Zari Border,Handloom Textile,3000.0,6700,7400,4300,synthetic_benchmark
Handcrafted Terracotta Water Pitcher with Traditional Lid,Pottery & Clay,240.0,950,1100,450,synthetic_benchmark
Antique Finish Pure Copper Water Bottle (1 Litre),Metalwork,1330.0,2950,3450,1950,synthetic_benchmark
Traditional Jamdani Cotton Saree,Handloom Textile,2630.0,8350,10100,3800,synthetic_benchmark
10000mAh Magnetic Wireless Power Bank Fast Charge,Electronics,1420.0,2300,2850,2100,synthetic_benchmark
Custom Phulkari Hand-Embroidered Traditional Dupatta,Embroidery,840.0,2100,2400,1300,synthetic_benchmark
Handmade Khadi Cotton Handloom Kurta for Men,Handloom Textile,3360.0,6350,7400,4800,synthetic_benchmark
Custom Handcrafted Oxidised 925 Silver Tribal Choker Necklace,Jewelry,2450.0,5850,6500,3550,synthetic_benchmark
Authentic Handloom Pure Silk Banarasi Saree with Zari Border,Handloom Textile,1570.0,3850,4700,2300,synthetic_benchmark
Artisan Glazed Ceramic Dining Soup Bowls Set of 4,Pottery & Clay,220.0,750,950,400,synthetic_benchmark
Classic Terracotta Handpainted Statement Jewelry Set,Jewelry,550.0,1550,2050,850,synthetic_benchmark
Handmade Sandalwood Carved Incense Stick Holder,Woodwork,360.0,950,1050,600,synthetic_benchmark
Artisan Handmade Crocheted Cotton Baby Blanket,Embroidery,260.0,850,1000,450,synthetic_benchmark
Handmade Brass Diya Oil Lamp Hanging,Metalwork,1420.0,3400,4550,2100,synthetic_benchmark
Vintage Pure Bronze Kansa Serving Bowls Set of 2,Metalwork,1460.0,4050,4500,2150,synthetic_benchmark
Mirror Work Kutch Embroidered Wall Tapestry,Embroidery,1000.0,3350,4050,1500,synthetic_benchmark
Artisan Hand-Carved Wooden Wall Panel Relief,Woodwork,320.0,1200,1450,550,synthetic_benchmark
Handmade Teak Wood Kitchen Spatula & Spoon Set,Woodwork,220.0,900,1150,400,synthetic_benchmark
Antique Finish Pure Copper Water Bottle (1 Litre),Metalwork,990.0,2500,2800,1500,synthetic_benchmark
Artisan Handcrafted Terracotta Water Pitcher with Traditional Lid,Pottery & Clay,390.0,950,1150,650,synthetic_benchmark
Exquisite Handmade Brass Pooja Bell with Peacock Handle,Metalwork,420.0,1500,1950,700,synthetic_benchmark
Handspun Cotton Table Runner with Tribal Motifs,Handloom Textile,1050.0,3100,3600,1550,synthetic_benchmark
Handmade Mango Wood Candle Stand Pair,Woodwork,670.0,2250,2800,1050,synthetic_benchmark
Traditional Terracotta Handpainted Statement Jewelry Set,Jewelry,1630.0,3900,4300,2400,synthetic_benchmark
Handwoven Woolen Kashmiri Pashmina Shawl,Handloom Textile,1700.0,4450,5150,2500,synthetic_benchmark
Handmade Mango Wood Candle Stand Pair,Woodwork,230.0,800,1100,400,synthetic_benchmark
Authentic Kanjivaram Silk Festive Saree,Handloom Textile,2200.0,6750,8950,3200,synthetic_benchmark
Traditional Temple Jewelry Gold Plated Pendant,Jewelry,430.0,1150,1350,700,synthetic_benchmark
Handmade Soft Stuffed Bunny Toy Holding a Carrot,Embroidery,890.0,2250,3000,1350,synthetic_benchmark
Organic Handloom Linen Scarf with Tassels,Handloom Textile,3130.0,6650,7400,4500,synthetic_benchmark
Pochampally Ikat Handwoven Saree,Handloom Textile,2540.0,6900,9250,3650,synthetic_benchmark
Deluxe Handloom Sambalpuri Silk Traditional Saree,Handloom Textile,1520.0,3200,3900,2250,synthetic_benchmark
Handcrafted Handmade Teak Wood Kitchen Spatula & Spoon Set,Woodwork,1150.0,3250,3900,1700,synthetic_benchmark
10000mAh Magnetic Wireless Power Bank Fast Charge,Electronics,1370.0,3100,3750,2000,synthetic_benchmark
Authentic Kanjivaram Silk Festive Saree,Handloom Textile,3250.0,9500,12100,4650,synthetic_benchmark
Handcrafted Terracotta Water Pitcher with Traditional Lid,Pottery & Clay,270.0,750,900,500,synthetic_benchmark
Pochampally Ikat Handwoven Saree,Handloom Textile,2780.0,6700,8800,4000,synthetic_benchmark
Deluxe Noise Cancelling Over-Ear Studio Headphones,Electronics,1430.0,3200,4100,2100,synthetic_benchmark
Zardozi Work Hand-Embroidered Velvet Clutch Bag,Embroidery,170.0,600,750,350,synthetic_benchmark
Handmade Brass Meenakari Enamel Bangles Set,Jewelry,1840.0,4550,5550,2700,synthetic_benchmark
Ergonomic Wireless Silent Optical Mouse,Electronics,740.0,1750,2050,1150,synthetic_benchmark
Handmade Mango Wood Candle Stand Pair,Woodwork,1060.0,3100,3550,1600,synthetic_benchmark
Hand-Embroidered Chikankari Cotton Kurti,Embroidery,940.0,1950,2400,1400,synthetic_benchmark
Antique Finish Pure Copper Water Bottle (1 Litre),Metalwork,1130.0,3400,4400,1700,synthetic_benchmark
Artisan Dhokra Brass Hand-Cast Tribal Figurine,Metalwork,300.0,800,900,500,synthetic_benchmark
Pochampally Ikat Handwoven Saree,Handloom Textile,690.0,2150,2800,1050,synthetic_benchmark
Traditional Handpainted Clay Diya Festive Set,Pottery & Clay,210.0,550,700,400,synthetic_benchmark
Terracotta Handpainted Statement Jewelry Set,Jewelry,1950.0,4700,5650,2850,synthetic_benchmark
Handloom Sambalpuri Silk Traditional Saree,Handloom Textile,600.0,1900,2300,950,synthetic_benchmark
Exquisite Handmade Kundan & Pearl Jhumka Earrings,Jewelry,1880.0,6050,7300,2750,synthetic_benchmark
Handcrafted Handmade Soft Stuffed Bunny Toy Holding a Carrot,Embroidery,720.0,2700,3300,1100,synthetic_benchmark
Traditional Artisan Filigree Pure Silver Toe Rings Pair,Jewelry,1240.0,2900,3650,1850,synthetic_benchmark
USB-C to Lightning Braided Fast Sync Cable,Electronics,1130.0,2300,2750,1700,synthetic_benchmark
Traditional Jamdani Cotton Saree,Handloom Textile,2610.0,7700,8850,3750,synthetic_benchmark
Authentic 10000mAh Magnetic Wireless Power Bank Fast Charge,Electronics,1480.0,3500,4650,2150,synthetic_benchmark
Handcrafted Beaded Semi-Precious Stone Bracelet,Jewelry,2390.0,7700,9600,3450,synthetic_benchmark
45W Type-C Fast Charger for Ultrasharp Laptops,Electronics,960.0,2550,3400,1450,synthetic_benchmark
Ergonomic Wireless Silent Optical Mouse,Electronics,790.0,1300,1650,1200,synthetic_benchmark
Handcrafted Bamboo Wood Bluetooth Wireless Speaker,Electronics,1490.0,3300,3750,2200,synthetic_benchmark
Custom Sculpted Clay Floral Vase with Rustic Finish,Pottery & Clay,90.0,450,500,250,synthetic_benchmark
Artisan Filigree Pure Silver Toe Rings Pair,Jewelry,1670.0,5300,6950,2450,synthetic_benchmark
Artisan Handmade Brass Meenakari Enamel Bangles Set,Jewelry,490.0,2100,2450,800,synthetic_benchmark
Handcrafted Hand-Embroidered Chikankari Cotton Kurti,Embroidery,930.0,2900,3250,1400,synthetic_benchmark
Hand-Beaten Brass Dining Platter Thali Set,Metalwork,540.0,1600,1750,850,synthetic_benchmark
Organic Handloom Linen Scarf with Tassels,Handloom Textile,3000.0,7100,8850,4300,synthetic_benchmark
Zardozi Work Hand-Embroidered Velvet Clutch Bag,Embroidery,820.0,2400,3050,1250,synthetic_benchmark
Custom Handcrafted Beaded Semi-Precious Stone Bracelet,Jewelry,360.0,1400,1800,600,synthetic_benchmark
Handmade Brass Diya Oil Lamp Hanging,Metalwork,550.0,1550,1950,850,synthetic_benchmark
Vintage Dhokra Brass Hand-Cast Tribal Figurine,Metalwork,680.0,2200,2450,1050,synthetic_benchmark
Dhokra Brass Hand-Cast Tribal Figurine,Metalwork,740.0,2300,2800,1150,synthetic_benchmark
Hand-Embroidered Chikankari Cotton Kurti,Embroidery,380.0,1300,1550,650,synthetic_benchmark
Ergonomic Wireless Silent Optical Mouse,Electronics,1240.0,2900,3300,1850,synthetic_benchmark
Handmade Brass Diya Oil Lamp Hanging,Metalwork,1220.0,2700,3200,1800,synthetic_benchmark
Handcrafted Terracotta Handpainted Statement Jewelry Set,Jewelry,1450.0,3250,3950,2150,synthetic_benchmark
Handcrafted Walnut Wood Decorative Serving Tray,Woodwork,630.0,1600,2000,1000,synthetic_benchmark
Pochampally Ikat Handwoven Saree,Handloom Textile,3110.0,6200,6950,4450,synthetic_benchmark
Handcrafted Walnut Wood Decorative Serving Tray,Woodwork,830.0,2300,3000,1250,synthetic_benchmark
Handspun Cotton Table Runner with Tribal Motifs,Handloom Textile,1980.0,6000,7850,2850,synthetic_benchmark
Handloom Sambalpuri Silk Traditional Saree,Handloom Textile,2190.0,5800,6650,3150,synthetic_benchmark
Artisan Filigree Pure Silver Toe Rings Pair,Jewelry,390.0,1150,1500,650,synthetic_benchmark
Pochampally Ikat Handwoven Saree,Handloom Textile,2370.0,6450,8250,3400,synthetic_benchmark
10000mAh Magnetic Wireless Power Bank Fast Charge,Electronics,850.0,1700,2250,1300,synthetic_benchmark
Premium Earthen Clay Cooking Handi Pot,Pottery & Clay,370.0,1000,1150,600,synthetic_benchmark
Handmade Terracotta Decorative Wall Hanging,Pottery & Clay,400.0,1350,1700,650,synthetic_benchmark
Zardozi Work Hand-Embroidered Velvet Clutch Bag,Embroidery,660.0,1550,1950,1000,synthetic_benchmark
Intricately Carved Wooden Jewellery Box with Brass Inlay,Woodwork,190.0,800,950,350,synthetic_benchmark
Intricately Carved Wooden Jewellery Box with Brass Inlay,Woodwork,340.0,950,1100,600,synthetic_benchmark
Handspun Cotton Table Runner with Tribal Motifs,Handloom Textile,2110.0,5600,6800,3050,synthetic_benchmark
Handcrafted Sculpted Clay Floral Vase with Rustic Finish,Pottery & Clay,50.0,400,500,150,synthetic_benchmark
Handmade Teak Wood Kitchen Spatula & Spoon Set,Woodwork,590.0,1550,1800,950,synthetic_benchmark
Handmade Clay Coffee Mugs Set of 2,Pottery & Clay,340.0,950,1050,600,synthetic_benchmark
Handcrafted Kantha Stitch Embroidered Cotton Cushion Covers Pair,Embroidery,770.0,2150,2500,1200,synthetic_benchmark
Artisan Antique Finish Pure Copper Water Bottle (1 Litre),Metalwork,1730.0,3900,5150,2500,synthetic_benchmark
Handmade Soft Stuffed Bunny Toy Holding a Carrot,Embroidery,280.0,850,950,500,synthetic_benchmark
Pochampally Ikat Handwoven Saree,Handloom Textile,2640.0,7950,9700,3800,synthetic_benchmark
Eco-Friendly Handmade Wooden Coaster Set of 6 with Stand,Woodwork,440.0,1550,2000,700,synthetic_benchmark
Cast Iron Artisan Skillet Fry Pan,Metalwork,1530.0,4500,5900,2250,synthetic_benchmark
Handmade Mango Wood Candle Stand Pair,Woodwork,1100.0,3950,5100,1650,synthetic_benchmark
Ergonomic Wireless Silent Optical Mouse,Electronics,710.0,1300,1500,1100,synthetic_benchmark
Antique Finish Pure Copper Water Bottle (1 Litre),Metalwork,310.0,900,1100,550,synthetic_benchmark
Custom Handmade Soft Stuffed Bunny Toy Holding a Carrot,Embroidery,830.0,1700,2050,1250,synthetic_benchmark
Handmade Teak Wood Kitchen Spatula & Spoon Set,Woodwork,580.0,1450,1650,900,synthetic_benchmark
Authentic Kanjivaram Silk Festive Saree,Handloom Textile,1700.0,4850,5700,2500,synthetic_benchmark
Custom Phulkari Hand-Embroidered Traditional Dupatta,Embroidery,150.0,750,1000,300,synthetic_benchmark
Handmade Clay Coffee Mugs Set of 2,Pottery & Clay,90.0,500,600,250,synthetic_benchmark
Eco-Friendly Noise Cancelling Over-Ear Studio Headphones,Electronics,650.0,1550,2000,1000,synthetic_benchmark
Artisan Filigree Pure Silver Toe Rings Pair,Jewelry,1440.0,4000,5300,2100,synthetic_benchmark
Premium 60W Fast Charging Laptop Charger Power Adapter,Electronics,590.0,1500,1750,950,synthetic_benchmark
Handmade Clay Kulhad Chai Cups Set of 6,Pottery & Clay,100.0,550,700,250,synthetic_benchmark
Kantha Stitch Embroidered Cotton Cushion Covers Pair,Embroidery,850.0,2700,3250,1300,synthetic_benchmark
Organic Handloom Linen Scarf with Tassels,Handloom Textile,3420.0,9500,11000,4900,synthetic_benchmark
Handcrafted Terracotta Water Pitcher with Traditional Lid,Pottery & Clay,240.0,500,600,450,synthetic_benchmark
Deluxe Phulkari Hand-Embroidered Traditional Dupatta,Embroidery,740.0,2350,3000,1150,synthetic_benchmark
Handspun Cotton Table Runner with Tribal Motifs,Handloom Textile,3380.0,9500,11100,4850,synthetic_benchmark
Deluxe Premium 60W Fast Charging Laptop Charger Power Adapter,Electronics,500.0,1150,1450,800,synthetic_benchmark
Deluxe Handmade Kundan & Pearl Jhumka Earrings,Jewelry,2090.0,5450,7350,3050,synthetic_benchmark
Handloom Sambalpuri Silk Traditional Saree,Handloom Textile,2450.0,5550,6450,3550,synthetic_benchmark
Deluxe Handmade Brass Diya Oil Lamp Hanging,Metalwork,1240.0,3550,4550,1850,synthetic_benchmark
Handcrafted Terracotta Water Pitcher with Traditional Lid,Pottery & Clay,180.0,700,800,350,synthetic_benchmark
Antique Finish Pure Copper Water Bottle (1 Litre),Metalwork,1500.0,3450,4300,2200,synthetic_benchmark
Exquisite Terracotta Handpainted Statement Jewelry Set,Jewelry,2430.0,6700,8350,3500,synthetic_benchmark
Handmade Terracotta Decorative Wall Hanging,Pottery & Clay,110.0,650,800,250,synthetic_benchmark
Handmade Wooden Coaster Set of 6 with Stand,Woodwork,420.0,1700,2000,700,synthetic_benchmark
Handmade Wooden Coaster Set of 6 with Stand,Woodwork,250.0,900,1150,450,synthetic_benchmark
Exquisite Pure Bronze Kansa Serving Bowls Set of 2,Metalwork,1110.0,2150,2900,1650,synthetic_benchmark
Antique Finish Pure Copper Water Bottle (1 Litre),Metalwork,1630.0,3450,4200,2400,synthetic_benchmark
Hand-Stitched Patchwork Quilt Throw Blanket,Embroidery,820.0,2300,2900,1250,synthetic_benchmark
Handcrafted Handmade Kundan & Pearl Jhumka Earrings,Jewelry,1020.0,2600,3100,1550,synthetic_benchmark
Traditional Handmade Teak Wood Kitchen Spatula & Spoon Set,Woodwork,800.0,2000,2350,1200,synthetic_benchmark
Artisan Hand-Carved Wooden Wall Panel Relief,Woodwork,240.0,1050,1150,450,synthetic_benchmark
Traditional Jamdani Cotton Saree,Handloom Textile,1340.0,3450,4150,2000,synthetic_benchmark
Classic Handmade Mango Wood Candle Stand Pair,Woodwork,1200.0,4100,5500,1800,synthetic_benchmark
Noise Cancelling Over-Ear Studio Headphones,Electronics,890.0,1800,2300,1350,synthetic_benchmark
Handmade Brass Meenakari Enamel Bangles Set,Jewelry,2190.0,5700,7550,3150,synthetic_benchmark
Custom Handmade Clay Coffee Mugs Set of 2,Pottery & Clay,180.0,450,500,350,synthetic_benchmark
Earthen Clay Cooking Handi Pot,Pottery & Clay,300.0,950,1200,500,synthetic_benchmark
Handmade Mango Wood Candle Stand Pair,Woodwork,1090.0,3950,4800,1650,synthetic_benchmark
Artisan Handmade Kundan & Pearl Jhumka Earrings,Jewelry,420.0,1550,1900,700,synthetic_benchmark
Handmade Wooden Coaster Set of 6 with Stand,Woodwork,750.0,1900,2250,1150,synthetic_benchmark
Handcrafted Hand-Beaten Brass Dining Platter Thali Set,Metalwork,550.0,1850,2300,850,synthetic_benchmark
Artisan Filigree Pure Silver Toe Rings Pair,Jewelry,1890.0,7200,8700,2750,synthetic_benchmark
Exquisite Ergonomic Wireless Silent Optical Mouse,Electronics,1180.0,2100,2500,1750,synthetic_benchmark
Artisan Hand-Carved Wooden Wall Panel Relief,Woodwork,1020.0,2750,3400,1550,synthetic_benchmark
Handmade Brass Diya Oil Lamp Hanging,Metalwork,1530.0,3550,4750,2250,synthetic_benchmark
Handcrafted Bamboo Wood Bluetooth Wireless Speaker,Electronics,510.0,1300,1650,800,synthetic_benchmark
Handcrafted Terracotta Handpainted Statement Jewelry Set,Jewelry,1500.0,5600,6700,2200,synthetic_benchmark
Handcrafted Terracotta Water Pitcher with Traditional Lid,Pottery & Clay,210.0,550,650,400,synthetic_benchmark
Exquisite Zardozi Work Hand-Embroidered Velvet Clutch Bag,Embroidery,290.0,1250,1450,500,synthetic_benchmark
Handcrafted Handmade Brass Meenakari Enamel Bangles Set,Jewelry,1450.0,4700,5250,2150,synthetic_benchmark
Artisan Hand-Carved Wooden Wall Panel Relief,Woodwork,630.0,1950,2200,1000,synthetic_benchmark
Handmade Brass Meenakari Enamel Bangles Set,Jewelry,470.0,2000,2250,750,synthetic_benchmark
Artisan Glazed Ceramic Dining Soup Bowls Set of 4,Pottery & Clay,250.0,800,950,450,synthetic_benchmark
10000mAh Magnetic Wireless Power Bank Fast Charge,Electronics,1000.0,2700,3500,1500,synthetic_benchmark
Handmade Mango Wood Candle Stand Pair,Woodwork,1080.0,2550,2950,1600,synthetic_benchmark
Sculpted Clay Floral Vase with Rustic Finish,Pottery & Clay,380.0,1000,1250,650,synthetic_benchmark
Organic Handloom Linen Scarf with Tassels,Handloom Textile,3140.0,6050,7300,4500,synthetic_benchmark
Handmade Clay Kulhad Chai Cups Set of 6,Pottery & Clay,350.0,1150,1350,600,synthetic_benchmark
Eco-Friendly Sandalwood Carved Incense Stick Holder,Woodwork,770.0,2500,3250,1200,synthetic_benchmark
Sculpted Clay Floral Vase with Rustic Finish,Pottery & Clay,130.0,500,650,300,synthetic_benchmark
Exquisite Earthen Clay Cooking Handi Pot,Pottery & Clay,180.0,700,850,350,synthetic_benchmark
Eco-Friendly Sandalwood Carved Incense Stick Holder,Woodwork,490.0,1600,1850,800,synthetic_benchmark
Handcrafted Handloom Pure Silk Banarasi Saree with Zari Border,Handloom Textile,2740.0,8000,9750,3950,synthetic_benchmark
Vintage Artisan Glazed Ceramic Dining Soup Bowls Set of 4,Pottery & Clay,310.0,850,950,550,synthetic_benchmark
Deluxe Traditional Jamdani Cotton Saree,Handloom Textile,2070.0,6750,7600,3000,synthetic_benchmark
Custom Pure Bronze Kansa Serving Bowls Set of 2,Metalwork,1440.0,3450,4200,2100,synthetic_benchmark
Noise Cancelling Over-Ear Studio Headphones,Electronics,960.0,2600,2900,1450,synthetic_benchmark
Handwoven Woolen Kashmiri Pashmina Shawl,Handloom Textile,530.0,1550,2000,850,synthetic_benchmark
Phulkari Hand-Embroidered Traditional Dupatta,Embroidery,660.0,1550,2000,1000,synthetic_benchmark
Eco-Friendly Handmade Teak Wood Kitchen Spatula & Spoon Set,Woodwork,750.0,2550,3150,1150,synthetic_benchmark
Custom 65W GaN USB-C Fast Charger with Foldable Plug,Electronics,340.0,900,1100,600,synthetic_benchmark
Artisan 7-in-1 Aluminium USB-C Multiport Hub Adapter,Electronics,1010.0,1900,2300,1500,synthetic_benchmark
Handmade Mango Wood Candle Stand Pair,Woodwork,670.0,2050,2600,1050,synthetic_benchmark
Handcrafted Beaded Semi-Precious Stone Bracelet,Jewelry,870.0,1900,2500,1300,synthetic_benchmark
Deluxe Artisan Filigree Pure Silver Toe Rings Pair,Jewelry,2130.0,5850,7550,3100,synthetic_benchmark
Premium Handmade Kundan & Pearl Jhumka Earrings,Jewelry,2060.0,5600,6900,3000,synthetic_benchmark
Custom Handmade Terracotta Decorative Wall Hanging,Pottery & Clay,80.0,550,700,200,synthetic_benchmark
Handmade Terracotta Decorative Wall Hanging,Pottery & Clay,150.0,600,700,300,synthetic_benchmark
Handmade Soft Stuffed Bunny Toy Holding a Carrot,Embroidery,350.0,1050,1400,600,synthetic_benchmark
Khadi Cotton Handloom Kurta for Men,Handloom Textile,2960.0,6650,7800,4250,synthetic_benchmark
Handspun Cotton Table Runner with Tribal Motifs,Handloom Textile,2300.0,7350,9600,3300,synthetic_benchmark
Dhokra Brass Hand-Cast Tribal Figurine,Metalwork,1320.0,3050,3450,1950,synthetic_benchmark
Handmade Soft Stuffed Bunny Toy Holding a Carrot,Embroidery,630.0,2200,2850,1000,synthetic_benchmark
Classic Handmade Kundan & Pearl Jhumka Earrings,Jewelry,730.0,2300,2600,1100,synthetic_benchmark
Exquisite Hand-Embroidered Chikankari Cotton Kurti,Embroidery,280.0,1100,1350,500,synthetic_benchmark
Handmade Clay Kulhad Chai Cups Set of 6,Pottery & Clay,120.0,550,750,250,synthetic_benchmark
Eco-Friendly Artisan Ceramic Planter with Drainage Plate,Pottery & Clay,260.0,800,1050,450,synthetic_benchmark
Custom Sculpted Clay Floral Vase with Rustic Finish,Pottery & Clay,160.0,500,550,300,synthetic_benchmark
Deluxe Handmade Brass Pooja Bell with Peacock Handle,Metalwork,440.0,1200,1500,700,synthetic_benchmark
Handwoven Woolen Kashmiri Pashmina Shawl,Handloom Textile,1300.0,3100,4150,1900,synthetic_benchmark
Authentic Kanjivaram Silk Festive Saree,Handloom Textile,3210.0,7500,8650,4600,synthetic_benchmark
Handmade Wooden Coaster Set of 6 with Stand,Woodwork,1010.0,2500,2750,1500,synthetic_benchmark
Phulkari Hand-Embroidered Traditional Dupatta,Embroidery,980.0,2350,2800,1450,synthetic_benchmark
Traditional Hand-Embroidered Chikankari Cotton Kurti,Embroidery,490.0,1550,1950,800,synthetic_benchmark
Vintage 7-in-1 Aluminium USB-C Multiport Hub Adapter,Electronics,520.0,1050,1350,850,synthetic_benchmark
Traditional Hand-Embroidered Chikankari Cotton Kurti,Embroidery,460.0,1800,2050,750,synthetic_benchmark
Handcrafted Walnut Wood Decorative Serving Tray,Woodwork,780.0,2200,2750,1200,synthetic_benchmark
Vintage Hand-Stitched Patchwork Quilt Throw Blanket,Embroidery,660.0,2200,2850,1000,synthetic_benchmark
Handmade Teak Wood Kitchen Spatula & Spoon Set,Woodwork,780.0,2000,2400,1200,synthetic_benchmark
Handloom Pure Silk Banarasi Saree with Zari Border,Handloom Textile,1960.0,5650,7600,2850,synthetic_benchmark
Traditional Authentic Kanjivaram Silk Festive Saree,Handloom Textile,3150.0,6950,8150,4500,synthetic_benchmark
45W Type-C Fast Charger for Ultrasharp Laptops,Electronics,1420.0,3500,4300,2100,synthetic_benchmark
Handmade Terracotta Decorative Wall Hanging,Pottery & Clay,390.0,1050,1250,650,synthetic_benchmark
Handmade Brass Meenakari Enamel Bangles Set,Jewelry,1680.0,6900,7750,2450,synthetic_benchmark
Handmade Brass Pooja Bell with Peacock Handle,Metalwork,840.0,2400,2700,1300,synthetic_benchmark
Traditional Earthen Clay Cooking Handi Pot,Pottery & Clay,360.0,950,1100,600,synthetic_benchmark
Kantha Stitch Embroidered Cotton Cushion Covers Pair,Embroidery,190.0,600,800,350,synthetic_benchmark
Deluxe Artisan Filigree Pure Silver Toe Rings Pair,Jewelry,1320.0,3950,5350,1950,synthetic_benchmark
Traditional Jamdani Cotton Saree,Handloom Textile,3240.0,9500,10850,4650,synthetic_benchmark
Hand-Stitched Patchwork Quilt Throw Blanket,Embroidery,840.0,2700,3550,1300,synthetic_benchmark
Ergonomic Wireless Silent Optical Mouse,Electronics,1040.0,1800,2200,1550,synthetic_benchmark
Handcrafted Bamboo Wood Bluetooth Wireless Speaker,Electronics,480.0,1200,1550,750,synthetic_benchmark
Handcrafted Oxidised 925 Silver Tribal Choker Necklace,Jewelry,410.0,1550,1950,650,synthetic_benchmark
Exquisite Dhokra Brass Hand-Cast Tribal Figurine,Metalwork,1230.0,2850,3400,1800,synthetic_benchmark
Artisan Handcrafted Bamboo Wood Bluetooth Wireless Speaker,Electronics,600.0,1550,1800,950,synthetic_benchmark
Premium Handmade Kundan & Pearl Jhumka Earrings,Jewelry,1490.0,5950,7900,2200,synthetic_benchmark
Handcrafted Organic Handloom Linen Scarf with Tassels,Handloom Textile,3080.0,8500,10150,4400,synthetic_benchmark
Traditional Temple Jewelry Gold Plated Pendant,Jewelry,1540.0,5600,6900,2250,synthetic_benchmark
Handmade Kundan & Pearl Jhumka Earrings,Jewelry,1120.0,4000,5300,1650,synthetic_benchmark
Handcrafted Oxidised 925 Silver Tribal Choker Necklace,Jewelry,1580.0,3800,4400,2300,synthetic_benchmark
Custom Handmade Brass Diya Oil Lamp Hanging,Metalwork,600.0,1550,2050,950,synthetic_benchmark
Authentic Traditional Handpainted Clay Diya Festive Set,Pottery & Clay,100.0,550,650,250,synthetic_benchmark
Custom Mirror Work Kutch Embroidered Wall Tapestry,Embroidery,540.0,1500,1750,850,synthetic_benchmark
Handmade Teak Wood Kitchen Spatula & Spoon Set,Woodwork,480.0,1200,1550,750,synthetic_benchmark
Handmade Clay Coffee Mugs Set of 2,Pottery & Clay,180.0,750,950,350,synthetic_benchmark
Premium Handcrafted Bamboo Wood Bluetooth Wireless Speaker,Electronics,1030.0,2650,3150,1550,synthetic_benchmark
USB-C to Lightning Braided Fast Sync Cable,Electronics,800.0,1850,2250,1200,synthetic_benchmark
Handmade 45W Type-C Fast Charger for Ultrasharp Laptops,Electronics,1420.0,3500,4200,2100,synthetic_benchmark
Handmade Clay Coffee Mugs Set of 2,Pottery & Clay,380.0,800,1050,650,synthetic_benchmark
Antique Finish Pure Copper Water Bottle (1 Litre),Metalwork,930.0,2800,3200,1400,synthetic_benchmark
Traditional Noise Cancelling Over-Ear Studio Headphones,Electronics,560.0,1400,1650,900,synthetic_benchmark
Cast Iron Artisan Skillet Fry Pan,Metalwork,780.0,1850,2450,1200,synthetic_benchmark
Authentic Antique Finish Pure Copper Water Bottle (1 Litre),Metalwork,970.0,2950,3750,1450,synthetic_benchmark
Handmade Wooden Coaster Set of 6 with Stand,Woodwork,560.0,2100,2550,900,synthetic_benchmark
Handcrafted Terracotta Water Pitcher with Traditional Lid,Pottery & Clay,390.0,1200,1500,650,synthetic_benchmark
Handmade Kundan & Pearl Jhumka Earrings,Jewelry,820.0,3050,3400,1250,synthetic_benchmark
Zardozi Work Hand-Embroidered Velvet Clutch Bag,Embroidery,560.0,1900,2450,900,synthetic_benchmark
Traditional Mirror Work Kutch Embroidered Wall Tapestry,Embroidery,190.0,500,600,350,synthetic_benchmark
Premium 60W Fast Charging Laptop Charger Power Adapter,Electronics,1480.0,3400,4000,2150,synthetic_benchmark
Handmade Organic Handloom Linen Scarf with Tassels,Handloom Textile,3490.0,8650,10200,5000,synthetic_benchmark
Custom Handwoven Woolen Kashmiri Pashmina Shawl,Handloom Textile,2520.0,6550,7600,3650,synthetic_benchmark
Deluxe Cast Iron Artisan Skillet Fry Pan,Metalwork,720.0,1800,2150,1100,synthetic_benchmark
Handmade Crocheted Cotton Baby Blanket,Embroidery,950.0,3000,3300,1450,synthetic_benchmark
Handwoven Cotton Chanderi Dupatta with Booti Work,Handloom Textile,2640.0,8000,8950,3800,synthetic_benchmark
Pure Bronze Kansa Serving Bowls Set of 2,Metalwork,520.0,1500,1900,850,synthetic_benchmark
Premium Handmade Kundan & Pearl Jhumka Earrings,Jewelry,750.0,2950,3350,1150,synthetic_benchmark
45W Type-C Fast Charger for Ultrasharp Laptops,Electronics,910.0,1950,2400,1350,synthetic_benchmark
Deluxe Zardozi Work Hand-Embroidered Velvet Clutch Bag,Embroidery,280.0,800,900,500,synthetic_benchmark
Intricately Carved Wooden Jewellery Box with Brass Inlay,Woodwork,700.0,2500,2850,1100,synthetic_benchmark
Handcrafted Beaded Semi-Precious Stone Bracelet,Jewelry,1930.0,7150,8000,2800,synthetic_benchmark
Traditional Handpainted Clay Diya Festive Set,Pottery & Clay,340.0,850,1050,600,synthetic_benchmark
Pure Bronze Kansa Serving Bowls Set of 2,Metalwork,820.0,2000,2600,1250,synthetic_benchmark
Traditional Handcrafted Walnut Wood Decorative Serving Tray,Woodwork,200.0,900,1000,400,synthetic_benchmark
USB-C to Lightning Braided Fast Sync Cable,Electronics,1270.0,2700,3200,1900,synthetic_benchmark
Handcrafted Pochampally Ikat Handwoven Saree,Handloom Textile,2240.0,5750,6650,3250,synthetic_benchmark
Hand-Beaten Brass Dining Platter Thali Set,Metalwork,1490.0,3900,4750,2200,synthetic_benchmark
Handwoven Woolen Kashmiri Pashmina Shawl,Handloom Textile,1090.0,3100,3900,1650,synthetic_benchmark
Authentic Kanjivaram Silk Festive Saree,Handloom Textile,1360.0,3400,4500,2000,synthetic_benchmark
Handmade Teak Wood Kitchen Spatula & Spoon Set,Woodwork,540.0,1500,1700,850,synthetic_benchmark
Zardozi Work Hand-Embroidered Velvet Clutch Bag,Embroidery,340.0,1250,1600,600,synthetic_benchmark
Deluxe Noise Cancelling Over-Ear Studio Headphones,Electronics,1410.0,3400,4050,2050,synthetic_benchmark
Carved Sheesham Wood Elephant Figurine,Woodwork,470.0,1700,2100,750,synthetic_benchmark
Handcrafted Walnut Wood Decorative Serving Tray,Woodwork,760.0,1800,2150,1150,synthetic_benchmark
Pochampally Ikat Handwoven Saree,Handloom Textile,2660.0,7350,9600,3800,synthetic_benchmark
Handspun Cotton Table Runner with Tribal Motifs,Handloom Textile,3290.0,9500,10900,4700,synthetic_benchmark
Handspun Cotton Table Runner with Tribal Motifs,Handloom Textile,2840.0,5900,7750,4100,synthetic_benchmark
Artisan Premium 60W Fast Charging Laptop Charger Power Adapter,Electronics,960.0,2650,3150,1450,synthetic_benchmark
Antique Finish Pure Copper Water Bottle (1 Litre),Metalwork,470.0,1250,1400,750,synthetic_benchmark
Carved Sheesham Wood Elephant Figurine,Woodwork,930.0,2750,3300,1400,synthetic_benchmark
Handmade Clay Coffee Mugs Set of 2,Pottery & Clay,260.0,700,900,450,synthetic_benchmark
Handmade Brass Diya Oil Lamp Hanging,Metalwork,500.0,1750,2300,800,synthetic_benchmark
Artisan Mirror Work Kutch Embroidered Wall Tapestry,Embroidery,520.0,1650,2050,850,synthetic_benchmark
Artisan Ceramic Planter with Drainage Plate,Pottery & Clay,70.0,550,600,200,synthetic_benchmark
Artisan Handmade Crocheted Cotton Baby Blanket,Embroidery,440.0,1200,1450,700,synthetic_benchmark
Custom 100W Type-C Heavy Duty Braided Charging Cable 2m,Electronics,770.0,2050,2750,1200,synthetic_benchmark
Noise Cancelling Over-Ear Studio Headphones,Electronics,1190.0,2800,3150,1750,synthetic_benchmark
Premium Khadi Cotton Handloom Kurta for Men,Handloom Textile,480.0,1250,1400,750,synthetic_benchmark
Handmade Soft Stuffed Bunny Toy Holding a Carrot,Embroidery,700.0,2050,2650,1100,synthetic_benchmark
Hand-Embroidered Chikankari Cotton Kurti,Embroidery,160.0,500,650,300,synthetic_benchmark
USB-C to Lightning Braided Fast Sync Cable,Electronics,1390.0,2450,2950,2050,synthetic_benchmark
Classic Dhokra Brass Hand-Cast Tribal Figurine,Metalwork,1400.0,3600,4750,2050,synthetic_benchmark
Artisan Handmade Crocheted Cotton Baby Blanket,Embroidery,530.0,1550,1750,850,synthetic_benchmark
Authentic Kanjivaram Silk Festive Saree,Handloom Textile,2260.0,4500,5500,3250,synthetic_benchmark
Traditional Handpainted Clay Diya Festive Set,Pottery & Clay,250.0,900,1100,450,synthetic_benchmark
Handcrafted Oxidised 925 Silver Tribal Choker Necklace,Jewelry,1550.0,5350,5950,2250,synthetic_benchmark
Pure Bronze Kansa Serving Bowls Set of 2,Metalwork,650.0,1950,2150,1000,synthetic_benchmark
Artisan Hand-Carved Wooden Wall Panel Relief,Woodwork,430.0,1300,1750,700,synthetic_benchmark
Authentic Handwoven Cotton Chanderi Dupatta with Booti Work,Handloom Textile,2660.0,7700,9650,3800,synthetic_benchmark
Authentic Kanjivaram Silk Festive Saree,Handloom Textile,1230.0,3650,4450,1800,synthetic_benchmark
Authentic Phulkari Hand-Embroidered Traditional Dupatta,Embroidery,540.0,1350,1650,850,synthetic_benchmark
Handmade Brass Diya Oil Lamp Hanging,Metalwork,620.0,1500,1950,950,synthetic_benchmark
Artisan Handmade Brass Diya Oil Lamp Hanging,Metalwork,1230.0,2950,3300,1800,synthetic_benchmark
Artisan Ceramic Planter with Drainage Plate,Pottery & Clay,310.0,850,1150,550,synthetic_benchmark
Exquisite Sandalwood Carved Incense Stick Holder,Woodwork,880.0,2050,2650,1350,synthetic_benchmark
Handmade Terracotta Decorative Wall Hanging,Pottery & Clay,330.0,1200,1550,550,synthetic_benchmark
Hand-Embroidered Chikankari Cotton Kurti,Embroidery,960.0,2350,2600,1450,synthetic_benchmark
Carved Sheesham Wood Elephant Figurine,Woodwork,240.0,950,1200,450,synthetic_benchmark
Dhokra Brass Hand-Cast Tribal Figurine,Metalwork,730.0,2200,2400,1100,synthetic_benchmark
Zardozi Work Hand-Embroidered Velvet Clutch Bag,Embroidery,180.0,750,950,350,synthetic_benchmark
Artisan Filigree Pure Silver Toe Rings Pair,Jewelry,2350.0,6450,8450,3400,synthetic_benchmark
Carved Sheesham Wood Elephant Figurine,Woodwork,960.0,2650,3300,1450,synthetic_benchmark
Handloom Pure Silk Banarasi Saree with Zari Border,Handloom Textile,2580.0,7200,8350,3700,synthetic_benchmark
Vintage Mirror Work Kutch Embroidered Wall Tapestry,Embroidery,360.0,1050,1150,600,synthetic_benchmark
Artisan Filigree Pure Silver Toe Rings Pair,Jewelry,960.0,3500,4450,1450,synthetic_benchmark
Cast Iron Artisan Skillet Fry Pan,Metalwork,830.0,2700,3000,1250,synthetic_benchmark
Handmade Brass Meenakari Enamel Bangles Set,Jewelry,1460.0,3750,5000,2150,synthetic_benchmark
Intricately Carved Wooden Jewellery Box with Brass Inlay,Woodwork,1080.0,2850,3700,1600,synthetic_benchmark
Handmade Traditional Temple Jewelry Gold Plated Pendant,Jewelry,730.0,1850,2450,1100,synthetic_benchmark
Deluxe Hand-Stitched Patchwork Quilt Throw Blanket,Embroidery,510.0,1600,1900,800,synthetic_benchmark
Custom Hand-Embroidered Chikankari Cotton Kurti,Embroidery,390.0,1200,1500,650,synthetic_benchmark
Terracotta Handpainted Statement Jewelry Set,Jewelry,510.0,1400,1800,800,synthetic_benchmark
Handwoven Woolen Kashmiri Pashmina Shawl,Handloom Textile,1750.0,3700,4700,2550,synthetic_benchmark
Classic Premium 60W Fast Charging Laptop Charger Power Adapter,Electronics,1080.0,2200,2600,1600,synthetic_benchmark
Handcrafted Beaded Semi-Precious Stone Bracelet,Jewelry,2200.0,8500,9700,3200,synthetic_benchmark
Premium Zardozi Work Hand-Embroidered Velvet Clutch Bag,Embroidery,980.0,2450,3250,1450,synthetic_benchmark
Handloom Pure Silk Banarasi Saree with Zari Border,Handloom Textile,1480.0,4600,5750,2150,synthetic_benchmark
Sandalwood Carved Incense Stick Holder,Woodwork,1180.0,3150,3900,1750,synthetic_benchmark
Premium Sculpted Clay Floral Vase with Rustic Finish,Pottery & Clay,280.0,650,800,500,synthetic_benchmark
Deluxe Artisan Ceramic Planter with Drainage Plate,Pottery & Clay,180.0,650,850,350,synthetic_benchmark
Handmade Mango Wood Candle Stand Pair,Woodwork,930.0,2350,3000,1400,synthetic_benchmark
Classic Handloom Sambalpuri Silk Traditional Saree,Handloom Textile,3250.0,6300,7200,4650,synthetic_benchmark
Traditional Handpainted Clay Diya Festive Set,Pottery & Clay,150.0,650,850,300,synthetic_benchmark
Eco-Friendly Handmade Brass Meenakari Enamel Bangles Set,Jewelry,590.0,2150,2400,950,synthetic_benchmark
Intricately Carved Wooden Jewellery Box with Brass Inlay,Woodwork,900.0,2700,3250,1350,synthetic_benchmark
Premium 60W Fast Charging Laptop Charger Power Adapter,Electronics,1030.0,2750,3600,1550,synthetic_benchmark
Handcrafted Walnut Wood Decorative Serving Tray,Woodwork,820.0,2900,3750,1250,synthetic_benchmark
Pure Bronze Kansa Serving Bowls Set of 2,Metalwork,810.0,1900,2300,1250,synthetic_benchmark
Vintage 100W Type-C Heavy Duty Braided Charging Cable 2m,Electronics,860.0,1500,1850,1300,synthetic_benchmark
45W Type-C Fast Charger for Ultrasharp Laptops,Electronics,390.0,1050,1150,650,synthetic_benchmark
Handmade Brass Pooja Bell with Peacock Handle,Metalwork,910.0,2150,2850,1350,synthetic_benchmark
Exquisite 7-in-1 Aluminium USB-C Multiport Hub Adapter,Electronics,830.0,2050,2700,1250,synthetic_benchmark
Custom Dhokra Brass Hand-Cast Tribal Figurine,Metalwork,1430.0,3250,3950,2100,synthetic_benchmark
65W GaN USB-C Fast Charger with Foldable Plug,Electronics,750.0,2050,2400,1150,synthetic_benchmark
Carved Sheesham Wood Elephant Figurine,Woodwork,1050.0,3350,4150,1550,synthetic_benchmark
Mirror Work Kutch Embroidered Wall Tapestry,Embroidery,900.0,3000,4000,1350,synthetic_benchmark
Premium Antique Finish Pure Copper Water Bottle (1 Litre),Metalwork,1690.0,4250,4800,2450,synthetic_benchmark
Artisan Handcrafted Oxidised 925 Silver Tribal Choker Necklace,Jewelry,310.0,1050,1200,550,synthetic_benchmark
Carved Sheesham Wood Elephant Figurine,Woodwork,630.0,1600,1900,1000,synthetic_benchmark
Exquisite Handmade Teak Wood Kitchen Spatula & Spoon Set,Woodwork,210.0,900,1200,400,synthetic_benchmark
Handmade Clay Kulhad Chai Cups Set of 6,Pottery & Clay,370.0,850,1050,600,synthetic_benchmark
Organic Handloom Linen Scarf with Tassels,Handloom Textile,3450.0,8600,10300,4950,synthetic_benchmark
Artisan Sandalwood Carved Incense Stick Holder,Woodwork,210.0,750,950,400,synthetic_benchmark
Handmade Terracotta Decorative Wall Hanging,Pottery & Clay,130.0,550,700,300,synthetic_benchmark
Hand-Beaten Brass Dining Platter Thali Set,Metalwork,430.0,1250,1600,700,synthetic_benchmark
Handwoven Cotton Chanderi Dupatta with Booti Work,Handloom Textile,2770.0,6200,7700,4000,synthetic_benchmark
Vintage Hand-Stitched Patchwork Quilt Throw Blanket,Embroidery,740.0,2300,2900,1150,synthetic_benchmark
Handmade Brass Meenakari Enamel Bangles Set,Jewelry,300.0,900,1200,500,synthetic_benchmark
Artisan Glazed Ceramic Dining Soup Bowls Set of 4,Pottery & Clay,260.0,950,1200,450,synthetic_benchmark
Authentic Kantha Stitch Embroidered Cotton Cushion Covers Pair,Embroidery,280.0,950,1200,500,synthetic_benchmark
Traditional Handwoven Woolen Kashmiri Pashmina Shawl,Handloom Textile,3210.0,7250,8250,4600,synthetic_benchmark
Handcrafted Oxidised 925 Silver Tribal Choker Necklace,Jewelry,2170.0,6950,7750,3150,synthetic_benchmark
7-in-1 Aluminium USB-C Multiport Hub Adapter,Electronics,670.0,1550,1900,1050,synthetic_benchmark
Handcrafted Walnut Wood Decorative Serving Tray,Woodwork,390.0,1050,1150,650,synthetic_benchmark
Artisan Glazed Ceramic Dining Soup Bowls Set of 4,Pottery & Clay,210.0,550,700,400,synthetic_benchmark
Handmade Hand-Stitched Patchwork Quilt Throw Blanket,Embroidery,620.0,1950,2400,950,synthetic_benchmark
Handmade Clay Coffee Mugs Set of 2,Pottery & Clay,270.0,750,950,500,synthetic_benchmark
Artisan Handcrafted Walnut Wood Decorative Serving Tray,Woodwork,1130.0,4100,4900,1700,synthetic_benchmark
Handloom Pure Silk Banarasi Saree with Zari Border,Handloom Textile,2630.0,8250,10100,3800,synthetic_benchmark
Exquisite Dhokra Brass Hand-Cast Tribal Figurine,Metalwork,1690.0,3700,4400,2450,synthetic_benchmark
Premium Sandalwood Carved Incense Stick Holder,Woodwork,450.0,1150,1300,750,synthetic_benchmark
Vintage Handmade Brass Diya Oil Lamp Hanging,Metalwork,310.0,1150,1300,550,synthetic_benchmark
Authentic Kanjivaram Silk Festive Saree,Handloom Textile,570.0,1500,1800,900,synthetic_benchmark
Handcrafted Terracotta Water Pitcher with Traditional Lid,Pottery & Clay,220.0,500,650,400,synthetic_benchmark
Deluxe Artisan Glazed Ceramic Dining Soup Bowls Set of 4,Pottery & Clay,90.0,450,550,250,synthetic_benchmark
Traditional Artisan Glazed Ceramic Dining Soup Bowls Set of 4,Pottery & Clay,60.0,250,300,200,synthetic_benchmark
Handmade Kundan & Pearl Jhumka Earrings,Jewelry,1150.0,2800,3350,1700,synthetic_benchmark
Deluxe Handmade Brass Pooja Bell with Peacock Handle,Metalwork,1430.0,3200,3750,2100,synthetic_benchmark
Ergonomic Wireless Silent Optical Mouse,Electronics,1200.0,3150,4100,1800,synthetic_benchmark
Traditional Artisan Filigree Pure Silver Toe Rings Pair,Jewelry,1750.0,5600,7500,2550,synthetic_benchmark
Handcrafted Handmade Brass Meenakari Enamel Bangles Set,Jewelry,1570.0,5450,7250,2300,synthetic_benchmark
Traditional Jamdani Cotton Saree,Handloom Textile,3260.0,9500,12000,4650,synthetic_benchmark
Handmade Teak Wood Kitchen Spatula & Spoon Set,Woodwork,1130.0,2650,3150,1700,synthetic_benchmark
Authentic Handwoven Cotton Chanderi Dupatta with Booti Work,Handloom Textile,2020.0,4200,5100,2950,synthetic_benchmark
Handmade Crocheted Cotton Baby Blanket,Embroidery,230.0,1050,1200,400,synthetic_benchmark
Handmade Clay Coffee Mugs Set of 2,Pottery & Clay,120.0,600,700,250,synthetic_benchmark
Carved Sheesham Wood Elephant Figurine,Woodwork,770.0,2550,2850,1200,synthetic_benchmark
Exquisite Intricately Carved Wooden Jewellery Box with Brass Inlay,Woodwork,900.0,2400,3100,1350,synthetic_benchmark
Authentic Kanjivaram Silk Festive Saree,Handloom Textile,690.0,1600,2100,1050,synthetic_benchmark
Handmade Clay Kulhad Chai Cups Set of 6,Pottery & Clay,320.0,1050,1300,550,synthetic_benchmark
Handmade Brass Diya Oil Lamp Hanging,Metalwork,750.0,2550,3200,1150,synthetic_benchmark
Handcrafted Beaded Semi-Precious Stone Bracelet,Jewelry,1540.0,5450,7150,2250,synthetic_benchmark
Authentic USB-C to Lightning Braided Fast Sync Cable,Electronics,650.0,1300,1550,1000,synthetic_benchmark
Mirror Work Kutch Embroidered Wall Tapestry,Embroidery,930.0,2500,3200,1400,synthetic_benchmark
Phulkari Hand-Embroidered Traditional Dupatta,Embroidery,550.0,1650,1900,850,synthetic_benchmark
Handcrafted Beaded Semi-Precious Stone Bracelet,Jewelry,480.0,2100,2400,750,synthetic_benchmark
Deluxe 10000mAh Magnetic Wireless Power Bank Fast Charge,Electronics,1190.0,2350,2800,1750,synthetic_benchmark
Exquisite Handmade Brass Pooja Bell with Peacock Handle,Metalwork,410.0,1450,1800,650,synthetic_benchmark
Authentic Hand-Embroidered Chikankari Cotton Kurti,Embroidery,800.0,2400,2900,1200,synthetic_benchmark
Organic Handloom Linen Scarf with Tassels,Handloom Textile,2080.0,4200,5250,3000,synthetic_benchmark
Intricately Carved Wooden Jewellery Box with Brass Inlay,Woodwork,490.0,1600,2000,800,synthetic_benchmark
Noise Cancelling Over-Ear Studio Headphones,Electronics,840.0,1600,2000,1300,synthetic_benchmark
Handmade Brass Diya Oil Lamp Hanging,Metalwork,880.0,2300,2800,1350,synthetic_benchmark
Vintage Handmade Clay Coffee Mugs Set of 2,Pottery & Clay,200.0,650,850,400,synthetic_benchmark
Vintage Handmade Kundan & Pearl Jhumka Earrings,Jewelry,2290.0,8250,11000,3300,synthetic_benchmark
Traditional Handloom Sambalpuri Silk Traditional Saree,Handloom Textile,2160.0,4500,6050,3100,synthetic_benchmark
Handmade Handloom Sambalpuri Silk Traditional Saree,Handloom Textile,1950.0,4900,6550,2850,synthetic_benchmark
Eco-Friendly Handmade Clay Kulhad Chai Cups Set of 6,Pottery & Clay,270.0,800,1050,500,synthetic_benchmark
Artisan Glazed Ceramic Dining Soup Bowls Set of 4,Pottery & Clay,200.0,600,750,400,synthetic_benchmark
Ergonomic Wireless Silent Optical Mouse,Electronics,800.0,1800,2300,1200,synthetic_benchmark
Premium 60W Fast Charging Laptop Charger Power Adapter,Electronics,890.0,2200,2750,1350,synthetic_benchmark
Authentic Pure Bronze Kansa Serving Bowls Set of 2,Metalwork,830.0,2350,2850,1250,synthetic_benchmark
Vintage Artisan Glazed Ceramic Dining Soup Bowls Set of 4,Pottery & Clay,250.0,900,1150,450,synthetic_benchmark
Deluxe 7-in-1 Aluminium USB-C Multiport Hub Adapter,Electronics,440.0,1000,1100,700,synthetic_benchmark
Handcrafted Beaded Semi-Precious Stone Bracelet,Jewelry,1350.0,4800,5550,2000,synthetic_benchmark
Handmade Brass Pooja Bell with Peacock Handle,Metalwork,1020.0,2950,3250,1550,synthetic_benchmark
Exquisite Handmade Kundan & Pearl Jhumka Earrings,Jewelry,250.0,1050,1200,450,synthetic_benchmark
Sandalwood Carved Incense Stick Holder,Woodwork,240.0,600,750,450,synthetic_benchmark
Handcrafted Oxidised 925 Silver Tribal Choker Necklace,Jewelry,2090.0,7100,9250,3050,synthetic_benchmark
Eco-Friendly Kantha Stitch Embroidered Cotton Cushion Covers Pair,Embroidery,190.0,750,950,350,synthetic_benchmark
Deluxe Handspun Cotton Table Runner with Tribal Motifs,Handloom Textile,1460.0,2800,3750,2150,synthetic_benchmark
Handmade Soft Stuffed Bunny Toy Holding a Carrot,Embroidery,960.0,3000,3650,1450,synthetic_benchmark
Ergonomic Wireless Silent Optical Mouse,Electronics,990.0,2550,3250,1500,synthetic_benchmark
Classic Mirror Work Kutch Embroidered Wall Tapestry,Embroidery,620.0,1950,2250,950,synthetic_benchmark
Handcrafted Terracotta Water Pitcher with Traditional Lid,Pottery & Clay,280.0,650,750,500,synthetic_benchmark
45W Type-C Fast Charger for Ultrasharp Laptops,Electronics,860.0,1800,2100,1300,synthetic_benchmark
Exquisite Premium 60W Fast Charging Laptop Charger Power Adapter,Electronics,1350.0,3500,4200,2000,synthetic_benchmark
Artisan Ceramic Planter with Drainage Plate,Pottery & Clay,150.0,650,800,300,synthetic_benchmark
Handmade Brass Diya Oil Lamp Hanging,Metalwork,940.0,2300,3000,1400,synthetic_benchmark
7-in-1 Aluminium USB-C Multiport Hub Adapter,Electronics,690.0,1400,1650,1050,synthetic_benchmark
Artisan Glazed Ceramic Dining Soup Bowls Set of 4,Pottery & Clay,330.0,950,1200,550,synthetic_benchmark
Traditional Handmade Brass Meenakari Enamel Bangles Set,Jewelry,2010.0,6400,7200,2900,synthetic_benchmark
Handcrafted Traditional Temple Jewelry Gold Plated Pendant,Jewelry,1040.0,2600,3300,1550,synthetic_benchmark
Handmade USB-C to Lightning Braided Fast Sync Cable,Electronics,630.0,1600,1800,1000,synthetic_benchmark
Premium Antique Finish Pure Copper Water Bottle (1 Litre),Metalwork,330.0,1150,1500,550,synthetic_benchmark
Custom Hand-Beaten Brass Dining Platter Thali Set,Metalwork,1410.0,4100,5300,2050,synthetic_benchmark
Khadi Cotton Handloom Kurta for Men,Handloom Textile,2210.0,6650,8200,3200,synthetic_benchmark
Pochampally Ikat Handwoven Saree,Handloom Textile,2450.0,5650,6400,3550,synthetic_benchmark
Classic Handmade Brass Diya Oil Lamp Hanging,Metalwork,570.0,2050,2450,900,synthetic_benchmark
Eco-Friendly Handloom Sambalpuri Silk Traditional Saree,Handloom Textile,380.0,950,1050,650,synthetic_benchmark
Traditional Mirror Work Kutch Embroidered Wall Tapestry,Embroidery,570.0,1850,2400,900,synthetic_benchmark
Custom Handcrafted Bamboo Wood Bluetooth Wireless Speaker,Electronics,580.0,1050,1300,900,synthetic_benchmark
Exquisite Handcrafted Oxidised 925 Silver Tribal Choker Necklace,Jewelry,810.0,3000,3800,1250,synthetic_benchmark
100W Type-C Heavy Duty Braided Charging Cable 2m,Electronics,1220.0,3150,3850,1800,synthetic_benchmark
Artisan Filigree Pure Silver Toe Rings Pair,Jewelry,1880.0,6150,7450,2750,synthetic_benchmark
Dhokra Brass Hand-Cast Tribal Figurine,Metalwork,660.0,2250,3000,1000,synthetic_benchmark
Antique Finish Pure Copper Water Bottle (1 Litre),Metalwork,370.0,1150,1350,600,synthetic_benchmark
Earthen Clay Cooking Handi Pot,Pottery & Clay,150.0,700,900,300,synthetic_benchmark
Premium Handloom Sambalpuri Silk Traditional Saree,Handloom Textile,1370.0,4700,5400,2000,synthetic_benchmark
Authentic Handwoven Woolen Kashmiri Pashmina Shawl,Handloom Textile,2500.0,8000,10550,3600,synthetic_benchmark
Traditional Temple Jewelry Gold Plated Pendant,Jewelry,710.0,3200,3600,1100,synthetic_benchmark
Handspun Cotton Table Runner with Tribal Motifs,Handloom Textile,1100.0,3200,3600,1650,synthetic_benchmark
Classic Antique Finish Pure Copper Water Bottle (1 Litre),Metalwork,1090.0,2450,2700,1650,synthetic_benchmark
Khadi Cotton Handloom Kurta for Men,Handloom Textile,1540.0,4450,5750,2250,synthetic_benchmark
Premium 100W Type-C Heavy Duty Braided Charging Cable 2m,Electronics,860.0,1650,2050,1300,synthetic_benchmark
45W Type-C Fast Charger for Ultrasharp Laptops,Electronics,1110.0,2750,3100,1650,synthetic_benchmark
Eco-Friendly Pure Bronze Kansa Serving Bowls Set of 2,Metalwork,1020.0,2750,3450,1550,synthetic_benchmark
Deluxe Artisan Filigree Pure Silver Toe Rings Pair,Jewelry,530.0,2350,3000,850,synthetic_benchmark
Dhokra Brass Hand-Cast Tribal Figurine,Metalwork,940.0,2950,3750,1400,synthetic_benchmark
45W Type-C Fast Charger for Ultrasharp Laptops,Electronics,1350.0,3350,3700,2000,synthetic_benchmark
Vintage Mirror Work Kutch Embroidered Wall Tapestry,Embroidery,670.0,2000,2300,1050,synthetic_benchmark
Hand-Stitched Patchwork Quilt Throw Blanket,Embroidery,830.0,2800,3650,1250,synthetic_benchmark
Handmade Mango Wood Candle Stand Pair,Woodwork,270.0,1000,1150,500,synthetic_benchmark
65W GaN USB-C Fast Charger with Foldable Plug,Electronics,400.0,1150,1400,650,synthetic_benchmark
Custom Handmade Clay Kulhad Chai Cups Set of 6,Pottery & Clay,230.0,750,1000,400,synthetic_benchmark
Artisan Ceramic Planter with Drainage Plate,Pottery & Clay,160.0,600,800,300,synthetic_benchmark
Handmade Wooden Coaster Set of 6 with Stand,Woodwork,1160.0,2700,3300,1700,synthetic_benchmark
Handloom Sambalpuri Silk Traditional Saree,Handloom Textile,1440.0,4100,4800,2100,synthetic_benchmark
Handmade Soft Stuffed Bunny Toy Holding a Carrot,Embroidery,200.0,750,1000,400,synthetic_benchmark
Eco-Friendly Artisan Ceramic Planter with Drainage Plate,Pottery & Clay,270.0,850,1000,500,synthetic_benchmark
Noise Cancelling Over-Ear Studio Headphones,Electronics,1170.0,2200,2700,1750,synthetic_benchmark
Eco-Friendly Handmade Wooden Coaster Set of 6 with Stand,Woodwork,1200.0,3650,4900,1800,synthetic_benchmark
Deluxe Handmade Crocheted Cotton Baby Blanket,Embroidery,430.0,1400,1650,700,synthetic_benchmark
Hand-Beaten Brass Dining Platter Thali Set,Metalwork,1400.0,4450,5550,2050,synthetic_benchmark
Handmade Artisan Filigree Pure Silver Toe Rings Pair,Jewelry,2070.0,8500,9650,3000,synthetic_benchmark
Dhokra Brass Hand-Cast Tribal Figurine,Metalwork,1280.0,3300,4100,1900,synthetic_benchmark
Handcrafted Artisan Glazed Ceramic Dining Soup Bowls Set of 4,Pottery & Clay,330.0,1100,1450,550,synthetic_benchmark
Pure Bronze Kansa Serving Bowls Set of 2,Metalwork,1590.0,4100,4850,2350,synthetic_benchmark
Sandalwood Carved Incense Stick Holder,Woodwork,850.0,1950,2200,1300,synthetic_benchmark
Pochampally Ikat Handwoven Saree,Handloom Textile,750.0,2550,3100,1150,synthetic_benchmark
Custom Handmade Clay Coffee Mugs Set of 2,Pottery & Clay,260.0,900,1150,450,synthetic_benchmark
Intricately Carved Wooden Jewellery Box with Brass Inlay,Woodwork,1070.0,3450,4350,1600,synthetic_benchmark
Premium Handmade Brass Pooja Bell with Peacock Handle,Metalwork,1150.0,3000,3700,1700,synthetic_benchmark
65W GaN USB-C Fast Charger with Foldable Plug,Electronics,1250.0,2650,3400,1850,synthetic_benchmark
Handmade Premium 60W Fast Charging Laptop Charger Power Adapter,Electronics,1030.0,2250,2650,1550,synthetic_benchmark
Earthen Clay Cooking Handi Pot,Pottery & Clay,330.0,900,1100,550,synthetic_benchmark
Artisan Terracotta Handpainted Statement Jewelry Set,Jewelry,2360.0,8500,10500,3400,synthetic_benchmark
Deluxe Artisan Ceramic Planter with Drainage Plate,Pottery & Clay,70.0,400,500,200,synthetic_benchmark
Eco-Friendly Handmade Mango Wood Candle Stand Pair,Woodwork,220.0,750,1000,400,synthetic_benchmark
Handmade Brass Meenakari Enamel Bangles Set,Jewelry,1590.0,5350,6050,2350,synthetic_benchmark
Handmade Brass Diya Oil Lamp Hanging,Metalwork,1050.0,2500,3250,1550,synthetic_benchmark
Dhokra Brass Hand-Cast Tribal Figurine,Metalwork,1630.0,4000,5150,2400,synthetic_benchmark
Carved Sheesham Wood Elephant Figurine,Woodwork,370.0,1300,1450,600,synthetic_benchmark
Phulkari Hand-Embroidered Traditional Dupatta,Embroidery,520.0,1850,2300,850,synthetic_benchmark
Authentic Traditional Handpainted Clay Diya Festive Set,Pottery & Clay,230.0,650,700,400,synthetic_benchmark
Authentic Kanjivaram Silk Festive Saree,Handloom Textile,1420.0,3250,4200,2100,synthetic_benchmark
Noise Cancelling Over-Ear Studio Headphones,Electronics,620.0,1200,1450,950,synthetic_benchmark
Pochampally Ikat Handwoven Saree,Handloom Textile,2110.0,4550,5100,3050,synthetic_benchmark
Handmade Artisan Filigree Pure Silver Toe Rings Pair,Jewelry,610.0,2000,2450,950,synthetic_benchmark
Premium Mirror Work Kutch Embroidered Wall Tapestry,Embroidery,420.0,1600,1900,700,synthetic_benchmark
Intricately Carved Wooden Jewellery Box with Brass Inlay,Woodwork,900.0,3250,4300,1350,synthetic_benchmark
Handcrafted Beaded Semi-Precious Stone Bracelet,Jewelry,870.0,2300,2800,1300,synthetic_benchmark
Authentic Traditional Jamdani Cotton Saree,Handloom Textile,760.0,2500,3350,1150,synthetic_benchmark
Handmade Terracotta Handpainted Statement Jewelry Set,Jewelry,530.0,1750,2300,850,synthetic_benchmark
Hand-Beaten Brass Dining Platter Thali Set,Metalwork,1400.0,2900,3900,2050,synthetic_benchmark
Handcrafted Beaded Semi-Precious Stone Bracelet,Jewelry,2250.0,4800,5600,3250,synthetic_benchmark
Handloom Pure Silk Banarasi Saree with Zari Border,Handloom Textile,1820.0,5100,6050,2650,synthetic_benchmark
Handwoven Woolen Kashmiri Pashmina Shawl,Handloom Textile,1890.0,5100,6250,2750,synthetic_benchmark
Custom Handmade Wooden Coaster Set of 6 with Stand,Woodwork,1010.0,2600,3200,1500,synthetic_benchmark
Traditional Handpainted Clay Diya Festive Set,Pottery & Clay,270.0,900,1100,500,synthetic_benchmark
Intricately Carved Wooden Jewellery Box with Brass Inlay,Woodwork,1040.0,2900,3900,1550,synthetic_benchmark
Antique Finish Pure Copper Water Bottle (1 Litre),Metalwork,370.0,1200,1600,600,synthetic_benchmark
Organic Handloom Linen Scarf with Tassels,Handloom Textile,2490.0,4900,6150,3600,synthetic_benchmark
Handmade Handcrafted Oxidised 925 Silver Tribal Choker Necklace,Jewelry,1140.0,4500,6000,1700,synthetic_benchmark
Dhokra Brass Hand-Cast Tribal Figurine,Metalwork,970.0,2250,2550,1450,synthetic_benchmark
Handwoven Cotton Chanderi Dupatta with Booti Work,Handloom Textile,510.0,1650,2200,800,synthetic_benchmark
Handmade Brass Meenakari Enamel Bangles Set,Jewelry,1260.0,3450,4100,1850,synthetic_benchmark
Handmade Kundan & Pearl Jhumka Earrings,Jewelry,890.0,2850,3300,1350,synthetic_benchmark
Handloom Sambalpuri Silk Traditional Saree,Handloom Textile,2060.0,5350,6750,3000,synthetic_benchmark
Phulkari Hand-Embroidered Traditional Dupatta,Embroidery,220.0,800,1050,400,synthetic_benchmark
Vintage Cast Iron Artisan Skillet Fry Pan,Metalwork,1330.0,4350,4800,1950,synthetic_benchmark
65W GaN USB-C Fast Charger with Foldable Plug,Electronics,1030.0,2250,3050,1550,synthetic_benchmark
Handloom Sambalpuri Silk Traditional Saree,Handloom Textile,1000.0,2100,2550,1500,synthetic_benchmark
Terracotta Handpainted Statement Jewelry Set,Jewelry,1510.0,5350,6400,2200,synthetic_benchmark
Zardozi Work Hand-Embroidered Velvet Clutch Bag,Embroidery,810.0,2300,2800,1250,synthetic_benchmark
Traditional Artisan Filigree Pure Silver Toe Rings Pair,Jewelry,1520.0,4300,5450,2250,synthetic_benchmark
Artisan Ceramic Planter with Drainage Plate,Pottery & Clay,280.0,600,700,500,synthetic_benchmark
Handmade Terracotta Decorative Wall Hanging,Pottery & Clay,260.0,650,750,450,synthetic_benchmark
Pure Bronze Kansa Serving Bowls Set of 2,Metalwork,480.0,1200,1600,750,synthetic_benchmark
Vintage 100W Type-C Heavy Duty Braided Charging Cable 2m,Electronics,790.0,1750,2250,1200,synthetic_benchmark
Handcrafted Beaded Semi-Precious Stone Bracelet,Jewelry,2260.0,5200,6100,3250,synthetic_benchmark
Khadi Cotton Handloom Kurta for Men,Handloom Textile,630.0,1900,2550,1000,synthetic_benchmark
Artisan Filigree Pure Silver Toe Rings Pair,Jewelry,1050.0,3000,3800,1550,synthetic_benchmark
Phulkari Hand-Embroidered Traditional Dupatta,Embroidery,460.0,1350,1800,750,synthetic_benchmark
Sandalwood Carved Incense Stick Holder,Woodwork,180.0,700,800,350,synthetic_benchmark
Handmade Clay Coffee Mugs Set of 2,Pottery & Clay,240.0,800,950,450,synthetic_benchmark
Handmade Crocheted Cotton Baby Blanket,Embroidery,210.0,700,800,400,synthetic_benchmark
Eco-Friendly Handmade Brass Diya Oil Lamp Hanging,Metalwork,1700.0,4800,6300,2500,synthetic_benchmark
Artisan Handcrafted Walnut Wood Decorative Serving Tray,Woodwork,670.0,1950,2400,1050,synthetic_benchmark
Handmade Kundan & Pearl Jhumka Earrings,Jewelry,1990.0,8150,9750,2900,synthetic_benchmark
Artisan Ceramic Planter with Drainage Plate,Pottery & Clay,350.0,1000,1300,600,synthetic_benchmark
Handmade Clay Kulhad Chai Cups Set of 6,Pottery & Clay,130.0,500,650,300,synthetic_benchmark
Dhokra Brass Hand-Cast Tribal Figurine,Metalwork,1500.0,3900,4400,2200,synthetic_benchmark
Handmade Organic Handloom Linen Scarf with Tassels,Handloom Textile,1440.0,4300,5600,2100,synthetic_benchmark
100W Type-C Heavy Duty Braided Charging Cable 2m,Electronics,970.0,1900,2100,1450,synthetic_benchmark
Handcrafted 10000mAh Magnetic Wireless Power Bank Fast Charge,Electronics,950.0,2050,2500,1450,synthetic_benchmark
Exquisite Sculpted Clay Floral Vase with Rustic Finish,Pottery & Clay,290.0,850,1000,500,synthetic_benchmark
Handmade Handcrafted Oxidised 925 Silver Tribal Choker Necklace,Jewelry,1330.0,3700,4750,1950,synthetic_benchmark
Classic Handcrafted Oxidised 925 Silver Tribal Choker Necklace,Jewelry,1670.0,6800,8650,2450,synthetic_benchmark
Classic Pure Bronze Kansa Serving Bowls Set of 2,Metalwork,1350.0,4200,5600,2000,synthetic_benchmark
Traditional Jamdani Cotton Saree,Handloom Textile,1230.0,2900,3700,1800,synthetic_benchmark
Premium Noise Cancelling Over-Ear Studio Headphones,Electronics,870.0,1700,2100,1300,synthetic_benchmark
Handmade Brass Diya Oil Lamp Hanging,Metalwork,620.0,1800,2400,950,synthetic_benchmark
Custom Handcrafted Oxidised 925 Silver Tribal Choker Necklace,Jewelry,1810.0,4000,5250,2650,synthetic_benchmark
Vintage Artisan Ceramic Planter with Drainage Plate,Pottery & Clay,100.0,500,650,250,synthetic_benchmark
Handcrafted Walnut Wood Decorative Serving Tray,Woodwork,460.0,1550,1950,750,synthetic_benchmark
Custom Artisan Hand-Carved Wooden Wall Panel Relief,Woodwork,620.0,2300,2850,950,synthetic_benchmark
Artisan Glazed Ceramic Dining Soup Bowls Set of 4,Pottery & Clay,160.0,600,800,300,synthetic_benchmark
Classic Traditional Temple Jewelry Gold Plated Pendant,Jewelry,910.0,2750,3450,1350,synthetic_benchmark
Mirror Work Kutch Embroidered Wall Tapestry,Embroidery,840.0,2750,3650,1300,synthetic_benchmark
Premium 60W Fast Charging Laptop Charger Power Adapter,Electronics,320.0,700,800,550,synthetic_benchmark
Deluxe Handmade Brass Meenakari Enamel Bangles Set,Jewelry,1170.0,3500,3950,1750,synthetic_benchmark
Sculpted Clay Floral Vase with Rustic Finish,Pottery & Clay,330.0,900,1000,550,synthetic_benchmark
Terracotta Handpainted Statement Jewelry Set,Jewelry,2370.0,8500,9750,3400,synthetic_benchmark
Pochampally Ikat Handwoven Saree,Handloom Textile,2460.0,5150,5650,3550,synthetic_benchmark
45W Type-C Fast Charger for Ultrasharp Laptops,Electronics,860.0,2200,2500,1300,synthetic_benchmark
Zardozi Work Hand-Embroidered Velvet Clutch Bag,Embroidery,910.0,1750,2050,1350,synthetic_benchmark
Carved Sheesham Wood Elephant Figurine,Woodwork,980.0,2900,3850,1450,synthetic_benchmark
Handcrafted Handwoven Cotton Chanderi Dupatta with Booti Work,Handloom Textile,1570.0,3750,4550,2300,synthetic_benchmark
Eco-Friendly Handmade Mango Wood Candle Stand Pair,Woodwork,920.0,2750,3650,1400,synthetic_benchmark
Handcrafted Handspun Cotton Table Runner with Tribal Motifs,Handloom Textile,650.0,2050,2550,1000,synthetic_benchmark
Handcrafted Handmade Clay Coffee Mugs Set of 2,Pottery & Clay,90.0,300,350,250,synthetic_benchmark
Deluxe Kantha Stitch Embroidered Cotton Cushion Covers Pair,Embroidery,480.0,1250,1650,750,synthetic_benchmark
Eco-Friendly 7-in-1 Aluminium USB-C Multiport Hub Adapter,Electronics,1460.0,2700,3000,2150,synthetic_benchmark
Artisan Handmade Clay Kulhad Chai Cups Set of 6,Pottery & Clay,170.0,700,900,350,synthetic_benchmark
7-in-1 Aluminium USB-C Multiport Hub Adapter,Electronics,730.0,1150,1500,1100,synthetic_benchmark
Handmade Brass Meenakari Enamel Bangles Set,Jewelry,1840.0,7500,9000,2700,synthetic_benchmark
Dhokra Brass Hand-Cast Tribal Figurine,Metalwork,1670.0,4500,5600,2450,synthetic_benchmark
Authentic Handloom Pure Silk Banarasi Saree with Zari Border,Handloom Textile,1500.0,4650,5250,2200,synthetic_benchmark
Handspun Cotton Table Runner with Tribal Motifs,Handloom Textile,2990.0,8000,9350,4300,synthetic_benchmark
Premium Handmade Soft Stuffed Bunny Toy Holding a Carrot,Embroidery,790.0,2650,3200,1200,synthetic_benchmark
Handloom Pure Silk Banarasi Saree with Zari Border,Handloom Textile,1520.0,3700,4750,2250,synthetic_benchmark
Cast Iron Artisan Skillet Fry Pan,Metalwork,500.0,1600,1950,800,synthetic_benchmark
Classic Carved Sheesham Wood Elephant Figurine,Woodwork,730.0,2350,2600,1100,synthetic_benchmark
Handmade Kundan & Pearl Jhumka Earrings,Jewelry,2120.0,7300,9400,3050,synthetic_benchmark
Traditional Temple Jewelry Gold Plated Pendant,Jewelry,1650.0,4550,6000,2400,synthetic_benchmark
Organic Handloom Linen Scarf with Tassels,Handloom Textile,2720.0,5900,7050,3900,synthetic_benchmark
Handcrafted Terracotta Water Pitcher with Traditional Lid,Pottery & Clay,350.0,1100,1350,600,synthetic_benchmark
Mirror Work Kutch Embroidered Wall Tapestry,Embroidery,580.0,1950,2400,900,synthetic_benchmark
Hand-Embroidered Chikankari Cotton Kurti,Embroidery,500.0,1050,1350,800,synthetic_benchmark
Phulkari Hand-Embroidered Traditional Dupatta,Embroidery,790.0,2000,2200,1200,synthetic_benchmark
Handspun Cotton Table Runner with Tribal Motifs,Handloom Textile,2500.0,8050,9350,3600,synthetic_benchmark
Artisan Handmade Clay Kulhad Chai Cups Set of 6,Pottery & Clay,330.0,900,1150,550,synthetic_benchmark
Authentic Artisan Hand-Carved Wooden Wall Panel Relief,Woodwork,220.0,900,1100,400,synthetic_benchmark
Sandalwood Carved Incense Stick Holder,Woodwork,1050.0,3450,4450,1550,synthetic_benchmark
Traditional Handpainted Clay Diya Festive Set,Pottery & Clay,280.0,600,650,500,synthetic_benchmark
Handmade Crocheted Cotton Baby Blanket,Embroidery,250.0,800,1000,450,synthetic_benchmark
Hand-Embroidered Chikankari Cotton Kurti,Embroidery,620.0,1750,1950,950,synthetic_benchmark
Pochampally Ikat Handwoven Saree,Handloom Textile,3360.0,7550,10100,4800,synthetic_benchmark
Handcrafted Handmade Clay Kulhad Chai Cups Set of 6,Pottery & Clay,310.0,1150,1500,550,synthetic_benchmark
Handcrafted Handwoven Woolen Kashmiri Pashmina Shawl,Handloom Textile,2100.0,5800,7350,3050,synthetic_benchmark
Artisan Glazed Ceramic Dining Soup Bowls Set of 4,Pottery & Clay,50.0,350,400,150,synthetic_benchmark
Hand-Embroidered Chikankari Cotton Kurti,Embroidery,450.0,1500,1900,750,synthetic_benchmark
Exquisite Handwoven Cotton Chanderi Dupatta with Booti Work,Handloom Textile,2810.0,8900,10900,4050,synthetic_benchmark
Traditional Artisan Glazed Ceramic Dining Soup Bowls Set of 4,Pottery & Clay,80.0,350,400,200,synthetic_benchmark
Sandalwood Carved Incense Stick Holder,Woodwork,500.0,1600,1800,800,synthetic_benchmark
Hand-Embroidered Chikankari Cotton Kurti,Embroidery,530.0,1800,2350,850,synthetic_benchmark
Sandalwood Carved Incense Stick Holder,Woodwork,600.0,1800,2100,950,synthetic_benchmark
Authentic 7-in-1 Aluminium USB-C Multiport Hub Adapter,Electronics,300.0,550,650,500,synthetic_benchmark
Handmade Handloom Sambalpuri Silk Traditional Saree,Handloom Textile,1710.0,5500,6700,2500,synthetic_benchmark
Handcrafted Oxidised 925 Silver Tribal Choker Necklace,Jewelry,620.0,2150,2400,950,synthetic_benchmark
Pochampally Ikat Handwoven Saree,Handloom Textile,920.0,2750,3300,1400,synthetic_benchmark
Authentic Hand-Stitched Patchwork Quilt Throw Blanket,Embroidery,280.0,950,1100,500,synthetic_benchmark
Handmade Terracotta Decorative Wall Hanging,Pottery & Clay,390.0,1300,1650,650,synthetic_benchmark
Handcrafted Handmade Kundan & Pearl Jhumka Earrings,Jewelry,1930.0,4400,5250,2800,synthetic_benchmark
Khadi Cotton Handloom Kurta for Men,Handloom Textile,3290.0,9400,10700,4700,synthetic_benchmark
Dhokra Brass Hand-Cast Tribal Figurine,Metalwork,880.0,2000,2600,1350,synthetic_benchmark
Premium 60W Fast Charging Laptop Charger Power Adapter,Electronics,300.0,700,950,500,synthetic_benchmark
Intricately Carved Wooden Jewellery Box with Brass Inlay,Woodwork,740.0,2750,3500,1150,synthetic_benchmark
Hand-Embroidered Chikankari Cotton Kurti,Embroidery,700.0,1900,2150,1100,synthetic_benchmark
Handmade Crocheted Cotton Baby Blanket,Embroidery,630.0,2050,2600,1000,synthetic_benchmark
Exquisite Handmade Teak Wood Kitchen Spatula & Spoon Set,Woodwork,1030.0,2550,3350,1550,synthetic_benchmark
Sculpted Clay Floral Vase with Rustic Finish,Pottery & Clay,360.0,1100,1450,600,synthetic_benchmark
Phulkari Hand-Embroidered Traditional Dupatta,Embroidery,540.0,1350,1600,850,synthetic_benchmark
Classic Artisan Glazed Ceramic Dining Soup Bowls Set of 4,Pottery & Clay,180.0,550,700,350,synthetic_benchmark
7-in-1 Aluminium USB-C Multiport Hub Adapter,Electronics,1220.0,2750,3300,1800,synthetic_benchmark
Vintage Kantha Stitch Embroidered Cotton Cushion Covers Pair,Embroidery,770.0,1750,2050,1200,synthetic_benchmark
Authentic Traditional Temple Jewelry Gold Plated Pendant,Jewelry,1890.0,5100,6150,2750,synthetic_benchmark
Artisan Glazed Ceramic Dining Soup Bowls Set of 4,Pottery & Clay,330.0,850,1100,550,synthetic_benchmark
Intricately Carved Wooden Jewellery Box with Brass Inlay,Woodwork,180.0,750,850,350,synthetic_benchmark
Exquisite Ergonomic Wireless Silent Optical Mouse,Electronics,1270.0,2050,2450,1900,synthetic_benchmark
Traditional Ergonomic Wireless Silent Optical Mouse,Electronics,1380.0,3500,4200,2050,synthetic_benchmark
Authentic Artisan Ceramic Planter with Drainage Plate,Pottery & Clay,120.0,550,650,250,synthetic_benchmark
Handcrafted Beaded Semi-Precious Stone Bracelet,Jewelry,1640.0,4100,4750,2400,synthetic_benchmark
Handcrafted Walnut Wood Decorative Serving Tray,Woodwork,160.0,850,1150,300,synthetic_benchmark
Phulkari Hand-Embroidered Traditional Dupatta,Embroidery,440.0,1400,1800,700,synthetic_benchmark
Pure Bronze Kansa Serving Bowls Set of 2,Metalwork,1740.0,4050,4800,2550,synthetic_benchmark
Intricately Carved Wooden Jewellery Box with Brass Inlay,Woodwork,410.0,1050,1200,650,synthetic_benchmark
Handcrafted Terracotta Water Pitcher with Traditional Lid,Pottery & Clay,180.0,600,800,350,synthetic_benchmark
Artisan Hand-Carved Wooden Wall Panel Relief,Woodwork,620.0,2150,2650,950,synthetic_benchmark
Eco-Friendly Khadi Cotton Handloom Kurta for Men,Handloom Textile,3380.0,9500,12200,4850,synthetic_benchmark
Deluxe Organic Handloom Linen Scarf with Tassels,Handloom Textile,780.0,1950,2250,1200,synthetic_benchmark
Handmade Brass Pooja Bell with Peacock Handle,Metalwork,380.0,850,950,650,synthetic_benchmark
Noise Cancelling Over-Ear Studio Headphones,Electronics,830.0,1950,2300,1250,synthetic_benchmark
Zardozi Work Hand-Embroidered Velvet Clutch Bag,Embroidery,410.0,1350,1550,650,synthetic_benchmark
Hand-Embroidered Chikankari Cotton Kurti,Embroidery,600.0,1350,1600,950,synthetic_benchmark
USB-C to Lightning Braided Fast Sync Cable,Electronics,830.0,1700,2050,1250,synthetic_benchmark
Exquisite Handmade Brass Meenakari Enamel Bangles Set,Jewelry,1540.0,6200,7100,2250,synthetic_benchmark
Deluxe Handmade Mango Wood Candle Stand Pair,Woodwork,850.0,2200,2850,1300,synthetic_benchmark
Traditional Temple Jewelry Gold Plated Pendant,Jewelry,870.0,2200,2450,1300,synthetic_benchmark
Handwoven Cotton Chanderi Dupatta with Booti Work,Handloom Textile,1680.0,5500,6450,2450,synthetic_benchmark
Handmade Brass Pooja Bell with Peacock Handle,Metalwork,1090.0,2550,2900,1650,synthetic_benchmark
Authentic 10000mAh Magnetic Wireless Power Bank Fast Charge,Electronics,730.0,1450,1800,1100,synthetic_benchmark
Deluxe Handcrafted Oxidised 925 Silver Tribal Choker Necklace,Jewelry,710.0,2000,2400,1100,synthetic_benchmark
Handcrafted Oxidised 925 Silver Tribal Choker Necklace,Jewelry,1530.0,5000,6500,2250,synthetic_benchmark
Eco-Friendly Artisan Ceramic Planter with Drainage Plate,Pottery & Clay,270.0,800,950,500,synthetic_benchmark
Pochampally Ikat Handwoven Saree,Handloom Textile,1920.0,4050,5300,2800,synthetic_benchmark
Traditional Temple Jewelry Gold Plated Pendant,Jewelry,420.0,1100,1300,700,synthetic_benchmark
7-in-1 Aluminium USB-C Multiport Hub Adapter,Electronics,1250.0,3100,3500,1850,synthetic_benchmark
100W Type-C Heavy Duty Braided Charging Cable 2m,Electronics,280.0,800,1100,500,synthetic_benchmark
Deluxe Handloom Sambalpuri Silk Traditional Saree,Handloom Textile,1170.0,2450,2700,1750,synthetic_benchmark
Handcrafted Noise Cancelling Over-Ear Studio Headphones,Electronics,760.0,1750,2350,1150,synthetic_benchmark
Khadi Cotton Handloom Kurta for Men,Handloom Textile,2280.0,5700,7000,3300,synthetic_benchmark
Artisan Glazed Ceramic Dining Soup Bowls Set of 4,Pottery & Clay,320.0,1050,1300,550,synthetic_benchmark
Handmade Noise Cancelling Over-Ear Studio Headphones,Electronics,690.0,1600,1850,1050,synthetic_benchmark
10000mAh Magnetic Wireless Power Bank Fast Charge,Electronics,740.0,2000,2650,1150,synthetic_benchmark
Traditional Handcrafted Beaded Semi-Precious Stone Bracelet,Jewelry,850.0,2100,2350,1300,synthetic_benchmark
USB-C to Lightning Braided Fast Sync Cable,Electronics,510.0,1150,1350,800,synthetic_benchmark
Handmade USB-C to Lightning Braided Fast Sync Cable,Electronics,760.0,1400,1650,1150,synthetic_benchmark
Carved Sheesham Wood Elephant Figurine,Woodwork,860.0,2450,2800,1300,synthetic_benchmark
Deluxe Hand-Embroidered Chikankari Cotton Kurti,Embroidery,870.0,2200,2650,1300,synthetic_benchmark
Terracotta Handpainted Statement Jewelry Set,Jewelry,340.0,1450,1950,600,synthetic_benchmark
Traditional Temple Jewelry Gold Plated Pendant,Jewelry,1350.0,3650,4350,2000,synthetic_benchmark
Handmade Teak Wood Kitchen Spatula & Spoon Set,Woodwork,420.0,1650,1900,700,synthetic_benchmark
Eco-Friendly 100W Type-C Heavy Duty Braided Charging Cable 2m,Electronics,390.0,1050,1350,650,synthetic_benchmark
Vintage Carved Sheesham Wood Elephant Figurine,Woodwork,520.0,1600,2050,850,synthetic_benchmark
Handcrafted Terracotta Water Pitcher with Traditional Lid,Pottery & Clay,60.0,450,500,200,synthetic_benchmark
10000mAh Magnetic Wireless Power Bank Fast Charge,Electronics,560.0,1300,1700,900,synthetic_benchmark
Handcrafted Oxidised 925 Silver Tribal Choker Necklace,Jewelry,1940.0,5050,5850,2800,synthetic_benchmark
Handcrafted Oxidised 925 Silver Tribal Choker Necklace,Jewelry,1240.0,3350,4400,1850,synthetic_benchmark
Eco-Friendly Hand-Stitched Patchwork Quilt Throw Blanket,Embroidery,550.0,1550,1750,850,synthetic_benchmark
Pochampally Ikat Handwoven Saree,Handloom Textile,2020.0,5250,6750,2950,synthetic_benchmark
45W Type-C Fast Charger for Ultrasharp Laptops,Electronics,850.0,2100,2800,1300,synthetic_benchmark
Authentic Carved Sheesham Wood Elephant Figurine,Woodwork,1010.0,3600,4250,1500,synthetic_benchmark
Artisan Ceramic Planter with Drainage Plate,Pottery & Clay,280.0,800,1050,500,synthetic_benchmark
Artisan Terracotta Handpainted Statement Jewelry Set,Jewelry,1430.0,3950,5150,2100,synthetic_benchmark
Deluxe Traditional Handpainted Clay Diya Festive Set,Pottery & Clay,370.0,1000,1350,600,synthetic_benchmark
Handmade Clay Kulhad Chai Cups Set of 6,Pottery & Clay,320.0,1050,1200,550,synthetic_benchmark
Cast Iron Artisan Skillet Fry Pan,Metalwork,980.0,2500,3250,1450,synthetic_benchmark
Handcrafted Terracotta Handpainted Statement Jewelry Set,Jewelry,240.0,1050,1300,450,synthetic_benchmark
Exquisite Organic Handloom Linen Scarf with Tassels,Handloom Textile,3210.0,7450,8550,4600,synthetic_benchmark
Handmade Brass Diya Oil Lamp Hanging,Metalwork,1440.0,4400,5500,2100,synthetic_benchmark
Handmade Mango Wood Candle Stand Pair,Woodwork,610.0,1700,2250,950,synthetic_benchmark
Premium Zardozi Work Hand-Embroidered Velvet Clutch Bag,Embroidery,310.0,1050,1400,550,synthetic_benchmark
Exquisite Kantha Stitch Embroidered Cotton Cushion Covers Pair,Embroidery,770.0,1850,2050,1200,synthetic_benchmark
65W GaN USB-C Fast Charger with Foldable Plug,Electronics,370.0,1100,1250,600,synthetic_benchmark
Handmade Brass Pooja Bell with Peacock Handle,Metalwork,580.0,1500,1850,900,synthetic_benchmark
Exquisite Dhokra Brass Hand-Cast Tribal Figurine,Metalwork,1720.0,5100,6650,2500,synthetic_benchmark
Exquisite Hand-Embroidered Chikankari Cotton Kurti,Embroidery,220.0,850,1100,400,synthetic_benchmark
Traditional Khadi Cotton Handloom Kurta for Men,Handloom Textile,2680.0,7900,10150,3850,synthetic_benchmark
Vintage Handcrafted Walnut Wood Decorative Serving Tray,Woodwork,310.0,1250,1650,550,synthetic_benchmark
Intricately Carved Wooden Jewellery Box with Brass Inlay,Woodwork,220.0,950,1250,400,synthetic_benchmark
Dhokra Brass Hand-Cast Tribal Figurine,Metalwork,450.0,950,1100,750,synthetic_benchmark
Handmade Brass Meenakari Enamel Bangles Set,Jewelry,380.0,1200,1500,650,synthetic_benchmark
Handcrafted Walnut Wood Decorative Serving Tray,Woodwork,380.0,950,1050,650,synthetic_benchmark
Handcrafted Bamboo Wood Bluetooth Wireless Speaker,Electronics,690.0,1800,2150,1050,synthetic_benchmark
Dhokra Brass Hand-Cast Tribal Figurine,Metalwork,970.0,2550,3200,1450,synthetic_benchmark
Handwoven Cotton Chanderi Dupatta with Booti Work,Handloom Textile,3040.0,6200,7650,4350,synthetic_benchmark
Authentic Handcrafted Oxidised 925 Silver Tribal Choker Necklace,Jewelry,600.0,1650,2200,950,synthetic_benchmark
Artisan Ceramic Planter with Drainage Plate,Pottery & Clay,80.0,500,650,200,synthetic_benchmark
Exquisite Kantha Stitch Embroidered Cotton Cushion Covers Pair,Embroidery,290.0,1200,1600,500,synthetic_benchmark
Artisan Hand-Carved Wooden Wall Panel Relief,Woodwork,940.0,2300,2750,1400,synthetic_benchmark
Intricately Carved Wooden Jewellery Box with Brass Inlay,Woodwork,870.0,2450,2750,1300,synthetic_benchmark
Cast Iron Artisan Skillet Fry Pan,Metalwork,1400.0,4250,4950,2050,synthetic_benchmark
Classic Traditional Jamdani Cotton Saree,Handloom Textile,1360.0,3150,4100,2000,synthetic_benchmark
Artisan Hand-Carved Wooden Wall Panel Relief,Woodwork,600.0,1550,2000,950,synthetic_benchmark
Hand-Stitched Patchwork Quilt Throw Blanket,Embroidery,160.0,650,850,300,synthetic_benchmark
Classic Handloom Pure Silk Banarasi Saree with Zari Border,Handloom Textile,1830.0,4550,5300,2650,synthetic_benchmark
Handmade Crocheted Cotton Baby Blanket,Embroidery,960.0,3050,4100,1450,synthetic_benchmark
Artisan Glazed Ceramic Dining Soup Bowls Set of 4,Pottery & Clay,340.0,750,1000,600,synthetic_benchmark
Traditional Temple Jewelry Gold Plated Pendant,Jewelry,1600.0,4750,6050,2350,synthetic_benchmark
Handmade Kundan & Pearl Jhumka Earrings,Jewelry,950.0,2800,3650,1450,synthetic_benchmark
Exquisite Intricately Carved Wooden Jewellery Box with Brass Inlay,Woodwork,530.0,1800,2050,850,synthetic_benchmark
Handmade Brass Pooja Bell with Peacock Handle,Metalwork,1440.0,4150,4650,2100,synthetic_benchmark
Artisan Handmade Brass Diya Oil Lamp Hanging,Metalwork,300.0,850,950,500,synthetic_benchmark
Handmade Clay Kulhad Chai Cups Set of 6,Pottery & Clay,230.0,650,750,400,synthetic_benchmark
Hand-Beaten Brass Dining Platter Thali Set,Metalwork,340.0,1350,1500,600,synthetic_benchmark
Handcrafted Terracotta Water Pitcher with Traditional Lid,Pottery & Clay,70.0,450,550,200,synthetic_benchmark
Traditional 45W Type-C Fast Charger for Ultrasharp Laptops,Electronics,950.0,1600,2100,1450,synthetic_benchmark
Handmade Wooden Coaster Set of 6 with Stand,Woodwork,850.0,2650,3450,1300,synthetic_benchmark
Handloom Pure Silk Banarasi Saree with Zari Border,Handloom Textile,2200.0,6900,8350,3200,synthetic_benchmark
Authentic Carved Sheesham Wood Elephant Figurine,Woodwork,800.0,3000,3900,1200,synthetic_benchmark
Premium Handmade Brass Diya Oil Lamp Hanging,Metalwork,1560.0,4550,5100,2300,synthetic_benchmark
Handcrafted Zardozi Work Hand-Embroidered Velvet Clutch Bag,Embroidery,310.0,1150,1450,550,synthetic_benchmark
Hand-Embroidered Chikankari Cotton Kurti,Embroidery,330.0,1200,1400,550,synthetic_benchmark
Authentic Artisan Filigree Pure Silver Toe Rings Pair,Jewelry,1970.0,7150,8000,2850,synthetic_benchmark
Earthen Clay Cooking Handi Pot,Pottery & Clay,70.0,300,400,200,synthetic_benchmark
Handmade Brass Meenakari Enamel Bangles Set,Jewelry,1090.0,4250,4700,1650,synthetic_benchmark
Handmade Clay Kulhad Chai Cups Set of 6,Pottery & Clay,280.0,850,950,500,synthetic_benchmark
Handcrafted Beaded Semi-Precious Stone Bracelet,Jewelry,670.0,2500,2800,1050,synthetic_benchmark
Handcrafted Dhokra Brass Hand-Cast Tribal Figurine,Metalwork,410.0,1300,1650,650,synthetic_benchmark
Classic Dhokra Brass Hand-Cast Tribal Figurine,Metalwork,1800.0,4400,5800,2600,synthetic_benchmark
Deluxe Handmade Kundan & Pearl Jhumka Earrings,Jewelry,600.0,1500,1750,950,synthetic_benchmark
Premium Handwoven Cotton Chanderi Dupatta with Booti Work,Handloom Textile,440.0,1700,2000,700,synthetic_benchmark
Premium Handmade Clay Coffee Mugs Set of 2,Pottery & Clay,260.0,900,1100,450,synthetic_benchmark
Deluxe 100W Type-C Heavy Duty Braided Charging Cable 2m,Electronics,280.0,900,1050,500,synthetic_benchmark
Handcrafted Oxidised 925 Silver Tribal Choker Necklace,Jewelry,2430.0,6550,7550,3500,synthetic_benchmark
Handmade Brass Meenakari Enamel Bangles Set,Jewelry,1190.0,3400,4400,1750,synthetic_benchmark
Earthen Clay Cooking Handi Pot,Pottery & Clay,260.0,900,1200,450,synthetic_benchmark
Handmade Wooden Coaster Set of 6 with Stand,Woodwork,640.0,2050,2600,1000,synthetic_benchmark
Vintage Handmade Clay Coffee Mugs Set of 2,Pottery & Clay,150.0,600,750,300,synthetic_benchmark
Traditional Temple Jewelry Gold Plated Pendant,Jewelry,440.0,1600,2050,700,synthetic_benchmark
Authentic 100W Type-C Heavy Duty Braided Charging Cable 2m,Electronics,490.0,1050,1350,800,synthetic_benchmark
Terracotta Handpainted Statement Jewelry Set,Jewelry,1310.0,5350,7100,1950,synthetic_benchmark
Pure Bronze Kansa Serving Bowls Set of 2,Metalwork,1090.0,2750,3100,1650,synthetic_benchmark
Authentic Organic Handloom Linen Scarf with Tassels,Handloom Textile,760.0,2250,2650,1150,synthetic_benchmark
Pochampally Ikat Handwoven Saree,Handloom Textile,640.0,1650,2050,1000,synthetic_benchmark
Deluxe USB-C to Lightning Braided Fast Sync Cable,Electronics,460.0,1100,1300,750,synthetic_benchmark
Handcrafted Terracotta Water Pitcher with Traditional Lid,Pottery & Clay,150.0,550,750,300,synthetic_benchmark
Hand-Embroidered Chikankari Cotton Kurti,Embroidery,520.0,1700,2150,850,synthetic_benchmark
Phulkari Hand-Embroidered Traditional Dupatta,Embroidery,170.0,900,1150,350,synthetic_benchmark
45W Type-C Fast Charger for Ultrasharp Laptops,Electronics,940.0,2350,2900,1400,synthetic_benchmark
Kantha Stitch Embroidered Cotton Cushion Covers Pair,Embroidery,990.0,3350,4450,1500,synthetic_benchmark
Deluxe Handmade Teak Wood Kitchen Spatula & Spoon Set,Woodwork,610.0,1900,2150,950,synthetic_benchmark
Traditional Handmade Teak Wood Kitchen Spatula & Spoon Set,Woodwork,470.0,1350,1800,750,synthetic_benchmark
Handmade Kundan & Pearl Jhumka Earrings,Jewelry,1430.0,4350,5050,2100,synthetic_benchmark
Artisan Filigree Pure Silver Toe Rings Pair,Jewelry,1670.0,4100,4650,2450,synthetic_benchmark
Sculpted Clay Floral Vase with Rustic Finish,Pottery & Clay,110.0,400,450,250,synthetic_benchmark
Custom Organic Handloom Linen Scarf with Tassels,Handloom Textile,2120.0,5900,7900,3050,synthetic_benchmark
Hand-Stitched Patchwork Quilt Throw Blanket,Embroidery,550.0,1450,1900,850,synthetic_benchmark
Pure Bronze Kansa Serving Bowls Set of 2,Metalwork,920.0,2300,2800,1400,synthetic_benchmark
Intricately Carved Wooden Jewellery Box with Brass Inlay,Woodwork,920.0,2250,2550,1400,synthetic_benchmark
Custom Handmade Terracotta Decorative Wall Hanging,Pottery & Clay,140.0,650,700,300,synthetic_benchmark
Traditional Handcrafted Beaded Semi-Precious Stone Bracelet,Jewelry,1710.0,6250,7900,2500,synthetic_benchmark
Phulkari Hand-Embroidered Traditional Dupatta,Embroidery,500.0,1600,2150,800,synthetic_benchmark
Handmade Brass Pooja Bell with Peacock Handle,Metalwork,630.0,1700,1950,1000,synthetic_benchmark
Handcrafted Kantha Stitch Embroidered Cotton Cushion Covers Pair,Embroidery,720.0,2000,2500,1100,synthetic_benchmark
65W GaN USB-C Fast Charger with Foldable Plug,Electronics,480.0,1300,1650,750,synthetic_benchmark
Handmade Clay Coffee Mugs Set of 2,Pottery & Clay,250.0,650,750,450,synthetic_benchmark
Organic Handloom Linen Scarf with Tassels,Handloom Textile,3030.0,7750,10300,4350,synthetic_benchmark
Handmade Terracotta Decorative Wall Hanging,Pottery & Clay,290.0,950,1250,500,synthetic_benchmark
Artisan Pochampally Ikat Handwoven Saree,Handloom Textile,2450.0,5250,6000,3550,synthetic_benchmark
100W Type-C Heavy Duty Braided Charging Cable 2m,Electronics,1370.0,2300,2650,2000,synthetic_benchmark
Premium Traditional Jamdani Cotton Saree,Handloom Textile,2140.0,6550,7250,3100,synthetic_benchmark
Sandalwood Carved Incense Stick Holder,Woodwork,170.0,850,1050,350,synthetic_benchmark
Zardozi Work Hand-Embroidered Velvet Clutch Bag,Embroidery,930.0,2400,3100,1400,synthetic_benchmark
Handcrafted Oxidised 925 Silver Tribal Choker Necklace,Jewelry,610.0,2250,2500,950,synthetic_benchmark
Artisan Dhokra Brass Hand-Cast Tribal Figurine,Metalwork,1480.0,3550,4650,2150,synthetic_benchmark
Handmade Soft Stuffed Bunny Toy Holding a Carrot,Embroidery,330.0,1250,1650,550,synthetic_benchmark
Handmade Soft Stuffed Bunny Toy Holding a Carrot,Embroidery,720.0,2050,2750,1100,synthetic_benchmark
Artisan Hand-Carved Wooden Wall Panel Relief,Woodwork,730.0,2550,3400,1100,synthetic_benchmark
Handmade Teak Wood Kitchen Spatula & Spoon Set,Woodwork,500.0,1150,1400,800,synthetic_benchmark
Handwoven Woolen Kashmiri Pashmina Shawl,Handloom Textile,650.0,1500,2000,1000,synthetic_benchmark
Custom Sculpted Clay Floral Vase with Rustic Finish,Pottery & Clay,150.0,450,550,300,synthetic_benchmark
Handwoven Woolen Kashmiri Pashmina Shawl,Handloom Textile,760.0,1850,2150,1150,synthetic_benchmark
Ergonomic Wireless Silent Optical Mouse,Electronics,960.0,1800,2050,1450,synthetic_benchmark
Traditional Jamdani Cotton Saree,Handloom Textile,590.0,2100,2350,950,synthetic_benchmark
Eco-Friendly Pure Bronze Kansa Serving Bowls Set of 2,Metalwork,480.0,1350,1500,750,synthetic_benchmark
Handcrafted Beaded Semi-Precious Stone Bracelet,Jewelry,1820.0,4050,4900,2650,synthetic_benchmark
Handmade Hand-Stitched Patchwork Quilt Throw Blanket,Embroidery,240.0,950,1150,450,synthetic_benchmark
Traditional Pochampally Ikat Handwoven Saree,Handloom Textile,2100.0,4850,6400,3050,synthetic_benchmark
Traditional Jamdani Cotton Saree,Handloom Textile,1730.0,3350,4000,2500,synthetic_benchmark
Handmade Crocheted Cotton Baby Blanket,Embroidery,710.0,2100,2550,1100,synthetic_benchmark
Artisan Handloom Pure Silk Banarasi Saree with Zari Border,Handloom Textile,3250.0,9500,11800,4650,synthetic_benchmark
Eco-Friendly Phulkari Hand-Embroidered Traditional Dupatta,Embroidery,590.0,1850,2450,950,synthetic_benchmark
Exquisite Traditional Jamdani Cotton Saree,Handloom Textile,2650.0,8150,9400,3800,synthetic_benchmark
Traditional Handmade Soft Stuffed Bunny Toy Holding a Carrot,Embroidery,630.0,2250,3000,1000,synthetic_benchmark
Handloom Pure Silk Banarasi Saree with Zari Border,Handloom Textile,1400.0,4250,5500,2050,synthetic_benchmark
Earthen Clay Cooking Handi Pot,Pottery & Clay,220.0,750,850,400,synthetic_benchmark
Classic Handmade Terracotta Decorative Wall Hanging,Pottery & Clay,300.0,750,1000,500,synthetic_benchmark
Handmade Brass Diya Oil Lamp Hanging,Metalwork,1610.0,3850,5150,2350,synthetic_benchmark
Handcrafted Terracotta Water Pitcher with Traditional Lid,Pottery & Clay,180.0,500,600,350,synthetic_benchmark
Deluxe Handcrafted Beaded Semi-Precious Stone Bracelet,Jewelry,210.0,1050,1200,400,synthetic_benchmark
45W Type-C Fast Charger for Ultrasharp Laptops,Electronics,370.0,850,950,600,synthetic_benchmark
Intricately Carved Wooden Jewellery Box with Brass Inlay,Woodwork,530.0,1350,1650,850,synthetic_benchmark
Eco-Friendly Handmade Mango Wood Candle Stand Pair,Woodwork,680.0,1950,2350,1050,synthetic_benchmark
100W Type-C Heavy Duty Braided Charging Cable 2m,Electronics,730.0,1500,1950,1100,synthetic_benchmark
Custom Sculpted Clay Floral Vase with Rustic Finish,Pottery & Clay,160.0,650,800,300,synthetic_benchmark
Authentic Terracotta Handpainted Statement Jewelry Set,Jewelry,790.0,2700,3200,1200,synthetic_benchmark
Hand-Beaten Brass Dining Platter Thali Set,Metalwork,890.0,2350,2650,1350,synthetic_benchmark
Premium Traditional Jamdani Cotton Saree,Handloom Textile,1900.0,6400,7850,2750,synthetic_benchmark
Organic Handloom Linen Scarf with Tassels,Handloom Textile,1050.0,3400,4400,1550,synthetic_benchmark
Handmade Crocheted Cotton Baby Blanket,Embroidery,210.0,800,1050,400,synthetic_benchmark
Exquisite Artisan Glazed Ceramic Dining Soup Bowls Set of 4,Pottery & Clay,200.0,550,700,400,synthetic_benchmark
Deluxe Handcrafted Walnut Wood Decorative Serving Tray,Woodwork,600.0,1700,2100,950,synthetic_benchmark
Handmade Clay Kulhad Chai Cups Set of 6,Pottery & Clay,70.0,550,600,200,synthetic_benchmark
7-in-1 Aluminium USB-C Multiport Hub Adapter,Electronics,1150.0,2450,2750,1700,synthetic_benchmark
Handmade Wooden Coaster Set of 6 with Stand,Woodwork,1030.0,2800,3400,1550,synthetic_benchmark
Handmade Terracotta Decorative Wall Hanging,Pottery & Clay,170.0,700,900,350,synthetic_benchmark
Earthen Clay Cooking Handi Pot,Pottery & Clay,120.0,400,450,250,synthetic_benchmark
Handwoven Woolen Kashmiri Pashmina Shawl,Handloom Textile,2060.0,6400,8000,3000,synthetic_benchmark
Traditional Handpainted Clay Diya Festive Set,Pottery & Clay,300.0,850,950,500,synthetic_benchmark
Handmade Khadi Cotton Handloom Kurta for Men,Handloom Textile,2880.0,5900,7950,4150,synthetic_benchmark
Hand-Stitched Patchwork Quilt Throw Blanket,Embroidery,430.0,1250,1650,700,synthetic_benchmark
Traditional Carved Sheesham Wood Elephant Figurine,Woodwork,750.0,2300,2600,1150,synthetic_benchmark
Artisan Traditional Temple Jewelry Gold Plated Pendant,Jewelry,630.0,2550,2950,1000,synthetic_benchmark
Traditional Temple Jewelry Gold Plated Pendant,Jewelry,1590.0,4800,6100,2350,synthetic_benchmark
Handmade Clay Coffee Mugs Set of 2,Pottery & Clay,220.0,750,950,400,synthetic_benchmark
65W GaN USB-C Fast Charger with Foldable Plug,Electronics,1200.0,3100,3700,1800,synthetic_benchmark
Pure Bronze Kansa Serving Bowls Set of 2,Metalwork,1420.0,4200,5650,2100,synthetic_benchmark
Handmade Wooden Coaster Set of 6 with Stand,Woodwork,1030.0,2750,3250,1550,synthetic_benchmark
Deluxe Antique Finish Pure Copper Water Bottle (1 Litre),Metalwork,1390.0,4200,5050,2050,synthetic_benchmark
Custom Handmade Kundan & Pearl Jhumka Earrings,Jewelry,530.0,1450,1950,850,synthetic_benchmark
Vintage Handmade Soft Stuffed Bunny Toy Holding a Carrot,Embroidery,670.0,1850,2400,1050,synthetic_benchmark
Handmade Brass Diya Oil Lamp Hanging,Metalwork,1560.0,4600,5700,2300,synthetic_benchmark
Pure Bronze Kansa Serving Bowls Set of 2,Metalwork,1160.0,2800,3100,1700,synthetic_benchmark
Authentic Handspun Cotton Table Runner with Tribal Motifs,Handloom Textile,1150.0,3050,3800,1700,synthetic_benchmark
Traditional Jamdani Cotton Saree,Handloom Textile,1920.0,5800,7300,2800,synthetic_benchmark
Handmade Terracotta Decorative Wall Hanging,Pottery & Clay,170.0,550,750,350,synthetic_benchmark
45W Type-C Fast Charger for Ultrasharp Laptops,Electronics,1190.0,2400,2650,1750,synthetic_benchmark
Eco-Friendly Handmade Mango Wood Candle Stand Pair,Woodwork,940.0,3050,3450,1400,synthetic_benchmark
Deluxe Handwoven Woolen Kashmiri Pashmina Shawl,Handloom Textile,1580.0,3450,4200,2300,synthetic_benchmark
Handmade Teak Wood Kitchen Spatula & Spoon Set,Woodwork,650.0,2300,3050,1000,synthetic_benchmark
Artisan Filigree Pure Silver Toe Rings Pair,Jewelry,400.0,1700,1900,650,synthetic_benchmark
Handmade Handcrafted Bamboo Wood Bluetooth Wireless Speaker,Electronics,1080.0,1700,2200,1600,synthetic_benchmark
Handmade Brass Pooja Bell with Peacock Handle,Metalwork,330.0,1100,1400,550,synthetic_benchmark
Handcrafted Beaded Semi-Precious Stone Bracelet,Jewelry,660.0,2300,2600,1000,synthetic_benchmark
Handcrafted Terracotta Water Pitcher with Traditional Lid,Pottery & Clay,110.0,550,700,250,synthetic_benchmark
Artisan Ceramic Planter with Drainage Plate,Pottery & Clay,50.0,500,650,150,synthetic_benchmark
Khadi Cotton Handloom Kurta for Men,Handloom Textile,1540.0,4200,5350,2250,synthetic_benchmark
Antique Finish Pure Copper Water Bottle (1 Litre),Metalwork,1640.0,4000,4450,2400,synthetic_benchmark
Classic Dhokra Brass Hand-Cast Tribal Figurine,Metalwork,1560.0,3850,4900,2300,synthetic_benchmark
Custom Handcrafted Walnut Wood Decorative Serving Tray,Woodwork,230.0,1050,1200,400,synthetic_benchmark
Handcrafted Beaded Semi-Precious Stone Bracelet,Jewelry,1060.0,3400,3900,1600,synthetic_benchmark
Classic 10000mAh Magnetic Wireless Power Bank Fast Charge,Electronics,290.0,850,1100,500,synthetic_benchmark
Handmade Brass Meenakari Enamel Bangles Set,Jewelry,310.0,750,850,550,synthetic_benchmark
Handcrafted Oxidised 925 Silver Tribal Choker Necklace,Jewelry,1170.0,3750,4800,1750,synthetic_benchmark
Artisan Glazed Ceramic Dining Soup Bowls Set of 4,Pottery & Clay,110.0,400,500,250,synthetic_benchmark
Zardozi Work Hand-Embroidered Velvet Clutch Bag,Embroidery,360.0,1200,1500,600,synthetic_benchmark
USB-C to Lightning Braided Fast Sync Cable,Electronics,880.0,2000,2700,1350,synthetic_benchmark
Zardozi Work Hand-Embroidered Velvet Clutch Bag,Embroidery,570.0,1700,2000,900,synthetic_benchmark
Traditional Jamdani Cotton Saree,Handloom Textile,630.0,2250,2650,1000,synthetic_benchmark
Deluxe Authentic Kanjivaram Silk Festive Saree,Handloom Textile,1480.0,4050,4500,2150,synthetic_benchmark
Artisan Sculpted Clay Floral Vase with Rustic Finish,Pottery & Clay,290.0,1000,1200,500,synthetic_benchmark
Traditional Hand-Beaten Brass Dining Platter Thali Set,Metalwork,1590.0,4150,4750,2350,synthetic_benchmark
Handmade Clay Kulhad Chai Cups Set of 6,Pottery & Clay,290.0,750,850,500,synthetic_benchmark
Dhokra Brass Hand-Cast Tribal Figurine,Metalwork,1070.0,2850,3850,1600,synthetic_benchmark
Deluxe Sculpted Clay Floral Vase with Rustic Finish,Pottery & Clay,100.0,350,450,250,synthetic_benchmark
Zardozi Work Hand-Embroidered Velvet Clutch Bag,Embroidery,280.0,1050,1300,500,synthetic_benchmark
Antique Finish Pure Copper Water Bottle (1 Litre),Metalwork,570.0,1900,2250,900,synthetic_benchmark
Intricately Carved Wooden Jewellery Box with Brass Inlay,Woodwork,890.0,2900,3750,1350,synthetic_benchmark
Antique Finish Pure Copper Water Bottle (1 Litre),Metalwork,680.0,1600,1800,1050,synthetic_benchmark
Handcrafted Terracotta Water Pitcher with Traditional Lid,Pottery & Clay,60.0,500,600,200,synthetic_benchmark
Handmade Wooden Coaster Set of 6 with Stand,Woodwork,1040.0,2600,3100,1550,synthetic_benchmark
Carved Sheesham Wood Elephant Figurine,Woodwork,380.0,1500,1950,650,synthetic_benchmark
Zardozi Work Hand-Embroidered Velvet Clutch Bag,Embroidery,210.0,700,800,400,synthetic_benchmark
Pure Bronze Kansa Serving Bowls Set of 2,Metalwork,1520.0,3550,4450,2250,synthetic_benchmark
Hand-Beaten Brass Dining Platter Thali Set,Metalwork,300.0,1100,1400,500,synthetic_benchmark
Artisan Ceramic Planter with Drainage Plate,Pottery & Clay,140.0,600,750,300,synthetic_benchmark
Artisan Hand-Stitched Patchwork Quilt Throw Blanket,Embroidery,610.0,1950,2500,950,synthetic_benchmark
Authentic Handmade Soft Stuffed Bunny Toy Holding a Carrot,Embroidery,440.0,1000,1100,700,synthetic_benchmark
Premium Handcrafted Bamboo Wood Bluetooth Wireless Speaker,Electronics,500.0,950,1150,800,synthetic_benchmark
Traditional Jamdani Cotton Saree,Handloom Textile,520.0,1900,2400,850,synthetic_benchmark
Artisan USB-C to Lightning Braided Fast Sync Cable,Electronics,980.0,1650,2150,1450,synthetic_benchmark
100W Type-C Heavy Duty Braided Charging Cable 2m,Electronics,460.0,1200,1450,750,synthetic_benchmark
Vintage Handcrafted Beaded Semi-Precious Stone Bracelet,Jewelry,2290.0,8500,11350,3300,synthetic_benchmark
Traditional Kantha Stitch Embroidered Cotton Cushion Covers Pair,Embroidery,760.0,2100,2450,1150,synthetic_benchmark
Hand-Stitched Patchwork Quilt Throw Blanket,Embroidery,190.0,600,750,350,synthetic_benchmark
Handcrafted Oxidised 925 Silver Tribal Choker Necklace,Jewelry,1810.0,7150,8950,2650,synthetic_benchmark
Deluxe 10000mAh Magnetic Wireless Power Bank Fast Charge,Electronics,420.0,750,1000,700,synthetic_benchmark
Handmade Kundan & Pearl Jhumka Earrings,Jewelry,1990.0,6150,6850,2900,synthetic_benchmark
Authentic Handmade Kundan & Pearl Jhumka Earrings,Jewelry,1870.0,4800,5800,2700,synthetic_benchmark
Handmade Crocheted Cotton Baby Blanket,Embroidery,480.0,1400,1650,750,synthetic_benchmark
Authentic Phulkari Hand-Embroidered Traditional Dupatta,Embroidery,670.0,1950,2150,1050,synthetic_benchmark
Handloom Pure Silk Banarasi Saree with Zari Border,Handloom Textile,1170.0,2500,3100,1750,synthetic_benchmark
Handmade Handcrafted Terracotta Water Pitcher with Traditional Lid,Pottery & Clay,200.0,600,700,400,synthetic_benchmark
Noise Cancelling Over-Ear Studio Headphones,Electronics,1070.0,2250,3000,1600,synthetic_benchmark
Handmade Crocheted Cotton Baby Blanket,Embroidery,310.0,1000,1200,550,synthetic_benchmark
Pure Bronze Kansa Serving Bowls Set of 2,Metalwork,680.0,1950,2550,1050,synthetic_benchmark
Premium Hand-Embroidered Chikankari Cotton Kurti,Embroidery,890.0,1950,2350,1350,synthetic_benchmark
Custom Earthen Clay Cooking Handi Pot,Pottery & Clay,110.0,450,550,250,synthetic_benchmark
Premium Earthen Clay Cooking Handi Pot,Pottery & Clay,240.0,850,1100,450,synthetic_benchmark
Handmade Clay Coffee Mugs Set of 2,Pottery & Clay,180.0,750,950,350,synthetic_benchmark
Handmade Brass Meenakari Enamel Bangles Set,Jewelry,1830.0,4600,5350,2650,synthetic_benchmark
Sandalwood Carved Incense Stick Holder,Woodwork,620.0,2300,2950,950,synthetic_benchmark
Handcrafted Handmade Brass Pooja Bell with Peacock Handle,Metalwork,1500.0,4650,5500,2200,synthetic_benchmark
Handcrafted Bamboo Wood Bluetooth Wireless Speaker,Electronics,900.0,1800,2200,1350,synthetic_benchmark
Classic Handmade Brass Pooja Bell with Peacock Handle,Metalwork,1680.0,4100,4800,2450,synthetic_benchmark
Hand-Embroidered Chikankari Cotton Kurti,Embroidery,200.0,650,800,400,synthetic_benchmark
Artisan Organic Handloom Linen Scarf with Tassels,Handloom Textile,1490.0,4050,4950,2200,synthetic_benchmark
Zardozi Work Hand-Embroidered Velvet Clutch Bag,Embroidery,520.0,1300,1550,850,synthetic_benchmark
Eco-Friendly Organic Handloom Linen Scarf with Tassels,Handloom Textile,2100.0,5650,7200,3050,synthetic_benchmark
Traditional Handloom Sambalpuri Silk Traditional Saree,Handloom Textile,2230.0,6450,7400,3200,synthetic_benchmark
Handcrafted Intricately Carved Wooden Jewellery Box with Brass Inlay,Woodwork,440.0,1250,1450,700,synthetic_benchmark
Phulkari Hand-Embroidered Traditional Dupatta,Embroidery,190.0,600,700,350,synthetic_benchmark
Sandalwood Carved Incense Stick Holder,Woodwork,980.0,2550,2950,1450,synthetic_benchmark
Handcrafted Handmade Clay Kulhad Chai Cups Set of 6,Pottery & Clay,230.0,650,800,400,synthetic_benchmark
Handloom Sambalpuri Silk Traditional Saree,Handloom Textile,630.0,1750,1950,1000,synthetic_benchmark
Vintage Antique Finish Pure Copper Water Bottle (1 Litre),Metalwork,840.0,1850,2400,1300,synthetic_benchmark
USB-C to Lightning Braided Fast Sync Cable,Electronics,950.0,1700,2150,1450,synthetic_benchmark
Traditional Jamdani Cotton Saree,Handloom Textile,1510.0,3150,3600,2200,synthetic_benchmark
Organic Handloom Linen Scarf with Tassels,Handloom Textile,510.0,1250,1650,800,synthetic_benchmark
Premium Traditional Temple Jewelry Gold Plated Pendant,Jewelry,1580.0,3600,4100,2300,synthetic_benchmark
Handcrafted Handmade Crocheted Cotton Baby Blanket,Embroidery,930.0,2300,2950,1400,synthetic_benchmark
Traditional Zardozi Work Hand-Embroidered Velvet Clutch Bag,Embroidery,230.0,750,950,400,synthetic_benchmark
Terracotta Handpainted Statement Jewelry Set,Jewelry,1900.0,4950,5750,2750,synthetic_benchmark
Deluxe Khadi Cotton Handloom Kurta for Men,Handloom Textile,3290.0,8800,11400,4700,synthetic_benchmark
Phulkari Hand-Embroidered Traditional Dupatta,Embroidery,370.0,1250,1450,600,synthetic_benchmark
Handwoven Cotton Chanderi Dupatta with Booti Work,Handloom Textile,2190.0,5900,6500,3150,synthetic_benchmark
Handcrafted Oxidised 925 Silver Tribal Choker Necklace,Jewelry,1430.0,5650,6650,2100,synthetic_benchmark
Custom Handmade Clay Coffee Mugs Set of 2,Pottery & Clay,80.0,500,600,200,synthetic_benchmark
Vintage Authentic Kanjivaram Silk Festive Saree,Handloom Textile,680.0,1950,2200,1050,synthetic_benchmark
Exquisite Handmade Terracotta Decorative Wall Hanging,Pottery & Clay,340.0,900,1150,600,synthetic_benchmark
Authentic Kanjivaram Silk Festive Saree,Handloom Textile,2670.0,6150,8050,3850,synthetic_benchmark
Eco-Friendly Handmade Clay Coffee Mugs Set of 2,Pottery & Clay,160.0,550,650,300,synthetic_benchmark
Carved Sheesham Wood Elephant Figurine,Woodwork,530.0,2050,2550,850,synthetic_benchmark
Classic Handmade Brass Diya Oil Lamp Hanging,Metalwork,1530.0,3800,5050,2250,synthetic_benchmark
Carved Sheesham Wood Elephant Figurine,Woodwork,690.0,2350,2800,1050,synthetic_benchmark
Hand-Stitched Patchwork Quilt Throw Blanket,Embroidery,730.0,1850,2150,1100,synthetic_benchmark
Earthen Clay Cooking Handi Pot,Pottery & Clay,90.0,450,500,250,synthetic_benchmark
Handmade Teak Wood Kitchen Spatula & Spoon Set,Woodwork,950.0,3050,3900,1450,synthetic_benchmark
Carved Sheesham Wood Elephant Figurine,Woodwork,1160.0,3600,3950,1700,synthetic_benchmark
Terracotta Handpainted Statement Jewelry Set,Jewelry,890.0,2700,3000,1350,synthetic_benchmark
Handmade Crocheted Cotton Baby Blanket,Embroidery,500.0,1700,2200,800,synthetic_benchmark
Premium 10000mAh Magnetic Wireless Power Bank Fast Charge,Electronics,1400.0,2700,3000,2050,synthetic_benchmark
Traditional Hand-Beaten Brass Dining Platter Thali Set,Metalwork,910.0,2350,2650,1350,synthetic_benchmark
Handcrafted USB-C to Lightning Braided Fast Sync Cable,Electronics,770.0,1850,2050,1200,synthetic_benchmark
Premium Dhokra Brass Hand-Cast Tribal Figurine,Metalwork,1170.0,3600,4450,1750,synthetic_benchmark
Kantha Stitch Embroidered Cotton Cushion Covers Pair,Embroidery,330.0,950,1200,550,synthetic_benchmark
Handmade Pure Bronze Kansa Serving Bowls Set of 2,Metalwork,610.0,1500,1950,950,synthetic_benchmark
Hand-Stitched Patchwork Quilt Throw Blanket,Embroidery,520.0,1300,1650,850,synthetic_benchmark
Custom Premium 60W Fast Charging Laptop Charger Power Adapter,Electronics,1270.0,2250,2700,1900,synthetic_benchmark
Handcrafted 10000mAh Magnetic Wireless Power Bank Fast Charge,Electronics,1190.0,2850,3450,1750,synthetic_benchmark
Artisan Kantha Stitch Embroidered Cotton Cushion Covers Pair,Embroidery,940.0,2600,3450,1400,synthetic_benchmark
Artisan Handmade Terracotta Decorative Wall Hanging,Pottery & Clay,160.0,700,800,300,synthetic_benchmark
Traditional Handmade Crocheted Cotton Baby Blanket,Embroidery,750.0,2600,2850,1150,synthetic_benchmark
Handmade Teak Wood Kitchen Spatula & Spoon Set,Woodwork,400.0,1400,1750,650,synthetic_benchmark
Eco-Friendly Intricately Carved Wooden Jewellery Box with Brass Inlay,Woodwork,190.0,850,1050,350,synthetic_benchmark
Handmade Mango Wood Candle Stand Pair,Woodwork,590.0,2100,2450,950,synthetic_benchmark
Traditional Kantha Stitch Embroidered Cotton Cushion Covers Pair,Embroidery,330.0,950,1150,550,synthetic_benchmark
Authentic Kanjivaram Silk Festive Saree,Handloom Textile,1740.0,5300,6200,2550,synthetic_benchmark
Mirror Work Kutch Embroidered Wall Tapestry,Embroidery,480.0,1400,1700,750,synthetic_benchmark
USB-C to Lightning Braided Fast Sync Cable,Electronics,920.0,1900,2400,1400,synthetic_benchmark
Vintage Authentic Kanjivaram Silk Festive Saree,Handloom Textile,1760.0,4600,5650,2550,synthetic_benchmark
Hand-Embroidered Chikankari Cotton Kurti,Embroidery,220.0,1000,1100,400,synthetic_benchmark
65W GaN USB-C Fast Charger with Foldable Plug,Electronics,550.0,1600,2100,850,synthetic_benchmark
Pure Bronze Kansa Serving Bowls Set of 2,Metalwork,1210.0,3500,4250,1800,synthetic_benchmark
Ergonomic Wireless Silent Optical Mouse,Electronics,1000.0,2550,3200,1500,synthetic_benchmark
Authentic Traditional Jamdani Cotton Saree,Handloom Textile,740.0,1750,1950,1150,synthetic_benchmark
Artisan Ceramic Planter with Drainage Plate,Pottery & Clay,300.0,850,1150,500,synthetic_benchmark
Traditional Handpainted Clay Diya Festive Set,Pottery & Clay,250.0,750,950,450,synthetic_benchmark
Handloom Sambalpuri Silk Traditional Saree,Handloom Textile,1340.0,3950,4800,2000,synthetic_benchmark
Handmade Kundan & Pearl Jhumka Earrings,Jewelry,1610.0,4700,5700,2350,synthetic_benchmark
Kantha Stitch Embroidered Cotton Cushion Covers Pair,Embroidery,770.0,1800,2100,1200,synthetic_benchmark
Hand-Stitched Patchwork Quilt Throw Blanket,Embroidery,410.0,1150,1350,650,synthetic_benchmark
Handmade Clay Kulhad Chai Cups Set of 6,Pottery & Clay,390.0,1050,1350,650,synthetic_benchmark
Handloom Pure Silk Banarasi Saree with Zari Border,Handloom Textile,1970.0,4950,5650,2850,synthetic_benchmark
Handwoven Cotton Chanderi Dupatta with Booti Work,Handloom Textile,1190.0,3900,5200,1750,synthetic_benchmark
Ergonomic Wireless Silent Optical Mouse,Electronics,970.0,1900,2500,1450,synthetic_benchmark
Classic Zardozi Work Hand-Embroidered Velvet Clutch Bag,Embroidery,560.0,1900,2400,900,synthetic_benchmark
Traditional Handcrafted Beaded Semi-Precious Stone Bracelet,Jewelry,640.0,2300,3050,1000,synthetic_benchmark
Sandalwood Carved Incense Stick Holder,Woodwork,890.0,2300,3100,1350,synthetic_benchmark
Eco-Friendly USB-C to Lightning Braided Fast Sync Cable,Electronics,1330.0,2400,2650,1950,synthetic_benchmark
Premium 60W Fast Charging Laptop Charger Power Adapter,Electronics,330.0,800,1000,550,synthetic_benchmark
Carved Sheesham Wood Elephant Figurine,Woodwork,540.0,1900,2500,850,synthetic_benchmark
Classic Handmade Mango Wood Candle Stand Pair,Woodwork,860.0,2300,2650,1300,synthetic_benchmark
Classic Mirror Work Kutch Embroidered Wall Tapestry,Embroidery,950.0,2050,2500,1450,synthetic_benchmark
10000mAh Magnetic Wireless Power Bank Fast Charge,Electronics,300.0,1050,1200,500,synthetic_benchmark
Artisan Sculpted Clay Floral Vase with Rustic Finish,Pottery & Clay,60.0,500,550,200,synthetic_benchmark
Intricately Carved Wooden Jewellery Box with Brass Inlay,Woodwork,220.0,650,850,400,synthetic_benchmark
Premium Pure Bronze Kansa Serving Bowls Set of 2,Metalwork,910.0,3000,3350,1350,synthetic_benchmark
Premium Organic Handloom Linen Scarf with Tassels,Handloom Textile,3400.0,6600,7750,4850,synthetic_benchmark
Handmade Brass Pooja Bell with Peacock Handle,Metalwork,860.0,2100,2650,1300,synthetic_benchmark
Pure Bronze Kansa Serving Bowls Set of 2,Metalwork,1090.0,3300,4200,1650,synthetic_benchmark
Handmade Brass Diya Oil Lamp Hanging,Metalwork,530.0,1250,1450,850,synthetic_benchmark
Handloom Sambalpuri Silk Traditional Saree,Handloom Textile,1790.0,4500,5500,2600,synthetic_benchmark
Artisan Sandalwood Carved Incense Stick Holder,Woodwork,180.0,700,850,350,synthetic_benchmark
Exquisite Sandalwood Carved Incense Stick Holder,Woodwork,350.0,1550,2100,600,synthetic_benchmark
Handcrafted Beaded Semi-Precious Stone Bracelet,Jewelry,1920.0,7350,9650,2800,synthetic_benchmark
Handmade Brass Diya Oil Lamp Hanging,Metalwork,1620.0,4750,6200,2350,synthetic_benchmark
Premium 60W Fast Charging Laptop Charger Power Adapter,Electronics,330.0,1150,1350,550,synthetic_benchmark
Hand-Beaten Brass Dining Platter Thali Set,Metalwork,1410.0,4250,4700,2050,synthetic_benchmark
Handcrafted Bamboo Wood Bluetooth Wireless Speaker,Electronics,830.0,2200,2450,1250,synthetic_benchmark
Artisan 45W Type-C Fast Charger for Ultrasharp Laptops,Electronics,350.0,650,700,600,synthetic_benchmark
Artisan 45W Type-C Fast Charger for Ultrasharp Laptops,Electronics,1180.0,2600,3400,1750,synthetic_benchmark
Zardozi Work Hand-Embroidered Velvet Clutch Bag,Embroidery,180.0,850,1100,350,synthetic_benchmark
Artisan Intricately Carved Wooden Jewellery Box with Brass Inlay,Woodwork,400.0,1350,1500,650,synthetic_benchmark
Handmade Kundan & Pearl Jhumka Earrings,Jewelry,1370.0,4250,5150,2000,synthetic_benchmark
Mirror Work Kutch Embroidered Wall Tapestry,Embroidery,770.0,2050,2500,1200,synthetic_benchmark
Premium Authentic Kanjivaram Silk Festive Saree,Handloom Textile,1430.0,4000,5400,2100,synthetic_benchmark
Vintage 65W GaN USB-C Fast Charger with Foldable Plug,Electronics,490.0,1150,1450,800,synthetic_benchmark
Traditional Hand-Embroidered Chikankari Cotton Kurti,Embroidery,370.0,1000,1250,600,synthetic_benchmark
Handmade Mango Wood Candle Stand Pair,Woodwork,230.0,1000,1300,400,synthetic_benchmark
Handmade Pochampally Ikat Handwoven Saree,Handloom Textile,3460.0,7900,8900,4950,synthetic_benchmark
Noise Cancelling Over-Ear Studio Headphones,Electronics,890.0,2100,2800,1350,synthetic_benchmark
Premium Handmade Wooden Coaster Set of 6 with Stand,Woodwork,220.0,700,900,400,synthetic_benchmark
Artisan Filigree Pure Silver Toe Rings Pair,Jewelry,830.0,3350,3850,1250,synthetic_benchmark
Handcrafted Beaded Semi-Precious Stone Bracelet,Jewelry,2350.0,7150,9100,3400,synthetic_benchmark
Classic Handmade Wooden Coaster Set of 6 with Stand,Woodwork,430.0,1800,2350,700,synthetic_benchmark
Handmade Clay Coffee Mugs Set of 2,Pottery & Clay,250.0,800,950,450,synthetic_benchmark
Custom Hand-Stitched Patchwork Quilt Throw Blanket,Embroidery,250.0,1000,1300,450,synthetic_benchmark
Classic Sculpted Clay Floral Vase with Rustic Finish,Pottery & Clay,250.0,900,1150,450,synthetic_benchmark
Antique Finish Pure Copper Water Bottle (1 Litre),Metalwork,920.0,2200,2750,1400,synthetic_benchmark
Dhokra Brass Hand-Cast Tribal Figurine,Metalwork,250.0,1050,1300,450,synthetic_benchmark
Zardozi Work Hand-Embroidered Velvet Clutch Bag,Embroidery,880.0,1950,2450,1350,synthetic_benchmark
Pure Bronze Kansa Serving Bowls Set of 2,Metalwork,1710.0,4500,5750,2500,synthetic_benchmark
Authentic Kanjivaram Silk Festive Saree,Handloom Textile,1980.0,4950,6100,2850,synthetic_benchmark
Handcrafted Artisan Ceramic Planter with Drainage Plate,Pottery & Clay,350.0,750,850,600,synthetic_benchmark
Artisan Traditional Jamdani Cotton Saree,Handloom Textile,2410.0,6200,7050,3450,synthetic_benchmark
Classic Cast Iron Artisan Skillet Fry Pan,Metalwork,1510.0,3500,4000,2200,synthetic_benchmark
Pochampally Ikat Handwoven Saree,Handloom Textile,2680.0,5600,6450,3850,synthetic_benchmark
Traditional Temple Jewelry Gold Plated Pendant,Jewelry,1530.0,4000,5200,2250,synthetic_benchmark
Traditional Handpainted Clay Diya Festive Set,Pottery & Clay,360.0,1100,1250,600,synthetic_benchmark
Vintage Handcrafted Oxidised 925 Silver Tribal Choker Necklace,Jewelry,390.0,950,1100,650,synthetic_benchmark
Premium Ergonomic Wireless Silent Optical Mouse,Electronics,870.0,2050,2550,1300,synthetic_benchmark
Artisan Glazed Ceramic Dining Soup Bowls Set of 4,Pottery & Clay,150.0,500,600,300,synthetic_benchmark
Handcrafted Handspun Cotton Table Runner with Tribal Motifs,Handloom Textile,1230.0,3050,3400,1800,synthetic_benchmark
Phulkari Hand-Embroidered Traditional Dupatta,Embroidery,790.0,2100,2650,1200,synthetic_benchmark
Eco-Friendly Handwoven Cotton Chanderi Dupatta with Booti Work,Handloom Textile,1620.0,3350,4100,2350,synthetic_benchmark
Handcrafted Beaded Semi-Precious Stone Bracelet,Jewelry,990.0,3450,4050,1500,synthetic_benchmark
Authentic Handmade Brass Meenakari Enamel Bangles Set,Jewelry,1970.0,7150,9650,2850,synthetic_benchmark
Pure Bronze Kansa Serving Bowls Set of 2,Metalwork,1280.0,3000,3700,1900,synthetic_benchmark
Handcrafted Terracotta Water Pitcher with Traditional Lid,Pottery & Clay,290.0,950,1150,500,synthetic_benchmark
Custom Handspun Cotton Table Runner with Tribal Motifs,Handloom Textile,1750.0,4050,5200,2550,synthetic_benchmark
Ergonomic Wireless Silent Optical Mouse,Electronics,1320.0,3200,4100,1950,synthetic_benchmark
Handmade Clay Kulhad Chai Cups Set of 6,Pottery & Clay,380.0,950,1150,650,synthetic_benchmark
Sandalwood Carved Incense Stick Holder,Woodwork,490.0,1700,2200,800,synthetic_benchmark
Handmade Brass Diya Oil Lamp Hanging,Metalwork,670.0,1650,2150,1050,synthetic_benchmark
Authentic Zardozi Work Hand-Embroidered Velvet Clutch Bag,Embroidery,430.0,1450,1850,700,synthetic_benchmark
Artisan Hand-Carved Wooden Wall Panel Relief,Woodwork,1050.0,3550,4550,1550,synthetic_benchmark
65W GaN USB-C Fast Charger with Foldable Plug,Electronics,980.0,1750,2200,1450,synthetic_benchmark
Handmade Clay Coffee Mugs Set of 2,Pottery & Clay,70.0,300,400,200,synthetic_benchmark
Kantha Stitch Embroidered Cotton Cushion Covers Pair,Embroidery,780.0,2500,3300,1200,synthetic_benchmark
Khadi Cotton Handloom Kurta for Men,Handloom Textile,3320.0,7850,9600,4750,synthetic_benchmark
Handcrafted Kantha Stitch Embroidered Cotton Cushion Covers Pair,Embroidery,710.0,1750,2100,1100,synthetic_benchmark
Eco-Friendly Sandalwood Carved Incense Stick Holder,Woodwork,260.0,850,1050,450,synthetic_benchmark
Hand-Beaten Brass Dining Platter Thali Set,Metalwork,300.0,1200,1500,500,synthetic_benchmark
Eco-Friendly Handloom Sambalpuri Silk Traditional Saree,Handloom Textile,3260.0,9200,11350,4650,synthetic_benchmark
Cast Iron Artisan Skillet Fry Pan,Metalwork,1080.0,2550,3050,1600,synthetic_benchmark
Sandalwood Carved Incense Stick Holder,Woodwork,770.0,2850,3550,1200,synthetic_benchmark
Handmade Sculpted Clay Floral Vase with Rustic Finish,Pottery & Clay,350.0,1050,1250,600,synthetic_benchmark
Carved Sheesham Wood Elephant Figurine,Woodwork,1030.0,2600,3300,1550,synthetic_benchmark
Artisan Pure Bronze Kansa Serving Bowls Set of 2,Metalwork,1400.0,2900,3600,2050,synthetic_benchmark
USB-C to Lightning Braided Fast Sync Cable,Electronics,1340.0,3100,3800,2000,synthetic_benchmark
Handmade Crocheted Cotton Baby Blanket,Embroidery,560.0,1550,2000,900,synthetic_benchmark
Sandalwood Carved Incense Stick Holder,Woodwork,350.0,1400,1800,600,synthetic_benchmark
Handwoven Cotton Chanderi Dupatta with Booti Work,Handloom Textile,2210.0,4400,5900,3200,synthetic_benchmark
Pochampally Ikat Handwoven Saree,Handloom Textile,1000.0,2150,2750,1500,synthetic_benchmark
Vintage Handwoven Woolen Kashmiri Pashmina Shawl,Handloom Textile,370.0,1150,1450,600,synthetic_benchmark
Mirror Work Kutch Embroidered Wall Tapestry,Embroidery,530.0,1500,1750,850,synthetic_benchmark
Handmade Clay Coffee Mugs Set of 2,Pottery & Clay,290.0,900,1050,500,synthetic_benchmark
Eco-Friendly Dhokra Brass Hand-Cast Tribal Figurine,Metalwork,1340.0,4150,5100,2000,synthetic_benchmark
Handloom Sambalpuri Silk Traditional Saree,Handloom Textile,2470.0,5300,6300,3550,synthetic_benchmark
Vintage Mirror Work Kutch Embroidered Wall Tapestry,Embroidery,180.0,600,750,350,synthetic_benchmark
Custom Handmade Clay Kulhad Chai Cups Set of 6,Pottery & Clay,60.0,300,350,200,synthetic_benchmark
45W Type-C Fast Charger for Ultrasharp Laptops,Electronics,770.0,1850,2300,1200,synthetic_benchmark
7-in-1 Aluminium USB-C Multiport Hub Adapter,Electronics,300.0,600,700,500,synthetic_benchmark
Handloom Sambalpuri Silk Traditional Saree,Handloom Textile,2380.0,6450,7550,3450,synthetic_benchmark
Artisan Filigree Pure Silver Toe Rings Pair,Jewelry,1850.0,4700,6000,2700,synthetic_benchmark
Traditional 65W GaN USB-C Fast Charger with Foldable Plug,Electronics,660.0,1800,2100,1000,synthetic_benchmark
Antique Finish Pure Copper Water Bottle (1 Litre),Metalwork,1160.0,2350,2700,1700,synthetic_benchmark
Ergonomic Wireless Silent Optical Mouse,Electronics,690.0,1950,2500,1050,synthetic_benchmark
Vintage Handcrafted Terracotta Water Pitcher with Traditional Lid,Pottery & Clay,60.0,500,600,200,synthetic_benchmark
Handwoven Woolen Kashmiri Pashmina Shawl,Handloom Textile,1060.0,2500,3250,1600,synthetic_benchmark
Classic Handcrafted Oxidised 925 Silver Tribal Choker Necklace,Jewelry,850.0,2650,3450,1300,synthetic_benchmark
Earthen Clay Cooking Handi Pot,Pottery & Clay,390.0,1150,1250,650,synthetic_benchmark
Handmade Teak Wood Kitchen Spatula & Spoon Set,Woodwork,780.0,2450,3250,1200,synthetic_benchmark
Intricately Carved Wooden Jewellery Box with Brass Inlay,Woodwork,1140.0,4000,5200,1700,synthetic_benchmark
Zardozi Work Hand-Embroidered Velvet Clutch Bag,Embroidery,360.0,1000,1350,600,synthetic_benchmark
Carved Sheesham Wood Elephant Figurine,Woodwork,910.0,2450,3200,1350,synthetic_benchmark
Artisan Handmade Crocheted Cotton Baby Blanket,Embroidery,200.0,700,800,400,synthetic_benchmark
Handcrafted Terracotta Water Pitcher with Traditional Lid,Pottery & Clay,180.0,550,650,350,synthetic_benchmark
Classic Antique Finish Pure Copper Water Bottle (1 Litre),Metalwork,380.0,1500,1900,650,synthetic_benchmark
Artisan Filigree Pure Silver Toe Rings Pair,Jewelry,1180.0,3300,4000,1750,synthetic_benchmark
Authentic Antique Finish Pure Copper Water Bottle (1 Litre),Metalwork,1790.0,4750,5400,2600,synthetic_benchmark
Handcrafted Beaded Semi-Precious Stone Bracelet,Jewelry,1370.0,3450,4350,2000,synthetic_benchmark
Handcrafted Terracotta Water Pitcher with Traditional Lid,Pottery & Clay,110.0,600,800,250,synthetic_benchmark
Handmade Teak Wood Kitchen Spatula & Spoon Set,Woodwork,1180.0,4200,4700,1750,synthetic_benchmark
Handmade Clay Kulhad Chai Cups Set of 6,Pottery & Clay,210.0,550,600,400,synthetic_benchmark
Deluxe Handmade Teak Wood Kitchen Spatula & Spoon Set,Woodwork,840.0,3100,3950,1300,synthetic_benchmark
7-in-1 Aluminium USB-C Multiport Hub Adapter,Electronics,1110.0,2800,3400,1650,synthetic_benchmark
Premium Dhokra Brass Hand-Cast Tribal Figurine,Metalwork,900.0,2850,3200,1350,synthetic_benchmark
Premium Hand-Stitched Patchwork Quilt Throw Blanket,Embroidery,330.0,850,1150,550,synthetic_benchmark
Handcrafted Handmade Brass Diya Oil Lamp Hanging,Metalwork,1390.0,2650,3500,2050,synthetic_benchmark
Handcrafted Beaded Semi-Precious Stone Bracelet,Jewelry,1810.0,4850,5950,2650,synthetic_benchmark
Eco-Friendly Handmade Clay Coffee Mugs Set of 2,Pottery & Clay,230.0,850,1000,400,synthetic_benchmark
Cast Iron Artisan Skillet Fry Pan,Metalwork,1250.0,2850,3600,1850,synthetic_benchmark
Handmade Clay Coffee Mugs Set of 2,Pottery & Clay,330.0,1000,1200,550,synthetic_benchmark
Artisan Sandalwood Carved Incense Stick Holder,Woodwork,650.0,2300,2700,1000,synthetic_benchmark
100W Type-C Heavy Duty Braided Charging Cable 2m,Electronics,1330.0,3050,3700,1950,synthetic_benchmark
Deluxe Handmade Brass Meenakari Enamel Bangles Set,Jewelry,210.0,1150,1400,400,synthetic_benchmark
Handspun Cotton Table Runner with Tribal Motifs,Handloom Textile,1180.0,2450,2850,1750,synthetic_benchmark
Earthen Clay Cooking Handi Pot,Pottery & Clay,330.0,700,800,550,synthetic_benchmark
10000mAh Magnetic Wireless Power Bank Fast Charge,Electronics,1390.0,3500,4450,2050,synthetic_benchmark
Cast Iron Artisan Skillet Fry Pan,Metalwork,990.0,2150,2500,1500,synthetic_benchmark
Cast Iron Artisan Skillet Fry Pan,Metalwork,1600.0,4550,6000,2350,synthetic_benchmark
Sandalwood Carved Incense Stick Holder,Woodwork,170.0,650,800,350,synthetic_benchmark
Traditional Handpainted Clay Diya Festive Set,Pottery & Clay,190.0,600,750,350,synthetic_benchmark
Eco-Friendly Artisan Filigree Pure Silver Toe Rings Pair,Jewelry,1830.0,5200,6550,2650,synthetic_benchmark
Authentic Terracotta Handpainted Statement Jewelry Set,Jewelry,940.0,3200,4050,1400,synthetic_benchmark
Hand-Beaten Brass Dining Platter Thali Set,Metalwork,1020.0,2850,3750,1550,synthetic_benchmark
Handmade Organic Handloom Linen Scarf with Tassels,Handloom Textile,510.0,1650,2150,800,synthetic_benchmark
Handmade Wooden Coaster Set of 6 with Stand,Woodwork,750.0,2550,3150,1150,synthetic_benchmark
Traditional Temple Jewelry Gold Plated Pendant,Jewelry,1380.0,4700,5500,2050,synthetic_benchmark
Authentic Handmade Mango Wood Candle Stand Pair,Woodwork,790.0,2150,2700,1200,synthetic_benchmark
7-in-1 Aluminium USB-C Multiport Hub Adapter,Electronics,310.0,900,1150,550,synthetic_benchmark
Traditional Handpainted Clay Diya Festive Set,Pottery & Clay,180.0,700,950,350,synthetic_benchmark
65W GaN USB-C Fast Charger with Foldable Plug,Electronics,1060.0,2050,2400,1600,synthetic_benchmark
Handmade Clay Coffee Mugs Set of 2,Pottery & Clay,200.0,700,900,400,synthetic_benchmark
Earthen Clay Cooking Handi Pot,Pottery & Clay,320.0,950,1250,550,synthetic_benchmark
Premium Mirror Work Kutch Embroidered Wall Tapestry,Embroidery,660.0,2350,2750,1000,synthetic_benchmark
Zardozi Work Hand-Embroidered Velvet Clutch Bag,Embroidery,380.0,1300,1500,650,synthetic_benchmark
Carved Sheesham Wood Elephant Figurine,Woodwork,410.0,1300,1650,650,synthetic_benchmark
Exquisite Handmade Terracotta Decorative Wall Hanging,Pottery & Clay,200.0,600,750,400,synthetic_benchmark
Handmade Brass Meenakari Enamel Bangles Set,Jewelry,730.0,2150,2700,1100,synthetic_benchmark
Handmade Wooden Coaster Set of 6 with Stand,Woodwork,180.0,700,850,350,synthetic_benchmark
Traditional Temple Jewelry Gold Plated Pendant,Jewelry,2470.0,7150,8200,3550,synthetic_benchmark
Eco-Friendly Handmade Clay Coffee Mugs Set of 2,Pottery & Clay,50.0,450,500,150,synthetic_benchmark
Custom Noise Cancelling Over-Ear Studio Headphones,Electronics,470.0,1300,1700,750,synthetic_benchmark
Handcrafted Terracotta Water Pitcher with Traditional Lid,Pottery & Clay,100.0,400,550,250,synthetic_benchmark
Deluxe Sandalwood Carved Incense Stick Holder,Woodwork,610.0,1650,2050,950,synthetic_benchmark
Custom Hand-Embroidered Chikankari Cotton Kurti,Embroidery,940.0,2300,2550,1400,synthetic_benchmark
Handmade Mango Wood Candle Stand Pair,Woodwork,400.0,1250,1650,650,synthetic_benchmark
Handmade Clay Coffee Mugs Set of 2,Pottery & Clay,150.0,550,700,300,synthetic_benchmark
Hand-Beaten Brass Dining Platter Thali Set,Metalwork,1220.0,3000,3300,1800,synthetic_benchmark
Handmade Clay Coffee Mugs Set of 2,Pottery & Clay,220.0,600,800,400,synthetic_benchmark
Noise Cancelling Over-Ear Studio Headphones,Electronics,1450.0,2400,3150,2150,synthetic_benchmark
Handmade Handcrafted Beaded Semi-Precious Stone Bracelet,Jewelry,1790.0,4800,5700,2600,synthetic_benchmark
Deluxe Handwoven Cotton Chanderi Dupatta with Booti Work,Handloom Textile,2960.0,9300,12450,4250,synthetic_benchmark
Hand-Embroidered Chikankari Cotton Kurti,Embroidery,830.0,2200,2700,1250,synthetic_benchmark
Eco-Friendly Handwoven Cotton Chanderi Dupatta with Booti Work,Handloom Textile,3460.0,9500,11050,4950,synthetic_benchmark
Handmade Clay Coffee Mugs Set of 2,Pottery & Clay,100.0,550,700,250,synthetic_benchmark
Handwoven Cotton Chanderi Dupatta with Booti Work,Handloom Textile,1450.0,3900,4650,2150,synthetic_benchmark
Kantha Stitch Embroidered Cotton Cushion Covers Pair,Embroidery,720.0,2000,2250,1100,synthetic_benchmark
Handmade Brass Pooja Bell with Peacock Handle,Metalwork,730.0,2050,2400,1100,synthetic_benchmark
Artisan Hand-Carved Wooden Wall Panel Relief,Woodwork,920.0,2600,3450,1400,synthetic_benchmark
Handcrafted Terracotta Water Pitcher with Traditional Lid,Pottery & Clay,70.0,450,600,200,synthetic_benchmark
Handspun Cotton Table Runner with Tribal Motifs,Handloom Textile,1510.0,3850,5100,2200,synthetic_benchmark
Exquisite Handmade Terracotta Decorative Wall Hanging,Pottery & Clay,300.0,850,950,500,synthetic_benchmark
Authentic Sculpted Clay Floral Vase with Rustic Finish,Pottery & Clay,320.0,800,900,550,synthetic_benchmark
Cast Iron Artisan Skillet Fry Pan,Metalwork,1180.0,3200,4150,1750,synthetic_benchmark
Hand-Stitched Patchwork Quilt Throw Blanket,Embroidery,940.0,2400,3000,1400,synthetic_benchmark
Cast Iron Artisan Skillet Fry Pan,Metalwork,1700.0,5400,6650,2500,synthetic_benchmark
Classic Premium 60W Fast Charging Laptop Charger Power Adapter,Electronics,1190.0,2200,2750,1750,synthetic_benchmark
Classic Handwoven Woolen Kashmiri Pashmina Shawl,Handloom Textile,420.0,1300,1600,700,synthetic_benchmark
Handmade Brass Meenakari Enamel Bangles Set,Jewelry,1730.0,4100,5200,2500,synthetic_benchmark
Authentic Hand-Embroidered Chikankari Cotton Kurti,Embroidery,430.0,1200,1300,700,synthetic_benchmark
Dhokra Brass Hand-Cast Tribal Figurine,Metalwork,1260.0,3300,4450,1850,synthetic_benchmark
Pochampally Ikat Handwoven Saree,Handloom Textile,3040.0,6650,8550,4350,synthetic_benchmark
Handmade Kundan & Pearl Jhumka Earrings,Jewelry,2330.0,5500,7150,3350,synthetic_benchmark
Handmade Brass Meenakari Enamel Bangles Set,Jewelry,1740.0,6000,6950,2550,synthetic_benchmark
Artisan Filigree Pure Silver Toe Rings Pair,Jewelry,1730.0,6650,7650,2500,synthetic_benchmark
Artisan Hand-Carved Wooden Wall Panel Relief,Woodwork,1130.0,4150,5450,1700,synthetic_benchmark
Artisan Filigree Pure Silver Toe Rings Pair,Jewelry,1580.0,4050,5100,2300,synthetic_benchmark
Sandalwood Carved Incense Stick Holder,Woodwork,520.0,1900,2150,850,synthetic_benchmark
Handloom Sambalpuri Silk Traditional Saree,Handloom Textile,1170.0,3100,3950,1750,synthetic_benchmark
Sandalwood Carved Incense Stick Holder,Woodwork,590.0,2050,2750,950,synthetic_benchmark
Authentic 10000mAh Magnetic Wireless Power Bank Fast Charge,Electronics,1130.0,3000,3650,1700,synthetic_benchmark
Handmade Brass Meenakari Enamel Bangles Set,Jewelry,240.0,1350,1600,450,synthetic_benchmark
Authentic Traditional Temple Jewelry Gold Plated Pendant,Jewelry,890.0,2850,3400,1350,synthetic_benchmark
Kantha Stitch Embroidered Cotton Cushion Covers Pair,Embroidery,190.0,750,950,350,synthetic_benchmark
Handmade Soft Stuffed Bunny Toy Holding a Carrot,Embroidery,580.0,1950,2350,900,synthetic_benchmark
Cast Iron Artisan Skillet Fry Pan,Metalwork,350.0,1200,1600,600,synthetic_benchmark
10000mAh Magnetic Wireless Power Bank Fast Charge,Electronics,490.0,1500,1950,800,synthetic_benchmark
Sculpted Clay Floral Vase with Rustic Finish,Pottery & Clay,140.0,350,450,300,synthetic_benchmark
Handcrafted Artisan Glazed Ceramic Dining Soup Bowls Set of 4,Pottery & Clay,240.0,550,600,450,synthetic_benchmark
Artisan Glazed Ceramic Dining Soup Bowls Set of 4,Pottery & Clay,280.0,700,800,500,synthetic_benchmark
Handmade Brass Pooja Bell with Peacock Handle,Metalwork,1710.0,3850,4900,2500,synthetic_benchmark
Artisan Glazed Ceramic Dining Soup Bowls Set of 4,Pottery & Clay,190.0,650,850,350,synthetic_benchmark
Hand-Beaten Brass Dining Platter Thali Set,Metalwork,1030.0,3300,4100,1550,synthetic_benchmark
Organic Handloom Linen Scarf with Tassels,Handloom Textile,3340.0,9400,12100,4800,synthetic_benchmark
Traditional Handcrafted Beaded Semi-Precious Stone Bracelet,Jewelry,520.0,1450,1800,850,synthetic_benchmark
Deluxe Hand-Embroidered Chikankari Cotton Kurti,Embroidery,410.0,1200,1350,650,synthetic_benchmark
Cast Iron Artisan Skillet Fry Pan,Metalwork,650.0,1800,2300,1000,synthetic_benchmark
Custom Artisan Glazed Ceramic Dining Soup Bowls Set of 4,Pottery & Clay,320.0,1100,1400,550,synthetic_benchmark
Premium Handspun Cotton Table Runner with Tribal Motifs,Handloom Textile,960.0,3050,3450,1450,synthetic_benchmark
Deluxe Pochampally Ikat Handwoven Saree,Handloom Textile,810.0,2500,3050,1250,synthetic_benchmark
Handmade Handloom Sambalpuri Silk Traditional Saree,Handloom Textile,1930.0,4350,5800,2800,synthetic_benchmark
Handmade Kundan & Pearl Jhumka Earrings,Jewelry,1050.0,3800,4800,1550,synthetic_benchmark
Vintage Khadi Cotton Handloom Kurta for Men,Handloom Textile,2540.0,6050,7350,3650,synthetic_benchmark
Traditional Handpainted Clay Diya Festive Set,Pottery & Clay,70.0,250,300,200,synthetic_benchmark
Handmade Mango Wood Candle Stand Pair,Woodwork,860.0,2400,3150,1300,synthetic_benchmark
Handwoven Woolen Kashmiri Pashmina Shawl,Handloom Textile,820.0,1950,2600,1250,synthetic_benchmark
Traditional Temple Jewelry Gold Plated Pendant,Jewelry,1410.0,3550,3900,2050,synthetic_benchmark
Artisan Glazed Ceramic Dining Soup Bowls Set of 4,Pottery & Clay,300.0,1050,1300,500,synthetic_benchmark
Antique Finish Pure Copper Water Bottle (1 Litre),Metalwork,300.0,850,1000,500,synthetic_benchmark
Eco-Friendly Handloom Pure Silk Banarasi Saree with Zari Border,Handloom Textile,3180.0,7550,9250,4550,synthetic_benchmark
Noise Cancelling Over-Ear Studio Headphones,Electronics,400.0,1250,1450,650,synthetic_benchmark
Ergonomic Wireless Silent Optical Mouse,Electronics,1030.0,2300,2800,1550,synthetic_benchmark
Traditional Temple Jewelry Gold Plated Pendant,Jewelry,2090.0,8000,9350,3050,synthetic_benchmark
Artisan Ceramic Planter with Drainage Plate,Pottery & Clay,250.0,800,900,450,synthetic_benchmark
Vintage Handmade Brass Meenakari Enamel Bangles Set,Jewelry,2490.0,5800,6850,3600,synthetic_benchmark
Artisan Handspun Cotton Table Runner with Tribal Motifs,Handloom Textile,320.0,1000,1250,550,synthetic_benchmark
Artisan Glazed Ceramic Dining Soup Bowls Set of 4,Pottery & Clay,60.0,550,650,200,synthetic_benchmark
45W Type-C Fast Charger for Ultrasharp Laptops,Electronics,1380.0,3500,4000,2050,synthetic_benchmark
Cast Iron Artisan Skillet Fry Pan,Metalwork,290.0,1150,1450,500,synthetic_benchmark
Handmade Brass Meenakari Enamel Bangles Set,Jewelry,1530.0,5400,6200,2250,synthetic_benchmark
Premium 100W Type-C Heavy Duty Braided Charging Cable 2m,Electronics,1460.0,2650,3400,2150,synthetic_benchmark
Handmade Brass Meenakari Enamel Bangles Set,Jewelry,520.0,1250,1400,850,synthetic_benchmark
Classic Traditional Jamdani Cotton Saree,Handloom Textile,3040.0,9500,11350,4350,synthetic_benchmark
Handmade Clay Kulhad Chai Cups Set of 6,Pottery & Clay,170.0,650,800,350,synthetic_benchmark
Deluxe Premium 60W Fast Charging Laptop Charger Power Adapter,Electronics,890.0,1500,1950,1350,synthetic_benchmark
Premium 60W Fast Charging Laptop Charger Power Adapter,Electronics,380.0,850,1150,650,synthetic_benchmark
Handloom Pure Silk Banarasi Saree with Zari Border,Handloom Textile,1020.0,3150,4200,1550,synthetic_benchmark
65W GaN USB-C Fast Charger with Foldable Plug,Electronics,770.0,1600,2150,1200,synthetic_benchmark
Deluxe Phulkari Hand-Embroidered Traditional Dupatta,Embroidery,210.0,700,850,400,synthetic_benchmark
7-in-1 Aluminium USB-C Multiport Hub Adapter,Electronics,610.0,1550,1850,950,synthetic_benchmark
Traditional Hand-Stitched Patchwork Quilt Throw Blanket,Embroidery,850.0,2600,3100,1300,synthetic_benchmark
Traditional Handmade Brass Diya Oil Lamp Hanging,Metalwork,940.0,2500,3000,1400,synthetic_benchmark
Handmade Kundan & Pearl Jhumka Earrings,Jewelry,250.0,650,850,450,synthetic_benchmark
Artisan Filigree Pure Silver Toe Rings Pair,Jewelry,1380.0,3600,4500,2050,synthetic_benchmark
Handcrafted Oxidised 925 Silver Tribal Choker Necklace,Jewelry,1320.0,4900,5850,1950,synthetic_benchmark
Handmade Soft Stuffed Bunny Toy Holding a Carrot,Embroidery,350.0,1300,1750,600,synthetic_benchmark
Deluxe Cast Iron Artisan Skillet Fry Pan,Metalwork,1260.0,3000,3750,1850,synthetic_benchmark
Premium Pochampally Ikat Handwoven Saree,Handloom Textile,2850.0,6500,7400,4100,synthetic_benchmark
Handmade Brass Diya Oil Lamp Hanging,Metalwork,680.0,1800,2450,1050,synthetic_benchmark
Artisan Handcrafted Walnut Wood Decorative Serving Tray,Woodwork,510.0,1300,1700,800,synthetic_benchmark
Dhokra Brass Hand-Cast Tribal Figurine,Metalwork,350.0,1250,1600,600,synthetic_benchmark
Artisan Intricately Carved Wooden Jewellery Box with Brass Inlay,Woodwork,900.0,3100,3500,1350,synthetic_benchmark
Handmade Mango Wood Candle Stand Pair,Woodwork,510.0,1450,1900,800,synthetic_benchmark
Terracotta Handpainted Statement Jewelry Set,Jewelry,1200.0,2850,3550,1800,synthetic_benchmark
Khadi Cotton Handloom Kurta for Men,Handloom Textile,810.0,2700,3050,1250,synthetic_benchmark
Handmade Authentic Kanjivaram Silk Festive Saree,Handloom Textile,1950.0,5450,7100,2850,synthetic_benchmark
Authentic Handmade Brass Meenakari Enamel Bangles Set,Jewelry,2160.0,5250,6700,3100,synthetic_benchmark
Ergonomic Wireless Silent Optical Mouse,Electronics,380.0,1050,1250,650,synthetic_benchmark
Handmade Brass Meenakari Enamel Bangles Set,Jewelry,1550.0,6200,7450,2250,synthetic_benchmark
Premium Handmade Brass Meenakari Enamel Bangles Set,Jewelry,1700.0,6150,7700,2500,synthetic_benchmark
Handcrafted Oxidised 925 Silver Tribal Choker Necklace,Jewelry,1500.0,3800,4350,2200,synthetic_benchmark
Classic Handmade Brass Pooja Bell with Peacock Handle,Metalwork,1520.0,4350,5800,2250,synthetic_benchmark
Traditional Jamdani Cotton Saree,Handloom Textile,760.0,1850,2400,1150,synthetic_benchmark
Handmade Intricately Carved Wooden Jewellery Box with Brass Inlay,Woodwork,670.0,2450,2800,1050,synthetic_benchmark
Deluxe Handmade Soft Stuffed Bunny Toy Holding a Carrot,Embroidery,890.0,2300,2750,1350,synthetic_benchmark
Authentic Antique Finish Pure Copper Water Bottle (1 Litre),Metalwork,1770.0,5500,7100,2600,synthetic_benchmark
Antique Finish Pure Copper Water Bottle (1 Litre),Metalwork,1220.0,3200,3600,1800,synthetic_benchmark
Artisan Glazed Ceramic Dining Soup Bowls Set of 4,Pottery & Clay,330.0,850,1050,550,synthetic_benchmark
Premium Authentic Kanjivaram Silk Festive Saree,Handloom Textile,1330.0,2850,3550,1950,synthetic_benchmark
Handmade Kundan & Pearl Jhumka Earrings,Jewelry,760.0,2100,2650,1150,synthetic_benchmark
Terracotta Handpainted Statement Jewelry Set,Jewelry,1870.0,6650,8100,2700,synthetic_benchmark
Handmade Terracotta Decorative Wall Hanging,Pottery & Clay,330.0,800,900,550,synthetic_benchmark
Handmade Crocheted Cotton Baby Blanket,Embroidery,510.0,1300,1650,800,synthetic_benchmark
Classic Terracotta Handpainted Statement Jewelry Set,Jewelry,1530.0,4350,5650,2250,synthetic_benchmark
Traditional Hand-Beaten Brass Dining Platter Thali Set,Metalwork,790.0,2500,3200,1200,synthetic_benchmark
Classic Handmade Terracotta Decorative Wall Hanging,Pottery & Clay,60.0,400,550,200,synthetic_benchmark
Hand-Stitched Patchwork Quilt Throw Blanket,Embroidery,430.0,1050,1250,700,synthetic_benchmark
Authentic Kanjivaram Silk Festive Saree,Handloom Textile,930.0,2450,3050,1400,synthetic_benchmark
Terracotta Handpainted Statement Jewelry Set,Jewelry,2140.0,5100,6350,3100,synthetic_benchmark
Antique Finish Pure Copper Water Bottle (1 Litre),Metalwork,1320.0,3400,4100,1950,synthetic_benchmark
Handwoven Woolen Kashmiri Pashmina Shawl,Handloom Textile,1100.0,2350,2900,1650,synthetic_benchmark
Premium Traditional Jamdani Cotton Saree,Handloom Textile,2380.0,5000,6300,3450,synthetic_benchmark
Custom Handcrafted Terracotta Water Pitcher with Traditional Lid,Pottery & Clay,170.0,650,850,350,synthetic_benchmark
Classic Pure Bronze Kansa Serving Bowls Set of 2,Metalwork,1060.0,3450,4500,1600,synthetic_benchmark
Handmade Wooden Coaster Set of 6 with Stand,Woodwork,350.0,1250,1600,600,synthetic_benchmark
Handmade Teak Wood Kitchen Spatula & Spoon Set,Woodwork,300.0,950,1300,500,synthetic_benchmark
Exquisite Handcrafted Bamboo Wood Bluetooth Wireless Speaker,Electronics,700.0,1400,1600,1100,synthetic_benchmark
Vintage Hand-Embroidered Chikankari Cotton Kurti,Embroidery,590.0,1900,2350,950,synthetic_benchmark
Pochampally Ikat Handwoven Saree,Handloom Textile,2380.0,5500,7250,3450,synthetic_benchmark
Handcrafted Walnut Wood Decorative Serving Tray,Woodwork,960.0,2700,3250,1450,synthetic_benchmark
Vintage Pochampally Ikat Handwoven Saree,Handloom Textile,2470.0,6150,8000,3550,synthetic_benchmark
65W GaN USB-C Fast Charger with Foldable Plug,Electronics,1100.0,2550,2850,1650,synthetic_benchmark
Custom 45W Type-C Fast Charger for Ultrasharp Laptops,Electronics,1490.0,3500,4250,2200,synthetic_benchmark
Handcrafted Terracotta Water Pitcher with Traditional Lid,Pottery & Clay,130.0,450,600,300,synthetic_benchmark
Ergonomic Wireless Silent Optical Mouse,Electronics,540.0,1100,1250,850,synthetic_benchmark
Handcrafted Terracotta Water Pitcher with Traditional Lid,Pottery & Clay,90.0,550,650,250,synthetic_benchmark
Handmade Crocheted Cotton Baby Blanket,Embroidery,350.0,1100,1450,600,synthetic_benchmark
Phulkari Hand-Embroidered Traditional Dupatta,Embroidery,830.0,2400,2850,1250,synthetic_benchmark
Ergonomic Wireless Silent Optical Mouse,Electronics,350.0,1000,1150,600,synthetic_benchmark
Traditional Handspun Cotton Table Runner with Tribal Motifs,Handloom Textile,3030.0,7650,9800,4350,synthetic_benchmark
Sandalwood Carved Incense Stick Holder,Woodwork,1100.0,3000,3900,1650,synthetic_benchmark
Zardozi Work Hand-Embroidered Velvet Clutch Bag,Embroidery,660.0,2050,2700,1000,synthetic_benchmark
Exquisite Handloom Pure Silk Banarasi Saree with Zari Border,Handloom Textile,530.0,1600,2000,850,synthetic_benchmark
Traditional Jamdani Cotton Saree,Handloom Textile,3150.0,7900,9550,4500,synthetic_benchmark
Handwoven Woolen Kashmiri Pashmina Shawl,Handloom Textile,2260.0,6200,7200,3250,synthetic_benchmark
Premium 10000mAh Magnetic Wireless Power Bank Fast Charge,Electronics,1480.0,2700,3400,2150,synthetic_benchmark
Handcrafted Beaded Semi-Precious Stone Bracelet,Jewelry,400.0,1800,2100,650,synthetic_benchmark
Handmade Brass Pooja Bell with Peacock Handle,Metalwork,1730.0,3900,5100,2500,synthetic_benchmark
Handspun Cotton Table Runner with Tribal Motifs,Handloom Textile,1010.0,2250,3000,1500,synthetic_benchmark
Handcrafted Handwoven Cotton Chanderi Dupatta with Booti Work,Handloom Textile,1740.0,4250,5100,2550,synthetic_benchmark
Premium Artisan Glazed Ceramic Dining Soup Bowls Set of 4,Pottery & Clay,190.0,500,550,350,synthetic_benchmark
Eco-Friendly Noise Cancelling Over-Ear Studio Headphones,Electronics,970.0,1750,2250,1450,synthetic_benchmark
10000mAh Magnetic Wireless Power Bank Fast Charge,Electronics,380.0,850,1050,650,synthetic_benchmark
Intricately Carved Wooden Jewellery Box with Brass Inlay,Woodwork,170.0,700,900,350,synthetic_benchmark
Handmade Intricately Carved Wooden Jewellery Box with Brass Inlay,Woodwork,570.0,2000,2250,900,synthetic_benchmark
Handwoven Woolen Kashmiri Pashmina Shawl,Handloom Textile,2570.0,6350,7900,3700,synthetic_benchmark
Dhokra Brass Hand-Cast Tribal Figurine,Metalwork,700.0,1650,2000,1100,synthetic_benchmark
Traditional Handpainted Clay Diya Festive Set,Pottery & Clay,200.0,850,1100,400,synthetic_benchmark
Ergonomic Wireless Silent Optical Mouse,Electronics,1160.0,2400,2850,1700,synthetic_benchmark
Handcrafted Artisan Filigree Pure Silver Toe Rings Pair,Jewelry,1930.0,5200,5850,2800,synthetic_benchmark
Artisan Handmade Brass Diya Oil Lamp Hanging,Metalwork,740.0,2000,2250,1150,synthetic_benchmark
Traditional Jamdani Cotton Saree,Handloom Textile,2130.0,4900,6600,3100,synthetic_benchmark
Handmade Soft Stuffed Bunny Toy Holding a Carrot,Embroidery,340.0,850,1050,600,synthetic_benchmark
Earthen Clay Cooking Handi Pot,Pottery & Clay,290.0,800,950,500,synthetic_benchmark
Artisan Ceramic Planter with Drainage Plate,Pottery & Clay,150.0,650,800,300,synthetic_benchmark
Handcrafted Walnut Wood Decorative Serving Tray,Woodwork,820.0,2550,3200,1250,synthetic_benchmark
Pure Bronze Kansa Serving Bowls Set of 2,Metalwork,350.0,1150,1500,600,synthetic_benchmark
Ergonomic Wireless Silent Optical Mouse,Electronics,330.0,800,900,550,synthetic_benchmark
Antique Finish Pure Copper Water Bottle (1 Litre),Metalwork,1170.0,2650,2950,1750,synthetic_benchmark
Premium Handmade Terracotta Decorative Wall Hanging,Pottery & Clay,170.0,650,750,350,synthetic_benchmark
Custom Handmade Brass Pooja Bell with Peacock Handle,Metalwork,1520.0,4750,5700,2250,synthetic_benchmark
Handmade Terracotta Decorative Wall Hanging,Pottery & Clay,110.0,600,750,250,synthetic_benchmark
Custom Pochampally Ikat Handwoven Saree,Handloom Textile,880.0,2050,2300,1350,synthetic_benchmark
Traditional Temple Jewelry Gold Plated Pendant,Jewelry,700.0,2450,2900,1100,synthetic_benchmark
Handmade Terracotta Decorative Wall Hanging,Pottery & Clay,290.0,750,1000,500,synthetic_benchmark
Antique Finish Pure Copper Water Bottle (1 Litre),Metalwork,1370.0,3950,4950,2000,synthetic_benchmark
Handloom Pure Silk Banarasi Saree with Zari Border,Handloom Textile,2950.0,5700,6450,4250,synthetic_benchmark
Artisan Sculpted Clay Floral Vase with Rustic Finish,Pottery & Clay,290.0,1050,1250,500,synthetic_benchmark
Deluxe Handcrafted Terracotta Water Pitcher with Traditional Lid,Pottery & Clay,140.0,350,400,300,synthetic_benchmark
Artisan USB-C to Lightning Braided Fast Sync Cable,Electronics,910.0,1700,2150,1350,synthetic_benchmark
Custom Pure Bronze Kansa Serving Bowls Set of 2,Metalwork,370.0,1450,1850,600,synthetic_benchmark
Handcrafted Phulkari Hand-Embroidered Traditional Dupatta,Embroidery,230.0,700,800,400,synthetic_benchmark
Authentic Artisan Filigree Pure Silver Toe Rings Pair,Jewelry,370.0,1650,2100,600,synthetic_benchmark
Vintage Handmade Clay Kulhad Chai Cups Set of 6,Pottery & Clay,90.0,550,700,250,synthetic_benchmark
Handmade Teak Wood Kitchen Spatula & Spoon Set,Woodwork,540.0,1900,2450,850,synthetic_benchmark
Handmade Handcrafted Beaded Semi-Precious Stone Bracelet,Jewelry,2190.0,8400,9400,3150,synthetic_benchmark
Phulkari Hand-Embroidered Traditional Dupatta,Embroidery,940.0,2350,2900,1400,synthetic_benchmark
Handloom Pure Silk Banarasi Saree with Zari Border,Handloom Textile,640.0,2200,2950,1000,synthetic_benchmark
Carved Sheesham Wood Elephant Figurine,Woodwork,700.0,1750,2050,1100,synthetic_benchmark
Handmade Brass Pooja Bell with Peacock Handle,Metalwork,1480.0,3250,3600,2150,synthetic_benchmark
Phulkari Hand-Embroidered Traditional Dupatta,Embroidery,200.0,950,1100,400,synthetic_benchmark
Hand-Stitched Patchwork Quilt Throw Blanket,Embroidery,240.0,950,1100,450,synthetic_benchmark
Traditional Intricately Carved Wooden Jewellery Box with Brass Inlay,Woodwork,1070.0,3050,3400,1600,synthetic_benchmark
Exquisite Sandalwood Carved Incense Stick Holder,Woodwork,1130.0,3400,4000,1700,synthetic_benchmark
Authentic Handmade Brass Diya Oil Lamp Hanging,Metalwork,700.0,1900,2500,1100,synthetic_benchmark
Vintage Antique Finish Pure Copper Water Bottle (1 Litre),Metalwork,1350.0,3200,3750,2000,synthetic_benchmark
Zardozi Work Hand-Embroidered Velvet Clutch Bag,Embroidery,260.0,850,950,450,synthetic_benchmark
Pure Bronze Kansa Serving Bowls Set of 2,Metalwork,620.0,1450,1750,950,synthetic_benchmark
65W GaN USB-C Fast Charger with Foldable Plug,Electronics,440.0,1150,1500,700,synthetic_benchmark
Handmade Wooden Coaster Set of 6 with Stand,Woodwork,910.0,2800,3250,1350,synthetic_benchmark
Classic Kantha Stitch Embroidered Cotton Cushion Covers Pair,Embroidery,270.0,850,1100,500,synthetic_benchmark
Vintage Traditional Temple Jewelry Gold Plated Pendant,Jewelry,1400.0,4000,5150,2050,synthetic_benchmark
Zardozi Work Hand-Embroidered Velvet Clutch Bag,Embroidery,960.0,2950,3800,1450,synthetic_benchmark
Handmade Crocheted Cotton Baby Blanket,Embroidery,690.0,1600,1850,1050,synthetic_benchmark
Handmade Wooden Coaster Set of 6 with Stand,Woodwork,990.0,2500,3050,1500,synthetic_benchmark
100W Type-C Heavy Duty Braided Charging Cable 2m,Electronics,670.0,1450,1850,1050,synthetic_benchmark
Traditional Jamdani Cotton Saree,Handloom Textile,3010.0,7600,9750,4300,synthetic_benchmark
Handloom Sambalpuri Silk Traditional Saree,Handloom Textile,530.0,1850,2450,850,synthetic_benchmark
USB-C to Lightning Braided Fast Sync Cable,Electronics,1360.0,3500,4350,2000,synthetic_benchmark
Deluxe Handloom Pure Silk Banarasi Saree with Zari Border,Handloom Textile,3320.0,9250,10400,4750,synthetic_benchmark
Handmade Soft Stuffed Bunny Toy Holding a Carrot,Embroidery,840.0,2200,2900,1300,synthetic_benchmark
Mirror Work Kutch Embroidered Wall Tapestry,Embroidery,810.0,2450,3000,1250,synthetic_benchmark
Handmade Teak Wood Kitchen Spatula & Spoon Set,Woodwork,390.0,1450,1750,650,synthetic_benchmark
Handcrafted Oxidised 925 Silver Tribal Choker Necklace,Jewelry,1470.0,4250,5250,2150,synthetic_benchmark
Handcrafted Oxidised 925 Silver Tribal Choker Necklace,Jewelry,500.0,1650,2050,800,synthetic_benchmark
Handcrafted Phulkari Hand-Embroidered Traditional Dupatta,Embroidery,920.0,2100,2450,1400,synthetic_benchmark
Handcrafted Traditional Handpainted Clay Diya Festive Set,Pottery & Clay,100.0,500,600,250,synthetic_benchmark
Authentic Ergonomic Wireless Silent Optical Mouse,Electronics,1460.0,3400,4450,2150,synthetic_benchmark
Handcrafted Mirror Work Kutch Embroidered Wall Tapestry,Embroidery,610.0,1400,1850,950,synthetic_benchmark
Handcrafted Walnut Wood Decorative Serving Tray,Woodwork,210.0,800,900,400,synthetic_benchmark
Eco-Friendly Zardozi Work Hand-Embroidered Velvet Clutch Bag,Embroidery,820.0,2600,3300,1250,synthetic_benchmark
Handmade Handwoven Woolen Kashmiri Pashmina Shawl,Handloom Textile,2350.0,5750,7200,3400,synthetic_benchmark
Handmade Brass Diya Oil Lamp Hanging,Metalwork,810.0,1750,2300,1250,synthetic_benchmark
Zardozi Work Hand-Embroidered Velvet Clutch Bag,Embroidery,960.0,2200,2550,1450,synthetic_benchmark
Handmade Soft Stuffed Bunny Toy Holding a Carrot,Embroidery,640.0,2200,2500,1000,synthetic_benchmark
Hand-Beaten Brass Dining Platter Thali Set,Metalwork,1270.0,3100,4150,1900,synthetic_benchmark
Traditional Handpainted Clay Diya Festive Set,Pottery & Clay,150.0,600,700,300,synthetic_benchmark
Eco-Friendly Handmade Soft Stuffed Bunny Toy Holding a Carrot,Embroidery,390.0,1250,1550,650,synthetic_benchmark
Classic Handloom Pure Silk Banarasi Saree with Zari Border,Handloom Textile,360.0,1500,1950,600,synthetic_benchmark
Hand-Stitched Patchwork Quilt Throw Blanket,Embroidery,980.0,2100,2650,1450,synthetic_benchmark
Authentic Kanjivaram Silk Festive Saree,Handloom Textile,2190.0,5650,7450,3150,synthetic_benchmark
Handloom Sambalpuri Silk Traditional Saree,Handloom Textile,1230.0,2400,3000,1800,synthetic_benchmark
Premium 100W Type-C Heavy Duty Braided Charging Cable 2m,Electronics,890.0,1600,1850,1350,synthetic_benchmark
Sandalwood Carved Incense Stick Holder,Woodwork,290.0,850,1050,500,synthetic_benchmark
Authentic Handmade Mango Wood Candle Stand Pair,Woodwork,1120.0,3400,3950,1650,synthetic_benchmark
Handmade Crocheted Cotton Baby Blanket,Embroidery,260.0,850,1000,450,synthetic_benchmark
Handspun Cotton Table Runner with Tribal Motifs,Handloom Textile,1280.0,4000,4750,1900,synthetic_benchmark
Artisan Filigree Pure Silver Toe Rings Pair,Jewelry,2290.0,6750,8900,3300,synthetic_benchmark
Handmade Brass Pooja Bell with Peacock Handle,Metalwork,1180.0,3600,4250,1750,synthetic_benchmark
Handmade Brass Diya Oil Lamp Hanging,Metalwork,530.0,1350,1700,850,synthetic_benchmark
Handmade Handloom Pure Silk Banarasi Saree with Zari Border,Handloom Textile,800.0,2300,3050,1200,synthetic_benchmark
Traditional Handcrafted Bamboo Wood Bluetooth Wireless Speaker,Electronics,970.0,1800,2250,1450,synthetic_benchmark
Artisan Glazed Ceramic Dining Soup Bowls Set of 4,Pottery & Clay,370.0,900,1000,600,synthetic_benchmark
Authentic Handmade Brass Pooja Bell with Peacock Handle,Metalwork,1490.0,4100,4900,2200,synthetic_benchmark
Custom Terracotta Handpainted Statement Jewelry Set,Jewelry,2010.0,5700,7250,2900,synthetic_benchmark
Handmade Mango Wood Candle Stand Pair,Woodwork,330.0,1300,1650,550,synthetic_benchmark
Handcrafted Handmade Clay Kulhad Chai Cups Set of 6,Pottery & Clay,340.0,900,1050,600,synthetic_benchmark
Traditional Handmade Brass Meenakari Enamel Bangles Set,Jewelry,840.0,2200,2900,1300,synthetic_benchmark
Handmade Kundan & Pearl Jhumka Earrings,Jewelry,640.0,2550,3350,1000,synthetic_benchmark
Khadi Cotton Handloom Kurta for Men,Handloom Textile,3240.0,7850,10050,4650,synthetic_benchmark
Carved Sheesham Wood Elephant Figurine,Woodwork,810.0,1850,2200,1250,synthetic_benchmark
Sandalwood Carved Incense Stick Holder,Woodwork,720.0,2250,2600,1100,synthetic_benchmark
Artisan 100W Type-C Heavy Duty Braided Charging Cable 2m,Electronics,850.0,1700,2100,1300,synthetic_benchmark
Eco-Friendly Handloom Sambalpuri Silk Traditional Saree,Handloom Textile,2980.0,7700,9700,4250,synthetic_benchmark
Sandalwood Carved Incense Stick Holder,Woodwork,880.0,2600,2950,1350,synthetic_benchmark
Handmade Ergonomic Wireless Silent Optical Mouse,Electronics,1110.0,2850,3750,1650,synthetic_benchmark
Hand-Embroidered Chikankari Cotton Kurti,Embroidery,750.0,1800,2100,1150,synthetic_benchmark
Handmade Kundan & Pearl Jhumka Earrings,Jewelry,2480.0,5500,6400,3550,synthetic_benchmark
Artisan Hand-Beaten Brass Dining Platter Thali Set,Metalwork,1420.0,4500,5650,2100,synthetic_benchmark
Cast Iron Artisan Skillet Fry Pan,Metalwork,1550.0,3500,4000,2250,synthetic_benchmark
Artisan Glazed Ceramic Dining Soup Bowls Set of 4,Pottery & Clay,330.0,1050,1200,550,synthetic_benchmark
Custom Carved Sheesham Wood Elephant Figurine,Woodwork,310.0,1450,1650,550,synthetic_benchmark
Pochampally Ikat Handwoven Saree,Handloom Textile,3380.0,7600,10050,4850,synthetic_benchmark
65W GaN USB-C Fast Charger with Foldable Plug,Electronics,290.0,900,1000,500,synthetic_benchmark
Traditional Handpainted Clay Diya Festive Set,Pottery & Clay,120.0,600,800,250,synthetic_benchmark
10000mAh Magnetic Wireless Power Bank Fast Charge,Electronics,1490.0,2850,3150,2200,synthetic_benchmark
Traditional Authentic Kanjivaram Silk Festive Saree,Handloom Textile,3240.0,8300,10700,4650,synthetic_benchmark
Handmade Wooden Coaster Set of 6 with Stand,Woodwork,310.0,900,1050,550,synthetic_benchmark
Authentic Dhokra Brass Hand-Cast Tribal Figurine,Metalwork,1590.0,5000,6000,2350,synthetic_benchmark
Deluxe Sculpted Clay Floral Vase with Rustic Finish,Pottery & Clay,170.0,700,850,350,synthetic_benchmark
Cast Iron Artisan Skillet Fry Pan,Metalwork,1660.0,4750,5900,2400,synthetic_benchmark
Exquisite Handmade Clay Coffee Mugs Set of 2,Pottery & Clay,400.0,1000,1100,650,synthetic_benchmark
Exquisite Handmade Wooden Coaster Set of 6 with Stand,Woodwork,180.0,850,1000,350,synthetic_benchmark
Premium Authentic Kanjivaram Silk Festive Saree,Handloom Textile,1700.0,4350,4950,2500,synthetic_benchmark
Eco-Friendly Handcrafted Oxidised 925 Silver Tribal Choker Necklace,Jewelry,840.0,3450,4650,1300,synthetic_benchmark
Eco-Friendly 10000mAh Magnetic Wireless Power Bank Fast Charge,Electronics,1230.0,2800,3250,1800,synthetic_benchmark
Ergonomic Wireless Silent Optical Mouse,Electronics,710.0,1900,2200,1100,synthetic_benchmark
Premium 60W Fast Charging Laptop Charger Power Adapter,Electronics,1090.0,3050,3700,1650,synthetic_benchmark
Artisan Glazed Ceramic Dining Soup Bowls Set of 4,Pottery & Clay,260.0,550,750,450,synthetic_benchmark
Handmade Brass Diya Oil Lamp Hanging,Metalwork,620.0,1950,2600,950,synthetic_benchmark
Handcrafted Terracotta Water Pitcher with Traditional Lid,Pottery & Clay,140.0,600,800,300,synthetic_benchmark
Handmade Handcrafted Walnut Wood Decorative Serving Tray,Woodwork,560.0,1600,2150,900,synthetic_benchmark
Deluxe Handmade Soft Stuffed Bunny Toy Holding a Carrot,Embroidery,950.0,3300,3700,1450,synthetic_benchmark
USB-C to Lightning Braided Fast Sync Cable,Electronics,930.0,1750,2200,1400,synthetic_benchmark
Pochampally Ikat Handwoven Saree,Handloom Textile,2060.0,4250,5250,3000,synthetic_benchmark
Handcrafted Bamboo Wood Bluetooth Wireless Speaker,Electronics,930.0,2650,3200,1400,synthetic_benchmark
Premium Hand-Beaten Brass Dining Platter Thali Set,Metalwork,1580.0,3950,4400,2300,synthetic_benchmark
Eco-Friendly Handmade Crocheted Cotton Baby Blanket,Embroidery,910.0,2250,2550,1350,synthetic_benchmark
Handmade Brass Pooja Bell with Peacock Handle,Metalwork,1140.0,3450,3900,1700,synthetic_benchmark
Pochampally Ikat Handwoven Saree,Handloom Textile,3030.0,6100,7250,4350,synthetic_benchmark
Exquisite Premium 60W Fast Charging Laptop Charger Power Adapter,Electronics,1070.0,2550,2850,1600,synthetic_benchmark
Exquisite Handmade Brass Pooja Bell with Peacock Handle,Metalwork,1180.0,3250,3750,1750,synthetic_benchmark
Exquisite Artisan Ceramic Planter with Drainage Plate,Pottery & Clay,260.0,800,900,450,synthetic_benchmark
Handmade Soft Stuffed Bunny Toy Holding a Carrot,Embroidery,480.0,1800,2250,750,synthetic_benchmark
Artisan Handmade Mango Wood Candle Stand Pair,Woodwork,1150.0,3550,4000,1700,synthetic_benchmark
Cast Iron Artisan Skillet Fry Pan,Metalwork,990.0,2750,3200,1500,synthetic_benchmark
Handcrafted Handwoven Cotton Chanderi Dupatta with Booti Work,Handloom Textile,3140.0,6500,8700,4500,synthetic_benchmark
Kantha Stitch Embroidered Cotton Cushion Covers Pair,Embroidery,950.0,2900,3650,1450,synthetic_benchmark
Hand-Stitched Patchwork Quilt Throw Blanket,Embroidery,520.0,1200,1400,850,synthetic_benchmark
Hand-Embroidered Chikankari Cotton Kurti,Embroidery,740.0,2000,2400,1150,synthetic_benchmark
Handwoven Cotton Chanderi Dupatta with Booti Work,Handloom Textile,750.0,2100,2800,1150,synthetic_benchmark
Antique Finish Pure Copper Water Bottle (1 Litre),Metalwork,390.0,1000,1200,650,synthetic_benchmark
Eco-Friendly Handspun Cotton Table Runner with Tribal Motifs,Handloom Textile,3240.0,6900,8850,4650,synthetic_benchmark
Handmade Brass Meenakari Enamel Bangles Set,Jewelry,350.0,1000,1200,600,synthetic_benchmark
Classic Terracotta Handpainted Statement Jewelry Set,Jewelry,1410.0,4750,5400,2050,synthetic_benchmark
Artisan Filigree Pure Silver Toe Rings Pair,Jewelry,2070.0,4400,5900,3000,synthetic_benchmark
Hand-Stitched Patchwork Quilt Throw Blanket,Embroidery,720.0,2000,2350,1100,synthetic_benchmark
Hand-Embroidered Chikankari Cotton Kurti,Embroidery,310.0,1200,1550,550,synthetic_benchmark
Cast Iron Artisan Skillet Fry Pan,Metalwork,1020.0,2450,2950,1550,synthetic_benchmark
Handmade Wooden Coaster Set of 6 with Stand,Woodwork,840.0,2900,3650,1300,synthetic_benchmark
Handmade Mango Wood Candle Stand Pair,Woodwork,690.0,2550,2800,1050,synthetic_benchmark
Artisan Earthen Clay Cooking Handi Pot,Pottery & Clay,400.0,900,1150,650,synthetic_benchmark
Handmade Brass Diya Oil Lamp Hanging,Metalwork,720.0,1650,2050,1100,synthetic_benchmark
Premium Organic Handloom Linen Scarf with Tassels,Handloom Textile,2180.0,7050,9250,3150,synthetic_benchmark
Premium Hand-Stitched Patchwork Quilt Throw Blanket,Embroidery,480.0,1850,2200,750,synthetic_benchmark
Handmade Brass Meenakari Enamel Bangles Set,Jewelry,1720.0,5250,6450,2500,synthetic_benchmark
Mirror Work Kutch Embroidered Wall Tapestry,Embroidery,470.0,1700,2250,750,synthetic_benchmark
Artisan Filigree Pure Silver Toe Rings Pair,Jewelry,1450.0,4000,5400,2150,synthetic_benchmark
Classic Phulkari Hand-Embroidered Traditional Dupatta,Embroidery,930.0,2200,2950,1400,synthetic_benchmark
Handcrafted Bamboo Wood Bluetooth Wireless Speaker,Electronics,1330.0,2150,2550,1950,synthetic_benchmark
Artisan Mirror Work Kutch Embroidered Wall Tapestry,Embroidery,740.0,1950,2400,1150,synthetic_benchmark
Handmade Clay Kulhad Chai Cups Set of 6,Pottery & Clay,110.0,500,600,250,synthetic_benchmark
65W GaN USB-C Fast Charger with Foldable Plug,Electronics,640.0,1600,2000,1000,synthetic_benchmark
Handcrafted Terracotta Water Pitcher with Traditional Lid,Pottery & Clay,270.0,1050,1200,500,synthetic_benchmark
Artisan Filigree Pure Silver Toe Rings Pair,Jewelry,2310.0,7500,9100,3350,synthetic_benchmark
Deluxe Terracotta Handpainted Statement Jewelry Set,Jewelry,370.0,1200,1350,600,synthetic_benchmark
Classic Cast Iron Artisan Skillet Fry Pan,Metalwork,280.0,900,1000,500,synthetic_benchmark
Handmade Clay Kulhad Chai Cups Set of 6,Pottery & Clay,290.0,1000,1150,500,synthetic_benchmark
Pochampally Ikat Handwoven Saree,Handloom Textile,480.0,1550,2050,750,synthetic_benchmark
Hand-Stitched Patchwork Quilt Throw Blanket,Embroidery,280.0,1050,1200,500,synthetic_benchmark
Custom 65W GaN USB-C Fast Charger with Foldable Plug,Electronics,1050.0,1950,2600,1550,synthetic_benchmark
Mirror Work Kutch Embroidered Wall Tapestry,Embroidery,240.0,850,1100,450,synthetic_benchmark
Handcrafted Oxidised 925 Silver Tribal Choker Necklace,Jewelry,2320.0,5550,6100,3350,synthetic_benchmark
Artisan Hand-Stitched Patchwork Quilt Throw Blanket,Embroidery,890.0,1750,2000,1350,synthetic_benchmark
Classic 100W Type-C Heavy Duty Braided Charging Cable 2m,Electronics,1080.0,2350,3150,1600,synthetic_benchmark
Vintage Sculpted Clay Floral Vase with Rustic Finish,Pottery & Clay,130.0,550,650,300,synthetic_benchmark
Hand-Beaten Brass Dining Platter Thali Set,Metalwork,1700.0,5300,7100,2500,synthetic_benchmark
7-in-1 Aluminium USB-C Multiport Hub Adapter,Electronics,640.0,1750,2000,1000,synthetic_benchmark
Exquisite Handcrafted Beaded Semi-Precious Stone Bracelet,Jewelry,310.0,1550,1850,550,synthetic_benchmark
65W GaN USB-C Fast Charger with Foldable Plug,Electronics,800.0,2250,2950,1200,synthetic_benchmark
Artisan Glazed Ceramic Dining Soup Bowls Set of 4,Pottery & Clay,250.0,850,1050,450,synthetic_benchmark
Handmade Soft Stuffed Bunny Toy Holding a Carrot,Embroidery,830.0,2550,3350,1250,synthetic_benchmark
Kantha Stitch Embroidered Cotton Cushion Covers Pair,Embroidery,320.0,1000,1350,550,synthetic_benchmark
Handmade Brass Pooja Bell with Peacock Handle,Metalwork,670.0,2000,2450,1050,synthetic_benchmark
Handcrafted Walnut Wood Decorative Serving Tray,Woodwork,190.0,750,900,350,synthetic_benchmark
Artisan Filigree Pure Silver Toe Rings Pair,Jewelry,320.0,1250,1500,550,synthetic_benchmark
Custom Handmade Brass Meenakari Enamel Bangles Set,Jewelry,1470.0,5150,6600,2150,synthetic_benchmark
Classic Handwoven Cotton Chanderi Dupatta with Booti Work,Handloom Textile,3090.0,6550,7950,4450,synthetic_benchmark
Handmade Soft Stuffed Bunny Toy Holding a Carrot,Embroidery,370.0,1050,1250,600,synthetic_benchmark
Artisan Glazed Ceramic Dining Soup Bowls Set of 4,Pottery & Clay,360.0,750,900,600,synthetic_benchmark
Vintage Handmade Brass Diya Oil Lamp Hanging,Metalwork,1690.0,4500,6050,2450,synthetic_benchmark
Classic Handmade Kundan & Pearl Jhumka Earrings,Jewelry,880.0,2400,2650,1350,synthetic_benchmark
Authentic Sandalwood Carved Incense Stick Holder,Woodwork,800.0,2450,3100,1200,synthetic_benchmark
Handcrafted Oxidised 925 Silver Tribal Choker Necklace,Jewelry,2410.0,5900,7000,3450,synthetic_benchmark
USB-C to Lightning Braided Fast Sync Cable,Electronics,1150.0,2900,3400,1700,synthetic_benchmark
Handwoven Cotton Chanderi Dupatta with Booti Work,Handloom Textile,1270.0,2900,3550,1900,synthetic_benchmark
Phulkari Hand-Embroidered Traditional Dupatta,Embroidery,470.0,1300,1550,750,synthetic_benchmark
Artisan Khadi Cotton Handloom Kurta for Men,Handloom Textile,1020.0,2250,2550,1550,synthetic_benchmark
Authentic 45W Type-C Fast Charger for Ultrasharp Laptops,Electronics,830.0,1500,2000,1250,synthetic_benchmark
Deluxe Handcrafted Oxidised 925 Silver Tribal Choker Necklace,Jewelry,560.0,2300,2900,900,synthetic_benchmark
Handcrafted Bamboo Wood Bluetooth Wireless Speaker,Electronics,1350.0,3250,3800,2000,synthetic_benchmark
Handmade Terracotta Decorative Wall Hanging,Pottery & Clay,170.0,650,800,350,synthetic_benchmark
Handmade Teak Wood Kitchen Spatula & Spoon Set,Woodwork,480.0,1350,1500,750,synthetic_benchmark
Intricately Carved Wooden Jewellery Box with Brass Inlay,Woodwork,260.0,850,1000,450,synthetic_benchmark
Exquisite 7-in-1 Aluminium USB-C Multiport Hub Adapter,Electronics,1480.0,2550,3000,2150,synthetic_benchmark
Noise Cancelling Over-Ear Studio Headphones,Electronics,1280.0,2150,2750,1900,synthetic_benchmark
USB-C to Lightning Braided Fast Sync Cable,Electronics,780.0,2200,2650,1200,synthetic_benchmark
Cast Iron Artisan Skillet Fry Pan,Metalwork,1480.0,3200,4250,2150,synthetic_benchmark
Ergonomic Wireless Silent Optical Mouse,Electronics,1400.0,3450,4650,2050,synthetic_benchmark
Mirror Work Kutch Embroidered Wall Tapestry,Embroidery,180.0,650,750,350,synthetic_benchmark
Authentic Kanjivaram Silk Festive Saree,Handloom Textile,2890.0,5950,8000,4150,synthetic_benchmark
Artisan Cast Iron Artisan Skillet Fry Pan,Metalwork,950.0,2200,2450,1450,synthetic_benchmark
Handmade Crocheted Cotton Baby Blanket,Embroidery,700.0,2100,2350,1100,synthetic_benchmark
Traditional Temple Jewelry Gold Plated Pendant,Jewelry,920.0,3500,4350,1400,synthetic_benchmark
Exquisite Pochampally Ikat Handwoven Saree,Handloom Textile,1780.0,3550,4250,2600,synthetic_benchmark
Deluxe Handwoven Woolen Kashmiri Pashmina Shawl,Handloom Textile,470.0,1550,1800,750,synthetic_benchmark
Pochampally Ikat Handwoven Saree,Handloom Textile,1680.0,5000,6300,2450,synthetic_benchmark
Dhokra Brass Hand-Cast Tribal Figurine,Metalwork,1800.0,4200,4650,2600,synthetic_benchmark
Terracotta Handpainted Statement Jewelry Set,Jewelry,2040.0,8200,10200,2950,synthetic_benchmark
100W Type-C Heavy Duty Braided Charging Cable 2m,Electronics,440.0,1050,1350,700,synthetic_benchmark
Handmade Clay Coffee Mugs Set of 2,Pottery & Clay,110.0,450,600,250,synthetic_benchmark
Artisan Ceramic Planter with Drainage Plate,Pottery & Clay,310.0,650,850,550,synthetic_benchmark
Authentic Terracotta Handpainted Statement Jewelry Set,Jewelry,660.0,2150,2800,1000,synthetic_benchmark
Artisan Glazed Ceramic Dining Soup Bowls Set of 4,Pottery & Clay,310.0,900,1200,550,synthetic_benchmark
Deluxe Handcrafted Walnut Wood Decorative Serving Tray,Woodwork,160.0,900,1050,300,synthetic_benchmark
Premium Noise Cancelling Over-Ear Studio Headphones,Electronics,590.0,1650,1900,950,synthetic_benchmark
Premium Dhokra Brass Hand-Cast Tribal Figurine,Metalwork,1130.0,3400,3800,1700,synthetic_benchmark
Handcrafted Oxidised 925 Silver Tribal Choker Necklace,Jewelry,1590.0,5100,6350,2350,synthetic_benchmark
Sandalwood Carved Incense Stick Holder,Woodwork,980.0,2700,3000,1450,synthetic_benchmark
Handcrafted 45W Type-C Fast Charger for Ultrasharp Laptops,Electronics,1420.0,2400,2900,2100,synthetic_benchmark
Handmade Soft Stuffed Bunny Toy Holding a Carrot,Embroidery,930.0,2500,3200,1400,synthetic_benchmark
45W Type-C Fast Charger for Ultrasharp Laptops,Electronics,1040.0,1800,2250,1550,synthetic_benchmark
Artisan Handmade Brass Pooja Bell with Peacock Handle,Metalwork,340.0,1300,1600,600,synthetic_benchmark
Eco-Friendly Cast Iron Artisan Skillet Fry Pan,Metalwork,380.0,1350,1700,650,synthetic_benchmark
Handmade Intricately Carved Wooden Jewellery Box with Brass Inlay,Woodwork,340.0,1200,1550,600,synthetic_benchmark
Zardozi Work Hand-Embroidered Velvet Clutch Bag,Embroidery,280.0,1150,1450,500,synthetic_benchmark
Handwoven Cotton Chanderi Dupatta with Booti Work,Handloom Textile,730.0,2100,2700,1100,synthetic_benchmark
Carved Sheesham Wood Elephant Figurine,Woodwork,970.0,2700,3250,1450,synthetic_benchmark
Pure Bronze Kansa Serving Bowls Set of 2,Metalwork,1550.0,3900,4400,2250,synthetic_benchmark
Exquisite Handmade Clay Coffee Mugs Set of 2,Pottery & Clay,310.0,950,1150,550,synthetic_benchmark
65W GaN USB-C Fast Charger with Foldable Plug,Electronics,950.0,2250,3000,1450,synthetic_benchmark
Traditional Handmade Crocheted Cotton Baby Blanket,Embroidery,880.0,2200,2600,1350,synthetic_benchmark
Handloom Pure Silk Banarasi Saree with Zari Border,Handloom Textile,3270.0,9500,10500,4700,synthetic_benchmark
Artisan Filigree Pure Silver Toe Rings Pair,Jewelry,2400.0,8500,9800,3450,synthetic_benchmark
Handmade Terracotta Decorative Wall Hanging,Pottery & Clay,210.0,700,900,400,synthetic_benchmark
Intricately Carved Wooden Jewellery Box with Brass Inlay,Woodwork,540.0,1700,1950,850,synthetic_benchmark
Premium Traditional Temple Jewelry Gold Plated Pendant,Jewelry,1250.0,2950,3500,1850,synthetic_benchmark
Handmade Kundan & Pearl Jhumka Earrings,Jewelry,890.0,3550,4700,1350,synthetic_benchmark
Eco-Friendly Noise Cancelling Over-Ear Studio Headphones,Electronics,1030.0,2100,2600,1550,synthetic_benchmark
7-in-1 Aluminium USB-C Multiport Hub Adapter,Electronics,600.0,1200,1550,950,synthetic_benchmark
Sandalwood Carved Incense Stick Holder,Woodwork,1190.0,3500,4200,1750,synthetic_benchmark
Handloom Pure Silk Banarasi Saree with Zari Border,Handloom Textile,3020.0,6400,7400,4350,synthetic_benchmark
Artisan Ceramic Planter with Drainage Plate,Pottery & Clay,140.0,650,800,300,synthetic_benchmark
Handmade Clay Coffee Mugs Set of 2,Pottery & Clay,380.0,1150,1300,650,synthetic_benchmark
Eco-Friendly Handmade Kundan & Pearl Jhumka Earrings,Jewelry,220.0,850,1050,400,synthetic_benchmark
Traditional Cast Iron Artisan Skillet Fry Pan,Metalwork,600.0,1500,1900,950,synthetic_benchmark
Handwoven Woolen Kashmiri Pashmina Shawl,Handloom Textile,470.0,1350,1750,750,synthetic_benchmark
Handmade Wooden Coaster Set of 6 with Stand,Woodwork,190.0,800,1000,350,synthetic_benchmark
Handloom Pure Silk Banarasi Saree with Zari Border,Handloom Textile,3120.0,9500,11450,4450,synthetic_benchmark
Custom Noise Cancelling Over-Ear Studio Headphones,Electronics,1040.0,2000,2550,1550,synthetic_benchmark
Exquisite Artisan Hand-Carved Wooden Wall Panel Relief,Woodwork,650.0,1500,1700,1000,synthetic_benchmark
Kantha Stitch Embroidered Cotton Cushion Covers Pair,Embroidery,310.0,750,950,550,synthetic_benchmark
Sandalwood Carved Incense Stick Holder,Woodwork,1050.0,2750,3250,1550,synthetic_benchmark
Dhokra Brass Hand-Cast Tribal Figurine,Metalwork,790.0,2550,3100,1200,synthetic_benchmark
Deluxe Hand-Beaten Brass Dining Platter Thali Set,Metalwork,270.0,900,1100,500,synthetic_benchmark
USB-C to Lightning Braided Fast Sync Cable,Electronics,280.0,550,750,500,synthetic_benchmark
Pochampally Ikat Handwoven Saree,Handloom Textile,2360.0,5850,6950,3400,synthetic_benchmark
Handmade Terracotta Decorative Wall Hanging,Pottery & Clay,110.0,350,400,250,synthetic_benchmark
Handmade Crocheted Cotton Baby Blanket,Embroidery,510.0,1350,1500,800,synthetic_benchmark
Traditional Handwoven Woolen Kashmiri Pashmina Shawl,Handloom Textile,2960.0,8850,10100,4250,synthetic_benchmark
Handmade Clay Coffee Mugs Set of 2,Pottery & Clay,260.0,650,850,450,synthetic_benchmark
Authentic Artisan Glazed Ceramic Dining Soup Bowls Set of 4,Pottery & Clay,70.0,400,500,200,synthetic_benchmark
Exquisite Artisan Filigree Pure Silver Toe Rings Pair,Jewelry,950.0,3650,4700,1450,synthetic_benchmark
Deluxe Sculpted Clay Floral Vase with Rustic Finish,Pottery & Clay,320.0,900,1050,550,synthetic_benchmark
Deluxe Pochampally Ikat Handwoven Saree,Handloom Textile,530.0,1550,2100,850,synthetic_benchmark
Authentic Hand-Embroidered Chikankari Cotton Kurti,Embroidery,880.0,2000,2600,1350,synthetic_benchmark
Handcrafted Khadi Cotton Handloom Kurta for Men,Handloom Textile,410.0,1400,1550,650,synthetic_benchmark
Handmade Brass Diya Oil Lamp Hanging,Metalwork,510.0,1750,2250,800,synthetic_benchmark
Authentic Traditional Handpainted Clay Diya Festive Set,Pottery & Clay,130.0,450,600,300,synthetic_benchmark
Traditional Hand-Embroidered Chikankari Cotton Kurti,Embroidery,880.0,2100,2800,1350,synthetic_benchmark
Antique Finish Pure Copper Water Bottle (1 Litre),Metalwork,1410.0,3100,3550,2050,synthetic_benchmark
Eco-Friendly Sculpted Clay Floral Vase with Rustic Finish,Pottery & Clay,120.0,550,650,250,synthetic_benchmark
Custom Handmade Clay Kulhad Chai Cups Set of 6,Pottery & Clay,110.0,500,600,250,synthetic_benchmark
Artisan Glazed Ceramic Dining Soup Bowls Set of 4,Pottery & Clay,130.0,650,850,300,synthetic_benchmark
Handmade Crocheted Cotton Baby Blanket,Embroidery,890.0,2750,3500,1350,synthetic_benchmark
Traditional Temple Jewelry Gold Plated Pendant,Jewelry,590.0,2300,2700,950,synthetic_benchmark
Handmade Terracotta Decorative Wall Hanging,Pottery & Clay,130.0,550,650,300,synthetic_benchmark
Authentic Kanjivaram Silk Festive Saree,Handloom Textile,1940.0,5900,7850,2800,synthetic_benchmark
Handmade Terracotta Decorative Wall Hanging,Pottery & Clay,140.0,600,650,300,synthetic_benchmark
Handmade Clay Coffee Mugs Set of 2,Pottery & Clay,400.0,1100,1350,650,synthetic_benchmark
Handmade Crocheted Cotton Baby Blanket,Embroidery,170.0,650,700,350,synthetic_benchmark
Handwoven Woolen Kashmiri Pashmina Shawl,Handloom Textile,1890.0,4700,5200,2750,synthetic_benchmark
Classic Hand-Stitched Patchwork Quilt Throw Blanket,Embroidery,860.0,3100,3650,1300,synthetic_benchmark
Artisan Filigree Pure Silver Toe Rings Pair,Jewelry,2340.0,6950,9150,3400,synthetic_benchmark
Handmade Authentic Kanjivaram Silk Festive Saree,Handloom Textile,3380.0,9500,10550,4850,synthetic_benchmark
Handmade Wooden Coaster Set of 6 with Stand,Woodwork,300.0,950,1100,500,synthetic_benchmark
Authentic Sculpted Clay Floral Vase with Rustic Finish,Pottery & Clay,60.0,300,350,200,synthetic_benchmark
Handcrafted Mirror Work Kutch Embroidered Wall Tapestry,Embroidery,460.0,1500,1700,750,synthetic_benchmark
Traditional Handwoven Cotton Chanderi Dupatta with Booti Work,Handloom Textile,2780.0,5500,6300,4000,synthetic_benchmark
Premium Pochampally Ikat Handwoven Saree,Handloom Textile,3450.0,6650,8900,4950,synthetic_benchmark
Handmade Soft Stuffed Bunny Toy Holding a Carrot,Embroidery,640.0,2350,2700,1000,synthetic_benchmark
Eco-Friendly Handcrafted Walnut Wood Decorative Serving Tray,Woodwork,410.0,1100,1250,650,synthetic_benchmark
Handmade Brass Pooja Bell with Peacock Handle,Metalwork,990.0,2150,2600,1500,synthetic_benchmark
Eco-Friendly Handmade Crocheted Cotton Baby Blanket,Embroidery,940.0,2300,2900,1400,synthetic_benchmark
Handloom Pure Silk Banarasi Saree with Zari Border,Handloom Textile,2600.0,5400,5950,3750,synthetic_benchmark
Handmade Kundan & Pearl Jhumka Earrings,Jewelry,1700.0,6700,8700,2500,synthetic_benchmark
Handmade Brass Meenakari Enamel Bangles Set,Jewelry,1580.0,5550,6700,2300,synthetic_benchmark
Traditional Handpainted Clay Diya Festive Set,Pottery & Clay,180.0,550,700,350,synthetic_benchmark
Antique Finish Pure Copper Water Bottle (1 Litre),Metalwork,1450.0,4550,5350,2150,synthetic_benchmark
Premium Handloom Sambalpuri Silk Traditional Saree,Handloom Textile,3040.0,6400,8600,4350,synthetic_benchmark
Premium Handloom Sambalpuri Silk Traditional Saree,Handloom Textile,1450.0,3400,4150,2150,synthetic_benchmark
Handmade Clay Kulhad Chai Cups Set of 6,Pottery & Clay,200.0,800,1000,400,synthetic_benchmark
Eco-Friendly Handwoven Woolen Kashmiri Pashmina Shawl,Handloom Textile,1140.0,2850,3600,1700,synthetic_benchmark
Custom Handmade Brass Meenakari Enamel Bangles Set,Jewelry,510.0,2100,2800,800,synthetic_benchmark
Handmade Clay Coffee Mugs Set of 2,Pottery & Clay,310.0,850,1100,550,synthetic_benchmark
Handmade Clay Kulhad Chai Cups Set of 6,Pottery & Clay,150.0,600,750,300,synthetic_benchmark
Handcrafted Khadi Cotton Handloom Kurta for Men,Handloom Textile,930.0,2800,3550,1400,synthetic_benchmark
Handcrafted Oxidised 925 Silver Tribal Choker Necklace,Jewelry,910.0,2800,3300,1350,synthetic_benchmark
45W Type-C Fast Charger for Ultrasharp Laptops,Electronics,570.0,1400,1600,900,synthetic_benchmark
Carved Sheesham Wood Elephant Figurine,Woodwork,1070.0,2600,3100,1600,synthetic_benchmark
Terracotta Handpainted Statement Jewelry Set,Jewelry,2140.0,8500,11100,3100,synthetic_benchmark
Organic Handloom Linen Scarf with Tassels,Handloom Textile,2330.0,7100,8250,3350,synthetic_benchmark
Handmade Wooden Coaster Set of 6 with Stand,Woodwork,620.0,2200,2700,950,synthetic_benchmark
Deluxe Authentic Kanjivaram Silk Festive Saree,Handloom Textile,1340.0,3900,4600,2000,synthetic_benchmark
Handmade Dhokra Brass Hand-Cast Tribal Figurine,Metalwork,1230.0,2950,3450,1800,synthetic_benchmark
Deluxe Kantha Stitch Embroidered Cotton Cushion Covers Pair,Embroidery,1000.0,2400,2850,1500,synthetic_benchmark
Deluxe Handmade Brass Pooja Bell with Peacock Handle,Metalwork,1500.0,3250,4050,2200,synthetic_benchmark
Pure Bronze Kansa Serving Bowls Set of 2,Metalwork,550.0,1250,1450,850,synthetic_benchmark
Artisan Cast Iron Artisan Skillet Fry Pan,Metalwork,1440.0,3350,4250,2100,synthetic_benchmark
Carved Sheesham Wood Elephant Figurine,Woodwork,600.0,2050,2450,950,synthetic_benchmark
Authentic Kantha Stitch Embroidered Cotton Cushion Covers Pair,Embroidery,560.0,1550,1850,900,synthetic_benchmark
Handloom Sambalpuri Silk Traditional Saree,Handloom Textile,2650.0,7100,8200,3800,synthetic_benchmark
Artisan Ceramic Planter with Drainage Plate,Pottery & Clay,70.0,400,450,200,synthetic_benchmark
Handmade Clay Kulhad Chai Cups Set of 6,Pottery & Clay,100.0,500,650,250,synthetic_benchmark
Premium Handmade Kundan & Pearl Jhumka Earrings,Jewelry,2490.0,8000,9350,3600,synthetic_benchmark
Deluxe Handspun Cotton Table Runner with Tribal Motifs,Handloom Textile,3090.0,5950,7100,4450,synthetic_benchmark
Sandalwood Carved Incense Stick Holder,Woodwork,470.0,1400,1750,750,synthetic_benchmark
Handwoven Cotton Chanderi Dupatta with Booti Work,Handloom Textile,2220.0,4450,5300,3200,synthetic_benchmark
Premium Pure Bronze Kansa Serving Bowls Set of 2,Metalwork,1500.0,4200,5050,2200,synthetic_benchmark
Exquisite Dhokra Brass Hand-Cast Tribal Figurine,Metalwork,450.0,1050,1400,750,synthetic_benchmark
Pochampally Ikat Handwoven Saree,Handloom Textile,3270.0,8900,10650,4700,synthetic_benchmark
Handmade Crocheted Cotton Baby Blanket,Embroidery,790.0,2300,2550,1200,synthetic_benchmark
Traditional Pochampally Ikat Handwoven Saree,Handloom Textile,670.0,2350,2650,1050,synthetic_benchmark
Handcrafted Beaded Semi-Precious Stone Bracelet,Jewelry,1970.0,7400,8600,2850,synthetic_benchmark
Handwoven Woolen Kashmiri Pashmina Shawl,Handloom Textile,620.0,1900,2400,950,synthetic_benchmark
Custom Ergonomic Wireless Silent Optical Mouse,Electronics,980.0,1900,2150,1450,synthetic_benchmark
Custom Traditional Temple Jewelry Gold Plated Pendant,Jewelry,2420.0,8500,9700,3500,synthetic_benchmark
Authentic Kanjivaram Silk Festive Saree,Handloom Textile,2640.0,5450,6800,3800,synthetic_benchmark
Handmade Soft Stuffed Bunny Toy Holding a Carrot,Embroidery,830.0,2600,3350,1250,synthetic_benchmark
Artisan Hand-Carved Wooden Wall Panel Relief,Woodwork,440.0,1650,1950,700,synthetic_benchmark
Antique Finish Pure Copper Water Bottle (1 Litre),Metalwork,380.0,1400,1700,650,synthetic_benchmark
Handcrafted Organic Handloom Linen Scarf with Tassels,Handloom Textile,2090.0,5050,6650,3050,synthetic_benchmark
Exquisite Traditional Temple Jewelry Gold Plated Pendant,Jewelry,1600.0,5500,6250,2350,synthetic_benchmark
USB-C to Lightning Braided Fast Sync Cable,Electronics,560.0,1050,1250,900,synthetic_benchmark
Handloom Sambalpuri Silk Traditional Saree,Handloom Textile,2510.0,7800,9150,3600,synthetic_benchmark
Artisan Filigree Pure Silver Toe Rings Pair,Jewelry,2180.0,5000,6550,3150,synthetic_benchmark
Handcrafted Bamboo Wood Bluetooth Wireless Speaker,Electronics,600.0,1100,1250,950,synthetic_benchmark
Noise Cancelling Over-Ear Studio Headphones,Electronics,310.0,1000,1300,550,synthetic_benchmark
Handmade Brass Pooja Bell with Peacock Handle,Metalwork,760.0,1750,1950,1150,synthetic_benchmark
Traditional Temple Jewelry Gold Plated Pendant,Jewelry,550.0,2050,2300,850,synthetic_benchmark
Premium 60W Fast Charging Laptop Charger Power Adapter,Electronics,620.0,1850,2350,950,synthetic_benchmark
Custom Organic Handloom Linen Scarf with Tassels,Handloom Textile,1660.0,4300,5100,2400,synthetic_benchmark
USB-C to Lightning Braided Fast Sync Cable,Electronics,610.0,1150,1250,950,synthetic_benchmark
Handwoven Woolen Kashmiri Pashmina Shawl,Handloom Textile,3450.0,9350,12600,4950,synthetic_benchmark
Traditional Handcrafted Oxidised 925 Silver Tribal Choker Necklace,Jewelry,620.0,2150,2900,950,synthetic_benchmark
Deluxe Handcrafted Bamboo Wood Bluetooth Wireless Speaker,Electronics,1050.0,2150,2500,1550,synthetic_benchmark
Vintage USB-C to Lightning Braided Fast Sync Cable,Electronics,1040.0,2300,3050,1550,synthetic_benchmark
Handcrafted Oxidised 925 Silver Tribal Choker Necklace,Jewelry,2000.0,5050,6600,2900,synthetic_benchmark
Intricately Carved Wooden Jewellery Box with Brass Inlay,Woodwork,250.0,1000,1200,450,synthetic_benchmark
Handmade Terracotta Decorative Wall Hanging,Pottery & Clay,50.0,250,300,150,synthetic_benchmark
Sculpted Clay Floral Vase with Rustic Finish,Pottery & Clay,170.0,550,750,350,synthetic_benchmark
Handmade Brass Diya Oil Lamp Hanging,Metalwork,1140.0,2300,3000,1700,synthetic_benchmark
Traditional Kantha Stitch Embroidered Cotton Cushion Covers Pair,Embroidery,650.0,2200,2850,1000,synthetic_benchmark
Organic Handloom Linen Scarf with Tassels,Handloom Textile,2950.0,5750,7200,4250,synthetic_benchmark
Handmade Teak Wood Kitchen Spatula & Spoon Set,Woodwork,570.0,2150,2650,900,synthetic_benchmark
Cast Iron Artisan Skillet Fry Pan,Metalwork,1690.0,4500,5000,2450,synthetic_benchmark
Artisan Ceramic Planter with Drainage Plate,Pottery & Clay,190.0,650,750,350,synthetic_benchmark
65W GaN USB-C Fast Charger with Foldable Plug,Electronics,490.0,1200,1550,800,synthetic_benchmark
Handmade Noise Cancelling Over-Ear Studio Headphones,Electronics,1240.0,2700,3650,1850,synthetic_benchmark
Authentic Kanjivaram Silk Festive Saree,Handloom Textile,1720.0,4150,5000,2500,synthetic_benchmark
Custom Handmade Terracotta Decorative Wall Hanging,Pottery & Clay,260.0,650,850,450,synthetic_benchmark
Handcrafted Oxidised 925 Silver Tribal Choker Necklace,Jewelry,2190.0,5300,6850,3150,synthetic_benchmark
Hand-Embroidered Chikankari Cotton Kurti,Embroidery,970.0,1950,2300,1450,synthetic_benchmark
Artisan Ceramic Planter with Drainage Plate,Pottery & Clay,330.0,950,1150,550,synthetic_benchmark
Handmade Crocheted Cotton Baby Blanket,Embroidery,280.0,800,950,500,synthetic_benchmark
Exquisite Handloom Silk Saree in Vibrant Green and Pink,Handloom Textile,0.0,650,800,500,platform_database
Handcrafted Sandalwood Carved Incense Stick Holder,Woodwork,320.0,900,1100,550,synthetic_benchmark
Deluxe Handmade Brass Meenakari Enamel Bangles Set,Jewelry,1650.0,6050,7700,2400,synthetic_benchmark
Custom Handmade Brass Diya Oil Lamp Hanging,Metalwork,740.0,1900,2150,1150,synthetic_benchmark
Authentic Hand-Stitched Patchwork Quilt Throw Blanket,Embroidery,390.0,1100,1400,650,synthetic_benchmark
Noise Cancelling Over-Ear Studio Headphones,Electronics,960.0,2300,3000,1450,synthetic_benchmark
Custom Kantha Stitch Embroidered Cotton Cushion Covers Pair,Embroidery,300.0,750,1000,500,synthetic_benchmark
Terracotta Handpainted Statement Jewelry Set,Jewelry,1260.0,4500,5300,1850,synthetic_benchmark
Premium Hand-Embroidered Chikankari Cotton Kurti,Embroidery,970.0,3150,4200,1450,synthetic_benchmark
Handmade Mango Wood Candle Stand Pair,Woodwork,740.0,2050,2400,1150,synthetic_benchmark
Handmade Kundan & Pearl Jhumka Earrings,Jewelry,1820.0,6150,6900,2650,synthetic_benchmark
Hand-Beaten Brass Dining Platter Thali Set,Metalwork,450.0,1450,1900,750,synthetic_benchmark
USB-C to Lightning Braided Fast Sync Cable,Electronics,1420.0,3450,4600,2100,synthetic_benchmark
Handmade Pure Bronze Kansa Serving Bowls Set of 2,Metalwork,1570.0,4800,6450,2300,synthetic_benchmark
Hand-Embroidered Chikankari Cotton Kurti,Embroidery,910.0,2800,3350,1350,synthetic_benchmark
Eco-Friendly Handspun Cotton Table Runner with Tribal Motifs,Handloom Textile,2280.0,6500,7950,3300,synthetic_benchmark
Deluxe Handwoven Cotton Chanderi Dupatta with Booti Work,Handloom Textile,3410.0,7400,9650,4850,synthetic_benchmark
Mirror Work Kutch Embroidered Wall Tapestry,Embroidery,460.0,1500,1950,750,synthetic_benchmark
Handmade Crocheted Cotton Baby Blanket,Embroidery,400.0,1350,1500,650,synthetic_benchmark
Ergonomic Wireless Silent Optical Mouse,Electronics,1350.0,2400,3150,2000,synthetic_benchmark
Handmade Soft Stuffed Bunny Toy Holding a Carrot,Embroidery,600.0,1450,1800,950,synthetic_benchmark
Handmade Kundan & Pearl Jhumka Earrings,Jewelry,1530.0,4350,5500,2250,synthetic_benchmark
45W Type-C Fast Charger for Ultrasharp Laptops,Electronics,1240.0,3050,3450,1850,synthetic_benchmark
Handmade Pure Bronze Kansa Serving Bowls Set of 2,Metalwork,560.0,1400,1750,900,synthetic_benchmark
Traditional Temple Jewelry Gold Plated Pendant,Jewelry,1740.0,5200,6650,2550,synthetic_benchmark
Handmade Clay Coffee Mugs Set of 2,Pottery & Clay,130.0,650,750,300,synthetic_benchmark
Handcrafted Handmade Soft Stuffed Bunny Toy Holding a Carrot,Embroidery,830.0,2750,3550,1250,synthetic_benchmark
Hand-Embroidered Chikankari Cotton Kurti,Embroidery,780.0,1750,2200,1200,synthetic_benchmark
Handmade Teak Wood Kitchen Spatula & Spoon Set,Woodwork,1130.0,4000,4650,1700,synthetic_benchmark
Handcrafted Oxidised 925 Silver Tribal Choker Necklace,Jewelry,1360.0,5700,6850,2000,synthetic_benchmark
Premium 60W Fast Charging Laptop Charger Power Adapter,Electronics,970.0,2300,2900,1450,synthetic_benchmark
Khadi Cotton Handloom Kurta for Men,Handloom Textile,2200.0,4700,5550,3200,synthetic_benchmark
Artisan 10000mAh Magnetic Wireless Power Bank Fast Charge,Electronics,610.0,1200,1500,950,synthetic_benchmark
Zardozi Work Hand-Embroidered Velvet Clutch Bag,Embroidery,230.0,850,950,400,synthetic_benchmark
65W GaN USB-C Fast Charger with Foldable Plug,Electronics,710.0,1500,1900,1100,synthetic_benchmark
Custom Khadi Cotton Handloom Kurta for Men,Handloom Textile,1220.0,3450,4350,1800,synthetic_benchmark
Handmade Teak Wood Kitchen Spatula & Spoon Set,Woodwork,950.0,2600,3400,1450,synthetic_benchmark
Classic Handmade Brass Diya Oil Lamp Hanging,Metalwork,1460.0,4100,4950,2150,synthetic_benchmark
Handcrafted Walnut Wood Decorative Serving Tray,Woodwork,1050.0,3650,4850,1550,synthetic_benchmark
Antique Finish Pure Copper Water Bottle (1 Litre),Metalwork,910.0,2500,2800,1350,synthetic_benchmark
Handloom Sambalpuri Silk Traditional Saree,Handloom Textile,1240.0,2750,3400,1850,synthetic_benchmark
Premium Handmade Clay Kulhad Chai Cups Set of 6,Pottery & Clay,70.0,300,350,200,synthetic_benchmark
Handcrafted Traditional Jamdani Cotton Saree,Handloom Textile,570.0,1700,2050,900,synthetic_benchmark
Traditional Phulkari Hand-Embroidered Traditional Dupatta,Embroidery,360.0,1100,1250,600,synthetic_benchmark
Deluxe Handmade Mango Wood Candle Stand Pair,Woodwork,840.0,2400,2750,1300,synthetic_benchmark
Handmade Brass Pooja Bell with Peacock Handle,Metalwork,1750.0,4200,4750,2550,synthetic_benchmark
Handmade Brass Meenakari Enamel Bangles Set,Jewelry,320.0,1000,1150,550,synthetic_benchmark
Traditional Temple Jewelry Gold Plated Pendant,Jewelry,1890.0,4300,5050,2750,synthetic_benchmark
Handmade Crocheted Cotton Baby Blanket,Embroidery,470.0,1600,1900,750,synthetic_benchmark
Deluxe Premium 60W Fast Charging Laptop Charger Power Adapter,Electronics,930.0,1600,1950,1400,synthetic_benchmark
Exquisite Handloom Sambalpuri Silk Traditional Saree,Handloom Textile,3120.0,8350,11150,4450,synthetic_benchmark
Khadi Cotton Handloom Kurta for Men,Handloom Textile,3350.0,6600,7750,4800,synthetic_benchmark
Traditional Handmade Soft Stuffed Bunny Toy Holding a Carrot,Embroidery,840.0,1900,2450,1300,synthetic_benchmark
Handmade Brass Diya Oil Lamp Hanging,Metalwork,630.0,1650,2100,1000,synthetic_benchmark
Terracotta Handpainted Statement Jewelry Set,Jewelry,1650.0,4050,5300,2400,synthetic_benchmark
Handloom Pure Silk Banarasi Saree with Zari Border,Handloom Textile,570.0,1850,2400,900,synthetic_benchmark
Handcrafted Noise Cancelling Over-Ear Studio Headphones,Electronics,740.0,1600,1800,1150,synthetic_benchmark
Carved Sheesham Wood Elephant Figurine,Woodwork,940.0,2850,3700,1400,synthetic_benchmark
Vintage Handmade Brass Pooja Bell with Peacock Handle,Metalwork,710.0,1900,2450,1100,synthetic_benchmark
Noise Cancelling Over-Ear Studio Headphones,Electronics,1390.0,3000,3550,2050,synthetic_benchmark
Mirror Work Kutch Embroidered Wall Tapestry,Embroidery,920.0,2600,3100,1400,synthetic_benchmark
Classic Ergonomic Wireless Silent Optical Mouse,Electronics,350.0,900,1200,600,synthetic_benchmark
Handcrafted Walnut Wood Decorative Serving Tray,Woodwork,910.0,3400,4550,1350,synthetic_benchmark
Artisan Handmade Brass Meenakari Enamel Bangles Set,Jewelry,590.0,2350,2650,950,synthetic_benchmark
Handcrafted Walnut Wood Decorative Serving Tray,Woodwork,220.0,800,900,400,synthetic_benchmark
Handloom Pure Silk Banarasi Saree with Zari Border,Handloom Textile,2370.0,6350,7400,3400,synthetic_benchmark
Handmade Handcrafted Terracotta Water Pitcher with Traditional Lid,Pottery & Clay,310.0,750,1000,550,synthetic_benchmark
Handcrafted Beaded Semi-Precious Stone Bracelet,Jewelry,1560.0,4550,5100,2300,synthetic_benchmark
Authentic Hand-Beaten Brass Dining Platter Thali Set,Metalwork,910.0,2800,3650,1350,synthetic_benchmark
10000mAh Magnetic Wireless Power Bank Fast Charge,Electronics,1320.0,2600,3350,1950,synthetic_benchmark
Authentic Artisan Ceramic Planter with Drainage Plate,Pottery & Clay,310.0,900,1150,550,synthetic_benchmark
Premium 60W Fast Charging Laptop Charger Power Adapter,Electronics,1310.0,3100,3950,1950,synthetic_benchmark
Handcrafted Handmade Clay Coffee Mugs Set of 2,Pottery & Clay,220.0,750,850,400,synthetic_benchmark
Exquisite Cast Iron Artisan Skillet Fry Pan,Metalwork,610.0,1600,1950,950,synthetic_benchmark
Authentic Handmade Mango Wood Candle Stand Pair,Woodwork,290.0,1200,1600,500,synthetic_benchmark
USB-C to Lightning Braided Fast Sync Cable,Electronics,1460.0,3150,3600,2150,synthetic_benchmark
Handcrafted Walnut Wood Decorative Serving Tray,Woodwork,230.0,750,850,400,synthetic_benchmark
Artisan Traditional Jamdani Cotton Saree,Handloom Textile,2870.0,9150,11400,4100,synthetic_benchmark
Artisan Noise Cancelling Over-Ear Studio Headphones,Electronics,1250.0,2100,2450,1850,synthetic_benchmark
Handcrafted Walnut Wood Decorative Serving Tray,Woodwork,260.0,1200,1400,450,synthetic_benchmark
Handloom Pure Silk Banarasi Saree with Zari Border,Handloom Textile,2980.0,8100,10650,4250,synthetic_benchmark
Handmade Mango Wood Candle Stand Pair,Woodwork,620.0,2450,3250,950,synthetic_benchmark
Intricately Carved Wooden Jewellery Box with Brass Inlay,Woodwork,280.0,900,1150,500,synthetic_benchmark
Deluxe Handmade Brass Diya Oil Lamp Hanging,Metalwork,700.0,1700,2250,1100,synthetic_benchmark
Handmade Wooden Coaster Set of 6 with Stand,Woodwork,510.0,1950,2350,800,synthetic_benchmark
Dhokra Brass Hand-Cast Tribal Figurine,Metalwork,1310.0,2950,3850,1950,synthetic_benchmark
Deluxe Traditional Temple Jewelry Gold Plated Pendant,Jewelry,2440.0,8500,9500,3500,synthetic_benchmark
Premium Handmade Brass Diya Oil Lamp Hanging,Metalwork,1140.0,3650,4800,1700,synthetic_benchmark
Hand-Embroidered Chikankari Cotton Kurti,Embroidery,760.0,1650,2100,1150,synthetic_benchmark
Artisan Glazed Ceramic Dining Soup Bowls Set of 4,Pottery & Clay,370.0,900,1200,600,synthetic_benchmark
Handcrafted Beaded Semi-Precious Stone Bracelet,Jewelry,1050.0,4400,5800,1550,synthetic_benchmark
Artisan Glazed Ceramic Dining Soup Bowls Set of 4,Pottery & Clay,390.0,1150,1450,650,synthetic_benchmark
Phulkari Hand-Embroidered Traditional Dupatta,Embroidery,930.0,2150,2400,1400,synthetic_benchmark
Vintage Mirror Work Kutch Embroidered Wall Tapestry,Embroidery,760.0,1600,2000,1150,synthetic_benchmark
Traditional Jamdani Cotton Saree,Handloom Textile,1580.0,4350,5550,2300,synthetic_benchmark
Vintage Sculpted Clay Floral Vase with Rustic Finish,Pottery & Clay,150.0,700,850,300,synthetic_benchmark
Handmade Brass Meenakari Enamel Bangles Set,Jewelry,1020.0,3850,4750,1550,synthetic_benchmark
Handmade Brass Meenakari Enamel Bangles Set,Jewelry,1850.0,6850,8850,2700,synthetic_benchmark
Exquisite Handmade Teak Wood Kitchen Spatula & Spoon Set,Woodwork,1050.0,3850,4750,1550,synthetic_benchmark
Handmade Brass Meenakari Enamel Bangles Set,Jewelry,1620.0,6100,6800,2350,synthetic_benchmark
Zardozi Work Hand-Embroidered Velvet Clutch Bag,Embroidery,720.0,2000,2500,1100,synthetic_benchmark
7-in-1 Aluminium USB-C Multiport Hub Adapter,Electronics,770.0,1750,2150,1200,synthetic_benchmark
USB-C to Lightning Braided Fast Sync Cable,Electronics,1020.0,2650,3500,1550,synthetic_benchmark
Exquisite Ergonomic Wireless Silent Optical Mouse,Electronics,1190.0,2600,3250,1750,synthetic_benchmark
Artisan Pochampally Ikat Handwoven Saree,Handloom Textile,2320.0,5700,7250,3350,synthetic_benchmark
Hand-Stitched Patchwork Quilt Throw Blanket,Embroidery,530.0,1450,1850,850,synthetic_benchmark
Pure Bronze Kansa Serving Bowls Set of 2,Metalwork,550.0,1450,1850,850,synthetic_benchmark
Premium Handmade Wooden Coaster Set of 6 with Stand,Woodwork,220.0,900,1050,400,synthetic_benchmark
Handmade Soft Stuffed Bunny Toy Holding a Carrot,Embroidery,510.0,1400,1700,800,synthetic_benchmark
Traditional Sandalwood Carved Incense Stick Holder,Woodwork,1130.0,3150,3700,1700,synthetic_benchmark
Handcrafted Walnut Wood Decorative Serving Tray,Woodwork,730.0,2150,2900,1100,synthetic_benchmark
Terracotta Handpainted Statement Jewelry Set,Jewelry,2160.0,6100,8200,3100,synthetic_benchmark
Vintage Handcrafted Beaded Semi-Precious Stone Bracelet,Jewelry,1480.0,5500,7250,2150,synthetic_benchmark
Traditional Jamdani Cotton Saree,Handloom Textile,2550.0,5250,6600,3650,synthetic_benchmark
Handmade Wooden Coaster Set of 6 with Stand,Woodwork,810.0,2200,2850,1250,synthetic_benchmark
Vintage Antique Finish Pure Copper Water Bottle (1 Litre),Metalwork,960.0,2550,3400,1450,synthetic_benchmark
Traditional Carved Sheesham Wood Elephant Figurine,Woodwork,450.0,1250,1500,750,synthetic_benchmark
Artisan Kantha Stitch Embroidered Cotton Cushion Covers Pair,Embroidery,420.0,1450,1750,700,synthetic_benchmark
Traditional Temple Jewelry Gold Plated Pendant,Jewelry,2310.0,7500,8550,3350,synthetic_benchmark
Traditional Handpainted Clay Diya Festive Set,Pottery & Clay,130.0,650,850,300,synthetic_benchmark
Exquisite 10000mAh Magnetic Wireless Power Bank Fast Charge,Electronics,540.0,1500,1700,850,synthetic_benchmark
Artisan Ceramic Planter with Drainage Plate,Pottery & Clay,230.0,550,700,400,synthetic_benchmark
Traditional Phulkari Hand-Embroidered Traditional Dupatta,Embroidery,990.0,2450,2900,1500,synthetic_benchmark
Traditional Handpainted Clay Diya Festive Set,Pottery & Clay,270.0,800,1100,500,synthetic_benchmark
Exquisite Sculpted Clay Floral Vase with Rustic Finish,Pottery & Clay,320.0,900,1100,550,synthetic_benchmark
Artisan Cast Iron Artisan Skillet Fry Pan,Metalwork,800.0,2150,2550,1200,synthetic_benchmark
Deluxe Mirror Work Kutch Embroidered Wall Tapestry,Embroidery,930.0,2600,3400,1400,synthetic_benchmark
Mirror Work Kutch Embroidered Wall Tapestry,Embroidery,300.0,1000,1150,500,synthetic_benchmark
Exquisite Premium 60W Fast Charging Laptop Charger Power Adapter,Electronics,1220.0,2700,3150,1800,synthetic_benchmark
Eco-Friendly Hand-Beaten Brass Dining Platter Thali Set,Metalwork,810.0,2000,2300,1250,synthetic_benchmark
Eco-Friendly Zardozi Work Hand-Embroidered Velvet Clutch Bag,Embroidery,370.0,1300,1700,600,synthetic_benchmark
Deluxe Handmade Brass Meenakari Enamel Bangles Set,Jewelry,490.0,1850,2050,800,synthetic_benchmark
Handmade Brass Diya Oil Lamp Hanging,Metalwork,1700.0,4200,5650,2500,synthetic_benchmark
Handcrafted Authentic Kanjivaram Silk Festive Saree,Handloom Textile,1070.0,3050,3900,1600,synthetic_benchmark
Zardozi Work Hand-Embroidered Velvet Clutch Bag,Embroidery,610.0,1800,2000,950,synthetic_benchmark
Traditional Temple Jewelry Gold Plated Pendant,Jewelry,510.0,2150,2900,800,synthetic_benchmark
100W Type-C Heavy Duty Braided Charging Cable 2m,Electronics,1090.0,3000,3900,1650,synthetic_benchmark
Premium Handmade Clay Coffee Mugs Set of 2,Pottery & Clay,390.0,1050,1200,650,synthetic_benchmark
Handcrafted Organic Handloom Linen Scarf with Tassels,Handloom Textile,3310.0,7900,9300,4750,synthetic_benchmark
USB-C to Lightning Braided Fast Sync Cable,Electronics,1130.0,2500,3050,1700,synthetic_benchmark
Handmade Dhokra Brass Hand-Cast Tribal Figurine,Metalwork,470.0,1250,1450,750,synthetic_benchmark
Premium 60W Fast Charging Laptop Charger Power Adapter,Electronics,550.0,1000,1300,850,synthetic_benchmark
Handcrafted Bamboo Wood Bluetooth Wireless Speaker,Electronics,530.0,1250,1550,850,synthetic_benchmark
Exquisite Handcrafted Oxidised 925 Silver Tribal Choker Necklace,Jewelry,320.0,1450,1600,550,synthetic_benchmark
Handwoven Cotton Chanderi Dupatta with Booti Work,Handloom Textile,2830.0,6900,8250,4050,synthetic_benchmark
Phulkari Hand-Embroidered Traditional Dupatta,Embroidery,910.0,2650,3500,1350,synthetic_benchmark
Custom Artisan Filigree Pure Silver Toe Rings Pair,Jewelry,2430.0,5400,6700,3500,synthetic_benchmark
Artisan Ceramic Planter with Drainage Plate,Pottery & Clay,360.0,1200,1450,600,synthetic_benchmark
Ergonomic Wireless Silent Optical Mouse,Electronics,610.0,1600,1950,950,synthetic_benchmark
Phulkari Hand-Embroidered Traditional Dupatta,Embroidery,220.0,700,900,400,synthetic_benchmark
Handloom Sambalpuri Silk Traditional Saree,Handloom Textile,1380.0,4400,5800,2050,synthetic_benchmark
Artisan Mirror Work Kutch Embroidered Wall Tapestry,Embroidery,820.0,2850,3300,1250,synthetic_benchmark
Handspun Cotton Table Runner with Tribal Motifs,Handloom Textile,2140.0,5400,7000,3100,synthetic_benchmark
Premium 60W Fast Charging Laptop Charger Power Adapter,Electronics,1250.0,2300,2800,1850,synthetic_benchmark
Hand-Beaten Brass Dining Platter Thali Set,Metalwork,870.0,2650,3550,1300,synthetic_benchmark
Handmade USB-C to Lightning Braided Fast Sync Cable,Electronics,360.0,1200,1600,600,synthetic_benchmark
Handmade Mango Wood Candle Stand Pair,Woodwork,1150.0,4200,5050,1700,synthetic_benchmark
Handmade Brass Meenakari Enamel Bangles Set,Jewelry,1120.0,4050,4850,1650,synthetic_benchmark
Deluxe Hand-Embroidered Chikankari Cotton Kurti,Embroidery,800.0,2500,3100,1200,synthetic_benchmark
Classic Dhokra Brass Hand-Cast Tribal Figurine,Metalwork,620.0,2100,2450,950,synthetic_benchmark
Handcrafted Phulkari Hand-Embroidered Traditional Dupatta,Embroidery,920.0,2650,3000,1400,synthetic_benchmark
Traditional Temple Jewelry Gold Plated Pendant,Jewelry,800.0,2500,2950,1200,synthetic_benchmark
USB-C to Lightning Braided Fast Sync Cable,Electronics,940.0,2450,3200,1400,synthetic_benchmark
Handmade Clay Kulhad Chai Cups Set of 6,Pottery & Clay,150.0,450,500,300,synthetic_benchmark
Handcrafted Walnut Wood Decorative Serving Tray,Woodwork,750.0,1850,2400,1150,synthetic_benchmark
Traditional Handmade Teak Wood Kitchen Spatula & Spoon Set,Woodwork,820.0,2650,3000,1250,synthetic_benchmark
Kantha Stitch Embroidered Cotton Cushion Covers Pair,Embroidery,210.0,800,900,400,synthetic_benchmark
Premium Carved Sheesham Wood Elephant Figurine,Woodwork,470.0,1650,2200,750,synthetic_benchmark
Handcrafted Bamboo Wood Bluetooth Wireless Speaker,Electronics,1230.0,2650,3150,1800,synthetic_benchmark
Artisan Hand-Carved Wooden Wall Panel Relief,Woodwork,410.0,1550,2050,650,synthetic_benchmark
Handmade Kundan & Pearl Jhumka Earrings,Jewelry,1520.0,4200,4950,2250,synthetic_benchmark
Deluxe Zardozi Work Hand-Embroidered Velvet Clutch Bag,Embroidery,170.0,650,750,350,synthetic_benchmark
Handspun Cotton Table Runner with Tribal Motifs,Handloom Textile,700.0,1500,1850,1100,synthetic_benchmark
Hand-Embroidered Chikankari Cotton Kurti,Embroidery,190.0,650,750,350,synthetic_benchmark
Deluxe Earthen Clay Cooking Handi Pot,Pottery & Clay,140.0,450,600,300,synthetic_benchmark
Exquisite Earthen Clay Cooking Handi Pot,Pottery & Clay,120.0,450,550,250,synthetic_benchmark
Antique Finish Pure Copper Water Bottle (1 Litre),Metalwork,490.0,1400,1850,800,synthetic_benchmark
Handcrafted Terracotta Water Pitcher with Traditional Lid,Pottery & Clay,220.0,500,600,400,synthetic_benchmark
Hand-Embroidered Chikankari Cotton Kurti,Embroidery,980.0,2600,3500,1450,synthetic_benchmark
Handcrafted Beaded Semi-Precious Stone Bracelet,Jewelry,2480.0,8500,9900,3550,synthetic_benchmark
Handmade Brass Diya Oil Lamp Hanging,Metalwork,850.0,2350,2900,1300,synthetic_benchmark
Premium Handmade Wooden Coaster Set of 6 with Stand,Woodwork,820.0,3050,3500,1250,synthetic_benchmark
Custom Artisan Glazed Ceramic Dining Soup Bowls Set of 4,Pottery & Clay,210.0,900,1150,400,synthetic_benchmark
Phulkari Hand-Embroidered Traditional Dupatta,Embroidery,240.0,1000,1300,450,synthetic_benchmark
Custom Organic Handloom Linen Scarf with Tassels,Handloom Textile,1240.0,3950,5200,1850,synthetic_benchmark
Handmade Clay Coffee Mugs Set of 2,Pottery & Clay,180.0,550,650,350,synthetic_benchmark
Artisan Filigree Pure Silver Toe Rings Pair,Jewelry,2330.0,6900,8200,3350,synthetic_benchmark
Khadi Cotton Handloom Kurta for Men,Handloom Textile,3050.0,5950,7550,4350,synthetic_benchmark
Sandalwood Carved Incense Stick Holder,Woodwork,1130.0,3900,4450,1700,synthetic_benchmark
Authentic 10000mAh Magnetic Wireless Power Bank Fast Charge,Electronics,350.0,800,950,600,synthetic_benchmark
Handcrafted Terracotta Water Pitcher with Traditional Lid,Pottery & Clay,100.0,600,700,250,synthetic_benchmark
Exquisite Terracotta Handpainted Statement Jewelry Set,Jewelry,1680.0,5400,6500,2450,synthetic_benchmark
Handmade Clay Kulhad Chai Cups Set of 6,Pottery & Clay,90.0,450,550,250,synthetic_benchmark
Dhokra Brass Hand-Cast Tribal Figurine,Metalwork,680.0,1750,2200,1050,synthetic_benchmark
Sculpted Clay Floral Vase with Rustic Finish,Pottery & Clay,310.0,950,1100,550,synthetic_benchmark
Phulkari Hand-Embroidered Traditional Dupatta,Embroidery,930.0,2450,3000,1400,synthetic_benchmark
Vintage Handmade Soft Stuffed Bunny Toy Holding a Carrot,Embroidery,370.0,900,1100,600,synthetic_benchmark
Vintage Handcrafted Bamboo Wood Bluetooth Wireless Speaker,Electronics,1010.0,1950,2250,1500,synthetic_benchmark
100W Type-C Heavy Duty Braided Charging Cable 2m,Electronics,880.0,2250,2750,1350,synthetic_benchmark
Premium 60W Fast Charging Laptop Charger Power Adapter,Electronics,1350.0,2450,2750,2000,synthetic_benchmark
Handmade Kundan & Pearl Jhumka Earrings,Jewelry,600.0,1600,1950,950,synthetic_benchmark
Deluxe Handwoven Woolen Kashmiri Pashmina Shawl,Handloom Textile,1260.0,3850,5150,1850,synthetic_benchmark
Vintage Pure Bronze Kansa Serving Bowls Set of 2,Metalwork,1540.0,3100,3800,2250,synthetic_benchmark
Handmade Kundan & Pearl Jhumka Earrings,Jewelry,950.0,3700,4600,1450,synthetic_benchmark
Handcrafted Kantha Stitch Embroidered Cotton Cushion Covers Pair,Embroidery,420.0,1550,2000,700,synthetic_benchmark
Handmade Brass Diya Oil Lamp Hanging,Metalwork,1320.0,3900,4450,1950,synthetic_benchmark
Artisan Filigree Pure Silver Toe Rings Pair,Jewelry,1240.0,5200,6000,1850,synthetic_benchmark
Eco-Friendly Zardozi Work Hand-Embroidered Velvet Clutch Bag,Embroidery,950.0,3100,3500,1450,synthetic_benchmark
Antique Finish Pure Copper Water Bottle (1 Litre),Metalwork,1450.0,3950,4350,2150,synthetic_benchmark
Classic Handmade Brass Pooja Bell with Peacock Handle,Metalwork,350.0,900,1200,600,synthetic_benchmark
Handcrafted Beaded Semi-Precious Stone Bracelet,Jewelry,1950.0,6300,8050,2850,synthetic_benchmark
Cast Iron Artisan Skillet Fry Pan,Metalwork,1620.0,4550,5550,2350,synthetic_benchmark
Handmade Mango Wood Candle Stand Pair,Woodwork,640.0,2350,2850,1000,synthetic_benchmark
Artisan Filigree Pure Silver Toe Rings Pair,Jewelry,2120.0,5350,6000,3050,synthetic_benchmark
Sculpted Clay Floral Vase with Rustic Finish,Pottery & Clay,140.0,650,750,300,synthetic_benchmark
Custom Cast Iron Artisan Skillet Fry Pan,Metalwork,470.0,1600,2050,750,synthetic_benchmark
Handwoven Woolen Kashmiri Pashmina Shawl,Handloom Textile,2250.0,5350,6900,3250,synthetic_benchmark
Handmade Brass Pooja Bell with Peacock Handle,Metalwork,1360.0,3600,4250,2000,synthetic_benchmark
Zardozi Work Hand-Embroidered Velvet Clutch Bag,Embroidery,860.0,2050,2550,1300,synthetic_benchmark
Vintage Handwoven Woolen Kashmiri Pashmina Shawl,Handloom Textile,690.0,2300,2900,1050,synthetic_benchmark
Eco-Friendly Premium 60W Fast Charging Laptop Charger Power Adapter,Electronics,720.0,1150,1500,1100,synthetic_benchmark
Handmade Soft Stuffed Bunny Toy Holding a Carrot,Embroidery,470.0,1250,1400,750,synthetic_benchmark
Handloom Pure Silk Banarasi Saree with Zari Border,Handloom Textile,2130.0,4700,5750,3100,synthetic_benchmark
Handcrafted Handloom Sambalpuri Silk Traditional Saree,Handloom Textile,3190.0,8800,10850,4550,synthetic_benchmark
Classic Khadi Cotton Handloom Kurta for Men,Handloom Textile,2790.0,5600,7500,4000,synthetic_benchmark
Authentic Terracotta Handpainted Statement Jewelry Set,Jewelry,1430.0,4400,5950,2100,synthetic_benchmark
Artisan Hand-Carved Wooden Wall Panel Relief,Woodwork,390.0,1250,1650,650,synthetic_benchmark
Earthen Clay Cooking Handi Pot,Pottery & Clay,370.0,950,1150,600,synthetic_benchmark
Premium Handmade Brass Meenakari Enamel Bangles Set,Jewelry,1560.0,5050,5800,2300,synthetic_benchmark
7-in-1 Aluminium USB-C Multiport Hub Adapter,Electronics,1330.0,2650,3350,1950,synthetic_benchmark
Kantha Stitch Embroidered Cotton Cushion Covers Pair,Embroidery,940.0,2250,2900,1400,synthetic_benchmark
Kantha Stitch Embroidered Cotton Cushion Covers Pair,Embroidery,280.0,850,1100,500,synthetic_benchmark
Kantha Stitch Embroidered Cotton Cushion Covers Pair,Embroidery,500.0,1750,2150,800,synthetic_benchmark
Handmade Teak Wood Kitchen Spatula & Spoon Set,Woodwork,590.0,2000,2600,950,synthetic_benchmark
Handcrafted Handwoven Woolen Kashmiri Pashmina Shawl,Handloom Textile,1600.0,4550,5250,2350,synthetic_benchmark
Handmade Wooden Coaster Set of 6 with Stand,Woodwork,340.0,1250,1450,600,synthetic_benchmark
100W Type-C Heavy Duty Braided Charging Cable 2m,Electronics,910.0,1550,1950,1350,synthetic_benchmark
Hand-Embroidered Chikankari Cotton Kurti,Embroidery,740.0,1750,2150,1150,synthetic_benchmark
Handwoven Woolen Kashmiri Pashmina Shawl,Handloom Textile,1140.0,3200,4000,1700,synthetic_benchmark
Handmade Mango Wood Candle Stand Pair,Woodwork,640.0,1450,1850,1000,synthetic_benchmark
Handcrafted Handmade Mango Wood Candle Stand Pair,Woodwork,250.0,950,1200,450,synthetic_benchmark
Traditional Handmade Brass Diya Oil Lamp Hanging,Metalwork,580.0,1700,2100,900,synthetic_benchmark
Handwoven Woolen Kashmiri Pashmina Shawl,Handloom Textile,460.0,1300,1550,750,synthetic_benchmark
Handcrafted Beaded Semi-Precious Stone Bracelet,Jewelry,1790.0,7200,8400,2600,synthetic_benchmark
Artisan Filigree Pure Silver Toe Rings Pair,Jewelry,1700.0,5000,6450,2500,synthetic_benchmark
Zardozi Work Hand-Embroidered Velvet Clutch Bag,Embroidery,180.0,750,900,350,synthetic_benchmark
Handmade Mango Wood Candle Stand Pair,Woodwork,730.0,2450,3200,1100,synthetic_benchmark
Handcrafted Handmade Kundan & Pearl Jhumka Earrings,Jewelry,1420.0,5750,7050,2100,synthetic_benchmark
Deluxe Handcrafted Oxidised 925 Silver Tribal Choker Necklace,Jewelry,540.0,1450,1800,850,synthetic_benchmark
USB-C to Lightning Braided Fast Sync Cable,Electronics,250.0,800,1050,450,synthetic_benchmark
Eco-Friendly Khadi Cotton Handloom Kurta for Men,Handloom Textile,1340.0,3950,4500,2000,synthetic_benchmark
Authentic Kanjivaram Silk Festive Saree,Handloom Textile,2650.0,7100,8450,3800,synthetic_benchmark
Phulkari Hand-Embroidered Traditional Dupatta,Embroidery,730.0,2200,2550,1100,synthetic_benchmark
Mirror Work Kutch Embroidered Wall Tapestry,Embroidery,400.0,1600,2050,650,synthetic_benchmark
Premium Handwoven Woolen Kashmiri Pashmina Shawl,Handloom Textile,310.0,1100,1450,550,synthetic_benchmark
Traditional Temple Jewelry Gold Plated Pendant,Jewelry,2000.0,8000,10150,2900,synthetic_benchmark
USB-C to Lightning Braided Fast Sync Cable,Electronics,1180.0,2500,3300,1750,synthetic_benchmark
Handmade Brass Meenakari Enamel Bangles Set,Jewelry,1940.0,4950,6350,2800,synthetic_benchmark
Custom 45W Type-C Fast Charger for Ultrasharp Laptops,Electronics,360.0,950,1200,600,synthetic_benchmark
Handcrafted Terracotta Water Pitcher with Traditional Lid,Pottery & Clay,170.0,550,650,350,synthetic_benchmark
Handmade Clay Coffee Mugs Set of 2,Pottery & Clay,260.0,600,750,450,synthetic_benchmark
Deluxe Sandalwood Carved Incense Stick Holder,Woodwork,970.0,3250,3650,1450,synthetic_benchmark
Traditional Jamdani Cotton Saree,Handloom Textile,1910.0,5350,6400,2750,synthetic_benchmark
10000mAh Magnetic Wireless Power Bank Fast Charge,Electronics,820.0,1600,2150,1250,synthetic_benchmark
Handspun Cotton Table Runner with Tribal Motifs,Handloom Textile,2410.0,6800,7950,3450,synthetic_benchmark
Authentic Premium 60W Fast Charging Laptop Charger Power Adapter,Electronics,450.0,1500,1750,750,synthetic_benchmark
Sandalwood Carved Incense Stick Holder,Woodwork,460.0,1100,1400,750,synthetic_benchmark
Handmade Brass Diya Oil Lamp Hanging,Metalwork,1510.0,3750,4450,2200,synthetic_benchmark
Handmade Teak Wood Kitchen Spatula & Spoon Set,Woodwork,170.0,700,750,350,synthetic_benchmark
Traditional Handcrafted Walnut Wood Decorative Serving Tray,Woodwork,160.0,800,900,300,synthetic_benchmark
Handmade Zardozi Work Hand-Embroidered Velvet Clutch Bag,Embroidery,270.0,1000,1350,500,synthetic_benchmark
Cast Iron Artisan Skillet Fry Pan,Metalwork,1310.0,2900,3250,1950,synthetic_benchmark
Traditional Temple Jewelry Gold Plated Pendant,Jewelry,640.0,1950,2550,1000,synthetic_benchmark
Classic Handloom Sambalpuri Silk Traditional Saree,Handloom Textile,1970.0,5000,6600,2850,synthetic_benchmark
Traditional Temple Jewelry Gold Plated Pendant,Jewelry,750.0,3250,3800,1150,synthetic_benchmark
Handmade Mango Wood Candle Stand Pair,Woodwork,760.0,2500,3050,1150,synthetic_benchmark
Pochampally Ikat Handwoven Saree,Handloom Textile,860.0,2100,2400,1300,synthetic_benchmark
Custom Premium 60W Fast Charging Laptop Charger Power Adapter,Electronics,950.0,2050,2500,1450,synthetic_benchmark
Hand-Beaten Brass Dining Platter Thali Set,Metalwork,1200.0,3450,3900,1800,synthetic_benchmark
Pure Bronze Kansa Serving Bowls Set of 2,Metalwork,480.0,1150,1500,750,synthetic_benchmark
Noise Cancelling Over-Ear Studio Headphones,Electronics,300.0,900,1200,500,synthetic_benchmark
Handcrafted Handwoven Cotton Chanderi Dupatta with Booti Work,Handloom Textile,1250.0,3350,3800,1850,synthetic_benchmark
Traditional Handpainted Clay Diya Festive Set,Pottery & Clay,60.0,500,650,200,synthetic_benchmark
Vintage Handmade Clay Kulhad Chai Cups Set of 6,Pottery & Clay,120.0,500,600,250,synthetic_benchmark
Artisan Traditional Handpainted Clay Diya Festive Set,Pottery & Clay,160.0,650,850,300,synthetic_benchmark
Hand-Beaten Brass Dining Platter Thali Set,Metalwork,810.0,2300,2650,1250,synthetic_benchmark
Handwoven Woolen Kashmiri Pashmina Shawl,Handloom Textile,2350.0,6150,6900,3400,synthetic_benchmark
Deluxe Authentic Kanjivaram Silk Festive Saree,Handloom Textile,3360.0,9000,10800,4800,synthetic_benchmark
Deluxe Handloom Pure Silk Banarasi Saree with Zari Border,Handloom Textile,2360.0,5750,7000,3400,synthetic_benchmark
Authentic Handcrafted Terracotta Water Pitcher with Traditional Lid,Pottery & Clay,110.0,350,400,250,synthetic_benchmark
Dhokra Brass Hand-Cast Tribal Figurine,Metalwork,1110.0,2550,3050,1650,synthetic_benchmark
Handcrafted Bamboo Wood Bluetooth Wireless Speaker,Electronics,560.0,1700,2200,900,synthetic_benchmark
Eco-Friendly Sandalwood Carved Incense Stick Holder,Woodwork,1160.0,3950,4400,1700,synthetic_benchmark
45W Type-C Fast Charger for Ultrasharp Laptops,Electronics,490.0,1200,1550,800,synthetic_benchmark
Authentic Kanjivaram Silk Festive Saree,Handloom Textile,3250.0,8700,10400,4650,synthetic_benchmark
Vintage Zardozi Work Hand-Embroidered Velvet Clutch Bag,Embroidery,450.0,1200,1350,750,synthetic_benchmark
Authentic Handcrafted Oxidised 925 Silver Tribal Choker Necklace,Jewelry,2010.0,5550,7250,2900,synthetic_benchmark
Cast Iron Artisan Skillet Fry Pan,Metalwork,690.0,1500,1900,1050,synthetic_benchmark
Authentic Handwoven Woolen Kashmiri Pashmina Shawl,Handloom Textile,1650.0,3850,5100,2400,synthetic_benchmark
Handmade Terracotta Decorative Wall Hanging,Pottery & Clay,290.0,850,1150,500,synthetic_benchmark
Artisan Filigree Pure Silver Toe Rings Pair,Jewelry,690.0,2650,3500,1050,synthetic_benchmark
Dhokra Brass Hand-Cast Tribal Figurine,Metalwork,860.0,2250,3000,1300,synthetic_benchmark
Sandalwood Carved Incense Stick Holder,Woodwork,1180.0,3750,5050,1750,synthetic_benchmark
Deluxe 10000mAh Magnetic Wireless Power Bank Fast Charge,Electronics,1490.0,3500,4550,2200,synthetic_benchmark
Classic Pure Bronze Kansa Serving Bowls Set of 2,Metalwork,1690.0,5300,6700,2450,synthetic_benchmark
Authentic Handcrafted Walnut Wood Decorative Serving Tray,Woodwork,920.0,2550,3100,1400,synthetic_benchmark
Terracotta Handpainted Statement Jewelry Set,Jewelry,1670.0,5900,6850,2450,synthetic_benchmark
Deluxe Handmade Mango Wood Candle Stand Pair,Woodwork,650.0,1900,2250,1000,synthetic_benchmark
Premium 60W Fast Charging Laptop Charger Power Adapter,Electronics,1150.0,2400,3100,1700,synthetic_benchmark
Hand-Beaten Brass Dining Platter Thali Set,Metalwork,1160.0,3050,3600,1700,synthetic_benchmark
Handcrafted Walnut Wood Decorative Serving Tray,Woodwork,670.0,2250,2500,1050,synthetic_benchmark
Hand-Embroidered Chikankari Cotton Kurti,Embroidery,930.0,2150,2600,1400,synthetic_benchmark
Handmade Brass Pooja Bell with Peacock Handle,Metalwork,560.0,1850,2500,900,synthetic_benchmark
10000mAh Magnetic Wireless Power Bank Fast Charge,Electronics,710.0,1950,2400,1100,synthetic_benchmark
Organic Handloom Linen Scarf with Tassels,Handloom Textile,2230.0,6850,8050,3200,synthetic_benchmark
Mirror Work Kutch Embroidered Wall Tapestry,Embroidery,560.0,1650,2050,900,synthetic_benchmark
Handmade Ergonomic Wireless Silent Optical Mouse,Electronics,870.0,1600,1900,1300,synthetic_benchmark
Handmade Crocheted Cotton Baby Blanket,Embroidery,290.0,1050,1250,500,synthetic_benchmark
Authentic Handcrafted Terracotta Water Pitcher with Traditional Lid,Pottery & Clay,260.0,800,1050,450,synthetic_benchmark
Handmade Mango Wood Candle Stand Pair,Woodwork,1140.0,3150,4050,1700,synthetic_benchmark
Handmade Authentic Kanjivaram Silk Festive Saree,Handloom Textile,1110.0,2450,2950,1650,synthetic_benchmark
Handmade Traditional Temple Jewelry Gold Plated Pendant,Jewelry,480.0,1950,2350,750,synthetic_benchmark
Classic Handmade Soft Stuffed Bunny Toy Holding a Carrot,Embroidery,840.0,2650,3550,1300,synthetic_benchmark
Artisan Phulkari Hand-Embroidered Traditional Dupatta,Embroidery,810.0,2350,2850,1250,synthetic_benchmark
Noise Cancelling Over-Ear Studio Headphones,Electronics,840.0,1550,1950,1300,synthetic_benchmark
Handmade Brass Meenakari Enamel Bangles Set,Jewelry,1650.0,6600,7300,2400,synthetic_benchmark
Classic Artisan Glazed Ceramic Dining Soup Bowls Set of 4,Pottery & Clay,290.0,750,850,500,synthetic_benchmark
Dhokra Brass Hand-Cast Tribal Figurine,Metalwork,500.0,1600,1850,800,synthetic_benchmark
Authentic Cast Iron Artisan Skillet Fry Pan,Metalwork,860.0,2500,2750,1300,synthetic_benchmark
Traditional Handcrafted Walnut Wood Decorative Serving Tray,Woodwork,970.0,3400,4050,1450,synthetic_benchmark
Handmade Wooden Coaster Set of 6 with Stand,Woodwork,190.0,700,750,350,synthetic_benchmark
Artisan Sandalwood Carved Incense Stick Holder,Woodwork,1140.0,2600,3300,1700,synthetic_benchmark
Custom Earthen Clay Cooking Handi Pot,Pottery & Clay,190.0,550,650,350,synthetic_benchmark
Handmade Wooden Coaster Set of 6 with Stand,Woodwork,810.0,2350,2900,1250,synthetic_benchmark
Handmade Mango Wood Candle Stand Pair,Woodwork,200.0,950,1200,400,synthetic_benchmark
Exquisite Sandalwood Carved Incense Stick Holder,Woodwork,1180.0,3550,4350,1750,synthetic_benchmark
Authentic Handmade Soft Stuffed Bunny Toy Holding a Carrot,Embroidery,800.0,2450,3250,1200,synthetic_benchmark
Artisan Glazed Ceramic Dining Soup Bowls Set of 4,Pottery & Clay,200.0,700,900,400,synthetic_benchmark
Pochampally Ikat Handwoven Saree,Handloom Textile,2530.0,6450,7400,3650,synthetic_benchmark
Eco-Friendly Handspun Cotton Table Runner with Tribal Motifs,Handloom Textile,330.0,1100,1250,550,synthetic_benchmark
Earthen Clay Cooking Handi Pot,Pottery & Clay,360.0,850,1000,600,synthetic_benchmark
Cast Iron Artisan Skillet Fry Pan,Metalwork,560.0,1400,1600,900,synthetic_benchmark
Premium Handmade Wooden Coaster Set of 6 with Stand,Woodwork,560.0,1900,2350,900,synthetic_benchmark
Handcrafted Beaded Semi-Precious Stone Bracelet,Jewelry,2000.0,5250,6650,2900,synthetic_benchmark
Dhokra Brass Hand-Cast Tribal Figurine,Metalwork,1550.0,4300,5400,2250,synthetic_benchmark
Hand-Stitched Patchwork Quilt Throw Blanket,Embroidery,260.0,900,1000,450,synthetic_benchmark
Exquisite Handmade Clay Kulhad Chai Cups Set of 6,Pottery & Clay,390.0,1200,1600,650,synthetic_benchmark
Custom Hand-Beaten Brass Dining Platter Thali Set,Metalwork,1570.0,3650,4650,2300,synthetic_benchmark
Handmade Handcrafted Oxidised 925 Silver Tribal Choker Necklace,Jewelry,1300.0,4400,4850,1900,synthetic_benchmark
Handmade Wooden Coaster Set of 6 with Stand,Woodwork,440.0,1600,1950,700,synthetic_benchmark
Traditional Artisan Ceramic Planter with Drainage Plate,Pottery & Clay,210.0,550,650,400,synthetic_benchmark
Authentic Handcrafted Terracotta Water Pitcher with Traditional Lid,Pottery & Clay,340.0,1100,1250,600,synthetic_benchmark
Artisan Hand-Embroidered Chikankari Cotton Kurti,Embroidery,650.0,2100,2800,1000,synthetic_benchmark
Classic Sculpted Clay Floral Vase with Rustic Finish,Pottery & Clay,190.0,700,900,350,synthetic_benchmark
Handmade Brass Meenakari Enamel Bangles Set,Jewelry,690.0,1950,2350,1050,synthetic_benchmark
Authentic Handmade Soft Stuffed Bunny Toy Holding a Carrot,Embroidery,750.0,2200,2400,1150,synthetic_benchmark
Handmade Mango Wood Candle Stand Pair,Woodwork,940.0,2950,3900,1400,synthetic_benchmark
Earthen Clay Cooking Handi Pot,Pottery & Clay,380.0,1150,1300,650,synthetic_benchmark
Artisan Handcrafted Oxidised 925 Silver Tribal Choker Necklace,Jewelry,990.0,4200,5350,1500,synthetic_benchmark
Eco-Friendly Handmade Teak Wood Kitchen Spatula & Spoon Set,Woodwork,530.0,1950,2550,850,synthetic_benchmark
Artisan Hand-Carved Wooden Wall Panel Relief,Woodwork,880.0,2150,2550,1350,synthetic_benchmark
Hand-Beaten Brass Dining Platter Thali Set,Metalwork,1690.0,4750,5650,2450,synthetic_benchmark
Intricately Carved Wooden Jewellery Box with Brass Inlay,Woodwork,1160.0,2450,3100,1700,synthetic_benchmark
Artisan Handmade Mango Wood Candle Stand Pair,Woodwork,250.0,1150,1400,450,synthetic_benchmark
Premium 60W Fast Charging Laptop Charger Power Adapter,Electronics,1270.0,2750,3550,1900,synthetic_benchmark
Traditional Handwoven Cotton Chanderi Dupatta with Booti Work,Handloom Textile,1740.0,4050,4800,2550,synthetic_benchmark
Handmade Wooden Coaster Set of 6 with Stand,Woodwork,180.0,500,600,350,synthetic_benchmark
USB-C to Lightning Braided Fast Sync Cable,Electronics,490.0,1100,1450,800,synthetic_benchmark
Pure Bronze Kansa Serving Bowls Set of 2,Metalwork,480.0,1100,1350,750,synthetic_benchmark
Handcrafted Bamboo Wood Bluetooth Wireless Speaker,Electronics,560.0,1450,1700,900,synthetic_benchmark
Premium Zardozi Work Hand-Embroidered Velvet Clutch Bag,Embroidery,520.0,1750,2300,850,synthetic_benchmark
Authentic Dhokra Brass Hand-Cast Tribal Figurine,Metalwork,1700.0,4900,6300,2500,synthetic_benchmark
Antique Finish Pure Copper Water Bottle (1 Litre),Metalwork,1080.0,3050,3600,1600,synthetic_benchmark
Dhokra Brass Hand-Cast Tribal Figurine,Metalwork,1040.0,3300,3800,1550,synthetic_benchmark
10000mAh Magnetic Wireless Power Bank Fast Charge,Electronics,280.0,900,1100,500,synthetic_benchmark
Artisan Filigree Pure Silver Toe Rings Pair,Jewelry,2190.0,8100,9100,3150,synthetic_benchmark
10000mAh Magnetic Wireless Power Bank Fast Charge,Electronics,540.0,1550,1950,850,synthetic_benchmark
Intricately Carved Wooden Jewellery Box with Brass Inlay,Woodwork,490.0,1850,2050,800,synthetic_benchmark
Dhokra Brass Hand-Cast Tribal Figurine,Metalwork,1770.0,4700,6050,2600,synthetic_benchmark
Handmade Terracotta Decorative Wall Hanging,Pottery & Clay,180.0,650,800,350,synthetic_benchmark
Earthen Clay Cooking Handi Pot,Pottery & Clay,390.0,950,1150,650,synthetic_benchmark
Handcrafted Oxidised 925 Silver Tribal Choker Necklace,Jewelry,1690.0,5400,6300,2450,synthetic_benchmark
Hand-Stitched Patchwork Quilt Throw Blanket,Embroidery,780.0,2800,3200,1200,synthetic_benchmark
Handcrafted Handmade Mango Wood Candle Stand Pair,Woodwork,920.0,2950,3850,1400,synthetic_benchmark
Handmade Wooden Coaster Set of 6 with Stand,Woodwork,940.0,3050,4100,1400,synthetic_benchmark
Handmade Handloom Sambalpuri Silk Traditional Saree,Handloom Textile,3220.0,6700,7800,4600,synthetic_benchmark
Vintage 65W GaN USB-C Fast Charger with Foldable Plug,Electronics,880.0,2350,2750,1350,synthetic_benchmark
Classic Hand-Beaten Brass Dining Platter Thali Set,Metalwork,370.0,1250,1600,600,synthetic_benchmark
100W Type-C Heavy Duty Braided Charging Cable 2m,Electronics,1260.0,2150,2600,1850,synthetic_benchmark
Authentic Artisan Ceramic Planter with Drainage Plate,Pottery & Clay,270.0,750,950,500,synthetic_benchmark
Hand-Beaten Brass Dining Platter Thali Set,Metalwork,1580.0,3650,4450,2300,synthetic_benchmark
Handmade Clay Coffee Mugs Set of 2,Pottery & Clay,310.0,900,1150,550,synthetic_benchmark
Artisan Hand-Carved Wooden Wall Panel Relief,Woodwork,460.0,1300,1700,750,synthetic_benchmark
Antique Finish Pure Copper Water Bottle (1 Litre),Metalwork,1740.0,4200,4900,2550,synthetic_benchmark
Sculpted Clay Floral Vase with Rustic Finish,Pottery & Clay,240.0,850,1050,450,synthetic_benchmark
Handcrafted Mirror Work Kutch Embroidered Wall Tapestry,Embroidery,260.0,900,1000,450,synthetic_benchmark
Vintage Kantha Stitch Embroidered Cotton Cushion Covers Pair,Embroidery,690.0,1800,2350,1050,synthetic_benchmark
USB-C to Lightning Braided Fast Sync Cable,Electronics,1230.0,3100,3900,1800,synthetic_benchmark
Authentic Artisan Glazed Ceramic Dining Soup Bowls Set of 4,Pottery & Clay,310.0,800,1050,550,synthetic_benchmark
Authentic Handmade Clay Coffee Mugs Set of 2,Pottery & Clay,350.0,850,1000,600,synthetic_benchmark
Artisan Handcrafted Oxidised 925 Silver Tribal Choker Necklace,Jewelry,690.0,2850,3750,1050,synthetic_benchmark
Custom Carved Sheesham Wood Elephant Figurine,Woodwork,1120.0,3550,4600,1650,synthetic_benchmark
Handmade Wooden Coaster Set of 6 with Stand,Woodwork,290.0,1000,1100,500,synthetic_benchmark
Handspun Cotton Table Runner with Tribal Motifs,Handloom Textile,2060.0,6700,8550,3000,synthetic_benchmark
100W Type-C Heavy Duty Braided Charging Cable 2m,Electronics,1020.0,2550,3200,1550,synthetic_benchmark
7-in-1 Aluminium USB-C Multiport Hub Adapter,Electronics,1180.0,3100,3750,1750,synthetic_benchmark
Premium Handmade Brass Meenakari Enamel Bangles Set,Jewelry,1470.0,5400,6000,2150,synthetic_benchmark
Traditional Handpainted Clay Diya Festive Set,Pottery & Clay,180.0,550,700,350,synthetic_benchmark
Zardozi Work Hand-Embroidered Velvet Clutch Bag,Embroidery,440.0,1150,1400,700,synthetic_benchmark
Eco-Friendly Artisan Glazed Ceramic Dining Soup Bowls Set of 4,Pottery & Clay,70.0,400,500,200,synthetic_benchmark
45W Type-C Fast Charger for Ultrasharp Laptops,Electronics,970.0,2350,3050,1450,synthetic_benchmark
USB-C to Lightning Braided Fast Sync Cable,Electronics,1190.0,3150,4150,1750,synthetic_benchmark
Eco-Friendly Khadi Cotton Handloom Kurta for Men,Handloom Textile,2930.0,9000,11400,4200,synthetic_benchmark
Traditional Handmade Brass Diya Oil Lamp Hanging,Metalwork,470.0,1300,1550,750,synthetic_benchmark
Terracotta Handpainted Statement Jewelry Set,Jewelry,210.0,800,950,400,synthetic_benchmark
Handmade Brass Diya Oil Lamp Hanging,Metalwork,840.0,2300,2600,1300,synthetic_benchmark
Traditional Temple Jewelry Gold Plated Pendant,Jewelry,570.0,2200,2650,900,synthetic_benchmark
Handcrafted Artisan Glazed Ceramic Dining Soup Bowls Set of 4,Pottery & Clay,350.0,1200,1450,600,synthetic_benchmark
Authentic Handmade Clay Kulhad Chai Cups Set of 6,Pottery & Clay,120.0,550,650,250,synthetic_benchmark
Handmade Terracotta Decorative Wall Hanging,Pottery & Clay,100.0,600,700,250,synthetic_benchmark
Pure Bronze Kansa Serving Bowls Set of 2,Metalwork,1020.0,2350,2800,1550,synthetic_benchmark
Eco-Friendly Artisan Hand-Carved Wooden Wall Panel Relief,Woodwork,410.0,1250,1550,650,synthetic_benchmark
Handmade Brass Pooja Bell with Peacock Handle,Metalwork,680.0,2050,2700,1050,synthetic_benchmark
Traditional USB-C to Lightning Braided Fast Sync Cable,Electronics,1280.0,2450,3250,1900,synthetic_benchmark
Handcrafted Pure Bronze Kansa Serving Bowls Set of 2,Metalwork,850.0,2050,2650,1300,synthetic_benchmark
Handwoven Cotton Chanderi Dupatta with Booti Work,Handloom Textile,3240.0,6550,7550,4650,synthetic_benchmark
Hand-Stitched Patchwork Quilt Throw Blanket,Embroidery,800.0,1900,2100,1200,synthetic_benchmark
Sculpted Clay Floral Vase with Rustic Finish,Pottery & Clay,310.0,650,800,550,synthetic_benchmark
Custom Kantha Stitch Embroidered Cotton Cushion Covers Pair,Embroidery,260.0,800,1000,450,synthetic_benchmark
Artisan Ceramic Planter with Drainage Plate,Pottery & Clay,300.0,900,1200,500,synthetic_benchmark
Deluxe Cast Iron Artisan Skillet Fry Pan,Metalwork,700.0,1550,1950,1100,synthetic_benchmark
Deluxe Handcrafted Terracotta Water Pitcher with Traditional Lid,Pottery & Clay,210.0,700,900,400,synthetic_benchmark
Classic Handcrafted Terracotta Water Pitcher with Traditional Lid,Pottery & Clay,240.0,900,1050,450,synthetic_benchmark
Cast Iron Artisan Skillet Fry Pan,Metalwork,1140.0,3700,4900,1700,synthetic_benchmark
Handmade Antique Finish Pure Copper Water Bottle (1 Litre),Metalwork,1770.0,5400,6100,2600,synthetic_benchmark
Premium Handmade Crocheted Cotton Baby Blanket,Embroidery,260.0,900,1000,450,synthetic_benchmark
Carved Sheesham Wood Elephant Figurine,Woodwork,930.0,2850,3450,1400,synthetic_benchmark
Handmade Clay Coffee Mugs Set of 2,Pottery & Clay,50.0,450,500,150,synthetic_benchmark
Deluxe Traditional Jamdani Cotton Saree,Handloom Textile,1870.0,3750,4350,2700,synthetic_benchmark
Handmade Brass Meenakari Enamel Bangles Set,Jewelry,1530.0,4700,5300,2250,synthetic_benchmark
65W GaN USB-C Fast Charger with Foldable Plug,Electronics,1220.0,2150,2600,1800,synthetic_benchmark
Handcrafted Handmade Brass Diya Oil Lamp Hanging,Metalwork,710.0,2150,2800,1100,synthetic_benchmark
Handmade Terracotta Decorative Wall Hanging,Pottery & Clay,220.0,500,600,400,synthetic_benchmark
100W Type-C Heavy Duty Braided Charging Cable 2m,Electronics,790.0,2050,2600,1200,synthetic_benchmark
Handmade Clay Coffee Mugs Set of 2,Pottery & Clay,100.0,600,700,250,synthetic_benchmark
Handmade Brass Meenakari Enamel Bangles Set,Jewelry,290.0,1250,1550,500,synthetic_benchmark
Handmade Teak Wood Kitchen Spatula & Spoon Set,Woodwork,800.0,2600,3450,1200,synthetic_benchmark
Handcrafted Terracotta Water Pitcher with Traditional Lid,Pottery & Clay,380.0,1350,1550,650,synthetic_benchmark
Handmade Mango Wood Candle Stand Pair,Woodwork,180.0,800,950,350,synthetic_benchmark
Terracotta Handpainted Statement Jewelry Set,Jewelry,1200.0,3700,4400,1800,synthetic_benchmark
Handmade Brass Diya Oil Lamp Hanging,Metalwork,510.0,1500,1750,800,synthetic_benchmark
Handmade Brass Pooja Bell with Peacock Handle,Metalwork,730.0,1500,1850,1100,synthetic_benchmark
Handmade Brass Meenakari Enamel Bangles Set,Jewelry,450.0,1050,1300,750,synthetic_benchmark
Handmade Brass Pooja Bell with Peacock Handle,Metalwork,630.0,2000,2500,1000,synthetic_benchmark
Traditional Pochampally Ikat Handwoven Saree,Handloom Textile,2700.0,8500,9600,3900,synthetic_benchmark
Handmade Clay Coffee Mugs Set of 2,Pottery & Clay,390.0,1050,1250,650,synthetic_benchmark
Deluxe Traditional Handpainted Clay Diya Festive Set,Pottery & Clay,220.0,550,700,400,synthetic_benchmark
Handmade Brass Pooja Bell with Peacock Handle,Metalwork,580.0,1450,1900,900,synthetic_benchmark
Khadi Cotton Handloom Kurta for Men,Handloom Textile,460.0,1300,1700,750,synthetic_benchmark
Handcrafted Bamboo Wood Bluetooth Wireless Speaker,Electronics,900.0,2400,2750,1350,synthetic_benchmark
Handspun Cotton Table Runner with Tribal Motifs,Handloom Textile,1560.0,4450,6000,2300,synthetic_benchmark
Handcrafted Walnut Wood Decorative Serving Tray,Woodwork,490.0,1500,1750,800,synthetic_benchmark
Handcrafted Oxidised 925 Silver Tribal Choker Necklace,Jewelry,440.0,1700,2150,700,synthetic_benchmark
Handmade Brass Diya Oil Lamp Hanging,Metalwork,1240.0,3200,3600,1850,synthetic_benchmark
Hand-Beaten Brass Dining Platter Thali Set,Metalwork,1430.0,4250,4700,2100,synthetic_benchmark
Sandalwood Carved Incense Stick Holder,Woodwork,740.0,2650,3450,1150,synthetic_benchmark
Organic Handloom Linen Scarf with Tassels,Handloom Textile,1040.0,2300,2900,1550,synthetic_benchmark
Artisan Glazed Ceramic Dining Soup Bowls Set of 4,Pottery & Clay,210.0,650,850,400,synthetic_benchmark
Handcrafted Handmade Brass Diya Oil Lamp Hanging,Metalwork,1160.0,3800,4250,1700,synthetic_benchmark
Premium Hand-Embroidered Chikankari Cotton Kurti,Embroidery,670.0,1850,2400,1050,synthetic_benchmark
Handloom Sambalpuri Silk Traditional Saree,Handloom Textile,3500.0,9500,10550,5000,synthetic_benchmark
Antique Finish Pure Copper Water Bottle (1 Litre),Metalwork,410.0,1350,1650,650,synthetic_benchmark
Handcrafted Handspun Cotton Table Runner with Tribal Motifs,Handloom Textile,2150.0,4950,5450,3100,synthetic_benchmark
Sculpted Clay Floral Vase with Rustic Finish,Pottery & Clay,370.0,950,1100,600,synthetic_benchmark
Handspun Cotton Table Runner with Tribal Motifs,Handloom Textile,2060.0,5650,7100,3000,synthetic_benchmark
Traditional Earthen Clay Cooking Handi Pot,Pottery & Clay,120.0,600,650,250,synthetic_benchmark
Artisan Filigree Pure Silver Toe Rings Pair,Jewelry,1780.0,6000,7100,2600,synthetic_benchmark
Authentic Traditional Jamdani Cotton Saree,Handloom Textile,2020.0,6600,7500,2950,synthetic_benchmark
Vintage Handmade Mango Wood Candle Stand Pair,Woodwork,230.0,1000,1250,400,synthetic_benchmark
Handmade Teak Wood Kitchen Spatula & Spoon Set,Woodwork,440.0,1600,2050,700,synthetic_benchmark
Traditional Jamdani Cotton Saree,Handloom Textile,410.0,1350,1650,650,synthetic_benchmark
Custom Hand-Beaten Brass Dining Platter Thali Set,Metalwork,1490.0,3250,3600,2200,synthetic_benchmark
Handmade Soft Stuffed Bunny Toy Holding a Carrot,Embroidery,320.0,1000,1350,550,synthetic_benchmark
Handmade Terracotta Decorative Wall Hanging,Pottery & Clay,230.0,650,750,400,synthetic_benchmark
Handmade Brass Diya Oil Lamp Hanging,Metalwork,260.0,750,950,450,synthetic_benchmark
Handcrafted Handmade Brass Pooja Bell with Peacock Handle,Metalwork,1010.0,2300,2600,1500,synthetic_benchmark
Custom Artisan Filigree Pure Silver Toe Rings Pair,Jewelry,1410.0,5950,7350,2050,synthetic_benchmark
Artisan Ceramic Planter with Drainage Plate,Pottery & Clay,310.0,750,900,550,synthetic_benchmark
Antique Finish Pure Copper Water Bottle (1 Litre),Metalwork,1700.0,4350,5250,2500,synthetic_benchmark
Handmade Brass Pooja Bell with Peacock Handle,Metalwork,880.0,2450,3250,1350,synthetic_benchmark
Handmade Brass Diya Oil Lamp Hanging,Metalwork,1690.0,5050,5750,2450,synthetic_benchmark
Handcrafted Artisan Filigree Pure Silver Toe Rings Pair,Jewelry,1800.0,6000,7300,2600,synthetic_benchmark
Artisan Filigree Pure Silver Toe Rings Pair,Jewelry,800.0,3200,4150,1200,synthetic_benchmark
Dhokra Brass Hand-Cast Tribal Figurine,Metalwork,530.0,1450,1800,850,synthetic_benchmark
USB-C to Lightning Braided Fast Sync Cable,Electronics,800.0,2000,2250,1200,synthetic_benchmark
Deluxe 45W Type-C Fast Charger for Ultrasharp Laptops,Electronics,1170.0,2550,3100,1750,synthetic_benchmark
Classic Handcrafted Walnut Wood Decorative Serving Tray,Woodwork,860.0,2500,3150,1300,synthetic_benchmark
Kantha Stitch Embroidered Cotton Cushion Covers Pair,Embroidery,790.0,1650,1850,1200,synthetic_benchmark
Classic Phulkari Hand-Embroidered Traditional Dupatta,Embroidery,940.0,3250,3950,1400,synthetic_benchmark
Mirror Work Kutch Embroidered Wall Tapestry,Embroidery,530.0,1400,1700,850,synthetic_benchmark
Classic Handloom Pure Silk Banarasi Saree with Zari Border,Handloom Textile,700.0,2200,2550,1100,synthetic_benchmark
Artisan Hand-Carved Wooden Wall Panel Relief,Woodwork,1000.0,3500,4700,1500,synthetic_benchmark
Artisan Carved Sheesham Wood Elephant Figurine,Woodwork,970.0,3100,3750,1450,synthetic_benchmark
Handmade Kundan & Pearl Jhumka Earrings,Jewelry,1980.0,5250,6500,2850,synthetic_benchmark
100W Type-C Heavy Duty Braided Charging Cable 2m,Electronics,820.0,1650,2200,1250,synthetic_benchmark
Handmade Mango Wood Candle Stand Pair,Woodwork,240.0,900,1100,450,synthetic_benchmark
Dhokra Brass Hand-Cast Tribal Figurine,Metalwork,1080.0,3450,4050,1600,synthetic_benchmark
Vintage Handcrafted Oxidised 925 Silver Tribal Choker Necklace,Jewelry,1100.0,3300,3800,1650,synthetic_benchmark
Classic Artisan Hand-Carved Wooden Wall Panel Relief,Woodwork,760.0,2500,3150,1150,synthetic_benchmark
Handmade Brass Pooja Bell with Peacock Handle,Metalwork,460.0,1250,1550,750,synthetic_benchmark
Eco-Friendly Cast Iron Artisan Skillet Fry Pan,Metalwork,610.0,1650,2200,950,synthetic_benchmark
Classic Phulkari Hand-Embroidered Traditional Dupatta,Embroidery,170.0,600,750,350,synthetic_benchmark
45W Type-C Fast Charger for Ultrasharp Laptops,Electronics,930.0,2000,2250,1400,synthetic_benchmark
Hand-Stitched Patchwork Quilt Throw Blanket,Embroidery,330.0,1400,1700,550,synthetic_benchmark
Handcrafted Handwoven Cotton Chanderi Dupatta with Booti Work,Handloom Textile,800.0,2550,3000,1200,synthetic_benchmark
Custom Handmade Teak Wood Kitchen Spatula & Spoon Set,Woodwork,580.0,2050,2500,900,synthetic_benchmark
Artisan Filigree Pure Silver Toe Rings Pair,Jewelry,750.0,2600,3300,1150,synthetic_benchmark
Hand-Stitched Patchwork Quilt Throw Blanket,Embroidery,930.0,2750,3650,1400,synthetic_benchmark
Handmade Terracotta Decorative Wall Hanging,Pottery & Clay,250.0,900,1100,450,synthetic_benchmark
Handloom Sambalpuri Silk Traditional Saree,Handloom Textile,2570.0,7400,9150,3700,synthetic_benchmark
Handmade Kundan & Pearl Jhumka Earrings,Jewelry,860.0,3100,3800,1300,synthetic_benchmark
Handmade Kundan & Pearl Jhumka Earrings,Jewelry,530.0,2400,3000,850,synthetic_benchmark
Deluxe Traditional Handpainted Clay Diya Festive Set,Pottery & Clay,370.0,1250,1600,600,synthetic_benchmark
Vintage Handmade Brass Diya Oil Lamp Hanging,Metalwork,1300.0,3200,3800,1900,synthetic_benchmark
Custom 7-in-1 Aluminium USB-C Multiport Hub Adapter,Electronics,1490.0,2250,2550,2200,synthetic_benchmark
Exquisite Handmade Clay Kulhad Chai Cups Set of 6,Pottery & Clay,70.0,450,600,200,synthetic_benchmark
Handcrafted Oxidised 925 Silver Tribal Choker Necklace,Jewelry,1350.0,3850,5050,2000,synthetic_benchmark
Handmade Kundan & Pearl Jhumka Earrings,Jewelry,1070.0,3850,4700,1600,synthetic_benchmark
Pochampally Ikat Handwoven Saree,Handloom Textile,2780.0,7550,9400,4000,synthetic_benchmark
Handmade Wooden Coaster Set of 6 with Stand,Woodwork,800.0,2850,3550,1200,synthetic_benchmark
Handmade Brass Pooja Bell with Peacock Handle,Metalwork,510.0,1800,2250,800,synthetic_benchmark
Intricately Carved Wooden Jewellery Box with Brass Inlay,Woodwork,300.0,1100,1200,500,synthetic_benchmark
Classic Antique Finish Pure Copper Water Bottle (1 Litre),Metalwork,1730.0,4950,6350,2500,synthetic_benchmark
Traditional Artisan Hand-Carved Wooden Wall Panel Relief,Woodwork,360.0,1300,1500,600,synthetic_benchmark
Traditional Handmade Brass Pooja Bell with Peacock Handle,Metalwork,1500.0,4250,4850,2200,synthetic_benchmark
Handcrafted Oxidised 925 Silver Tribal Choker Necklace,Jewelry,1550.0,5450,6750,2250,synthetic_benchmark
Traditional Premium 60W Fast Charging Laptop Charger Power Adapter,Electronics,940.0,2500,2750,1400,synthetic_benchmark
Exquisite Ergonomic Wireless Silent Optical Mouse,Electronics,660.0,1150,1450,1000,synthetic_benchmark
Cast Iron Artisan Skillet Fry Pan,Metalwork,390.0,1350,1750,650,synthetic_benchmark
Traditional Carved Sheesham Wood Elephant Figurine,Woodwork,580.0,1750,1950,900,synthetic_benchmark
Handcrafted Earthen Clay Cooking Handi Pot,Pottery & Clay,350.0,1050,1400,600,synthetic_benchmark
Hand-Stitched Patchwork Quilt Throw Blanket,Embroidery,690.0,1750,2200,1050,synthetic_benchmark
45W Type-C Fast Charger for Ultrasharp Laptops,Electronics,270.0,550,650,500,synthetic_benchmark
Artisan Handcrafted Walnut Wood Decorative Serving Tray,Woodwork,700.0,2050,2650,1100,synthetic_benchmark
Handmade Handcrafted Bamboo Wood Bluetooth Wireless Speaker,Electronics,280.0,1000,1250,500,synthetic_benchmark
Handmade Clay Kulhad Chai Cups Set of 6,Pottery & Clay,310.0,900,1100,550,synthetic_benchmark
Handcrafted Artisan Glazed Ceramic Dining Soup Bowls Set of 4,Pottery & Clay,100.0,300,350,250,synthetic_benchmark
Deluxe Handmade Kundan & Pearl Jhumka Earrings,Jewelry,2320.0,7150,9050,3350,synthetic_benchmark
Intricately Carved Wooden Jewellery Box with Brass Inlay,Woodwork,980.0,2550,3000,1450,synthetic_benchmark
Deluxe Artisan Ceramic Planter with Drainage Plate,Pottery & Clay,280.0,850,1000,500,synthetic_benchmark
Traditional Handpainted Clay Diya Festive Set,Pottery & Clay,320.0,950,1300,550,synthetic_benchmark
Handwoven Cotton Chanderi Dupatta with Booti Work,Handloom Textile,2400.0,5800,6450,3450,synthetic_benchmark
Traditional Jamdani Cotton Saree,Handloom Textile,1260.0,4250,5150,1850,synthetic_benchmark
Handloom Pure Silk Banarasi Saree with Zari Border,Handloom Textile,1810.0,4150,4700,2650,synthetic_benchmark
Handmade Clay Coffee Mugs Set of 2,Pottery & Clay,330.0,700,850,550,synthetic_benchmark
Artisan Handmade Clay Kulhad Chai Cups Set of 6,Pottery & Clay,350.0,1150,1350,600,synthetic_benchmark
Handwoven Woolen Kashmiri Pashmina Shawl,Handloom Textile,2810.0,8600,10700,4050,synthetic_benchmark
45W Type-C Fast Charger for Ultrasharp Laptops,Electronics,350.0,1050,1250,600,synthetic_benchmark
Handloom Pure Silk Banarasi Saree with Zari Border,Handloom Textile,1060.0,3000,3600,1600,synthetic_benchmark
Handmade Crocheted Cotton Baby Blanket,Embroidery,650.0,2300,2650,1000,synthetic_benchmark
Custom Hand-Embroidered Chikankari Cotton Kurti,Embroidery,830.0,2750,3400,1250,synthetic_benchmark
Custom Antique Finish Pure Copper Water Bottle (1 Litre),Metalwork,1330.0,3650,4200,1950,synthetic_benchmark
Premium Mirror Work Kutch Embroidered Wall Tapestry,Embroidery,990.0,3100,4150,1500,synthetic_benchmark
Handcrafted Handmade Clay Kulhad Chai Cups Set of 6,Pottery & Clay,60.0,350,450,200,synthetic_benchmark
7-in-1 Aluminium USB-C Multiport Hub Adapter,Electronics,500.0,1400,1700,800,synthetic_benchmark
Custom Handcrafted Bamboo Wood Bluetooth Wireless Speaker,Electronics,330.0,800,900,550,synthetic_benchmark
Traditional Intricately Carved Wooden Jewellery Box with Brass Inlay,Woodwork,270.0,1150,1450,500,synthetic_benchmark
Dhokra Brass Hand-Cast Tribal Figurine,Metalwork,1520.0,3300,3700,2250,synthetic_benchmark
Premium Zardozi Work Hand-Embroidered Velvet Clutch Bag,Embroidery,950.0,2150,2500,1450,synthetic_benchmark
Exquisite Handmade Soft Stuffed Bunny Toy Holding a Carrot,Embroidery,350.0,1500,1800,600,synthetic_benchmark
Traditional Cast Iron Artisan Skillet Fry Pan,Metalwork,370.0,1300,1550,600,synthetic_benchmark
Handcrafted Oxidised 925 Silver Tribal Choker Necklace,Jewelry,1260.0,4450,5750,1850,synthetic_benchmark
Classic Organic Handloom Linen Scarf with Tassels,Handloom Textile,3010.0,8650,10200,4300,synthetic_benchmark
Exquisite Handwoven Woolen Kashmiri Pashmina Shawl,Handloom Textile,1800.0,3850,4250,2600,synthetic_benchmark
Pochampally Ikat Handwoven Saree,Handloom Textile,2750.0,7150,8100,3950,synthetic_benchmark
Zardozi Work Hand-Embroidered Velvet Clutch Bag,Embroidery,610.0,2100,2350,950,synthetic_benchmark
Authentic Hand-Embroidered Chikankari Cotton Kurti,Embroidery,790.0,2200,2950,1200,synthetic_benchmark
Traditional Jamdani Cotton Saree,Handloom Textile,1290.0,3250,3650,1900,synthetic_benchmark
Exquisite Dhokra Brass Hand-Cast Tribal Figurine,Metalwork,1110.0,3550,4450,1650,synthetic_benchmark
Hand-Stitched Patchwork Quilt Throw Blanket,Embroidery,620.0,1400,1550,950,synthetic_benchmark
Exquisite Carved Sheesham Wood Elephant Figurine,Woodwork,810.0,1850,2100,1250,synthetic_benchmark
Phulkari Hand-Embroidered Traditional Dupatta,Embroidery,460.0,1750,2050,750,synthetic_benchmark
Artisan Handmade Wooden Coaster Set of 6 with Stand,Woodwork,380.0,1100,1300,650,synthetic_benchmark
Dhokra Brass Hand-Cast Tribal Figurine,Metalwork,1320.0,4150,4700,1950,synthetic_benchmark
Vintage Antique Finish Pure Copper Water Bottle (1 Litre),Metalwork,1460.0,4400,4900,2150,synthetic_benchmark
Artisan Handmade Soft Stuffed Bunny Toy Holding a Carrot,Embroidery,630.0,2150,2650,1000,synthetic_benchmark
Traditional Handpainted Clay Diya Festive Set,Pottery & Clay,320.0,900,1000,550,synthetic_benchmark
Handcrafted Handmade Mango Wood Candle Stand Pair,Woodwork,250.0,1050,1300,450,synthetic_benchmark
Antique Finish Pure Copper Water Bottle (1 Litre),Metalwork,1740.0,4600,5150,2550,synthetic_benchmark
Vintage Artisan Hand-Carved Wooden Wall Panel Relief,Woodwork,670.0,1950,2200,1050,synthetic_benchmark
Ergonomic Wireless Silent Optical Mouse,Electronics,1150.0,2000,2650,1700,synthetic_benchmark
Eco-Friendly Traditional Handpainted Clay Diya Festive Set,Pottery & Clay,390.0,1000,1150,650,synthetic_benchmark
Handmade Crocheted Cotton Baby Blanket,Embroidery,800.0,2050,2550,1200,synthetic_benchmark
Traditional Antique Finish Pure Copper Water Bottle (1 Litre),Metalwork,790.0,2400,2850,1200,synthetic_benchmark
Handmade Clay Kulhad Chai Cups Set of 6,Pottery & Clay,60.0,400,550,200,synthetic_benchmark
Mirror Work Kutch Embroidered Wall Tapestry,Embroidery,270.0,850,1050,500,synthetic_benchmark
Custom Phulkari Hand-Embroidered Traditional Dupatta,Embroidery,940.0,3100,3400,1400,synthetic_benchmark
Handspun Cotton Table Runner with Tribal Motifs,Handloom Textile,2800.0,6700,8200,4000,synthetic_benchmark
Traditional Handcrafted Oxidised 925 Silver Tribal Choker Necklace,Jewelry,1160.0,4000,5000,1700,synthetic_benchmark
Custom Zardozi Work Hand-Embroidered Velvet Clutch Bag,Embroidery,490.0,1500,1700,800,synthetic_benchmark
Vintage Phulkari Hand-Embroidered Traditional Dupatta,Embroidery,750.0,2350,2850,1150,synthetic_benchmark
Custom Ergonomic Wireless Silent Optical Mouse,Electronics,610.0,1050,1250,950,synthetic_benchmark
Sculpted Clay Floral Vase with Rustic Finish,Pottery & Clay,170.0,450,550,350,synthetic_benchmark
Custom Handmade Wooden Coaster Set of 6 with Stand,Woodwork,340.0,1200,1450,600,synthetic_benchmark
65W GaN USB-C Fast Charger with Foldable Plug,Electronics,820.0,1850,2400,1250,synthetic_benchmark
Authentic Handmade Kundan & Pearl Jhumka Earrings,Jewelry,810.0,1950,2200,1250,synthetic_benchmark
Premium Earthen Clay Cooking Handi Pot,Pottery & Clay,160.0,500,600,300,synthetic_benchmark
Handcrafted Kantha Stitch Embroidered Cotton Cushion Covers Pair,Embroidery,650.0,1800,2200,1000,synthetic_benchmark
Eco-Friendly Antique Finish Pure Copper Water Bottle (1 Litre),Metalwork,1660.0,4400,5200,2400,synthetic_benchmark
Handcrafted Hand-Beaten Brass Dining Platter Thali Set,Metalwork,760.0,2250,2900,1150,synthetic_benchmark
Handmade Kundan & Pearl Jhumka Earrings,Jewelry,1410.0,5250,5850,2050,synthetic_benchmark
Artisan Glazed Ceramic Dining Soup Bowls Set of 4,Pottery & Clay,140.0,450,550,300,synthetic_benchmark
Zardozi Work Hand-Embroidered Velvet Clutch Bag,Embroidery,700.0,2100,2800,1100,synthetic_benchmark
Handmade Brass Meenakari Enamel Bangles Set,Jewelry,870.0,2750,3700,1300,synthetic_benchmark
Eco-Friendly Carved Sheesham Wood Elephant Figurine,Woodwork,270.0,1050,1400,500,synthetic_benchmark
Hand-Stitched Patchwork Quilt Throw Blanket,Embroidery,350.0,1300,1600,600,synthetic_benchmark
Authentic Pure Bronze Kansa Serving Bowls Set of 2,Metalwork,290.0,1000,1250,500,synthetic_benchmark
Hand-Stitched Patchwork Quilt Throw Blanket,Embroidery,500.0,1700,2050,800,synthetic_benchmark
Artisan Zardozi Work Hand-Embroidered Velvet Clutch Bag,Embroidery,940.0,1900,2250,1400,synthetic_benchmark
Classic Organic Handloom Linen Scarf with Tassels,Handloom Textile,520.0,1750,2350,850,synthetic_benchmark
Authentic Kanjivaram Silk Festive Saree,Handloom Textile,330.0,750,850,550,synthetic_benchmark
Carved Sheesham Wood Elephant Figurine,Woodwork,470.0,1300,1550,750,synthetic_benchmark
Artisan Filigree Pure Silver Toe Rings Pair,Jewelry,2460.0,8500,11300,3550,synthetic_benchmark
Custom Ergonomic Wireless Silent Optical Mouse,Electronics,820.0,1950,2450,1250,synthetic_benchmark
Handmade Brass Diya Oil Lamp Hanging,Metalwork,980.0,2100,2400,1450,synthetic_benchmark
Classic Hand-Embroidered Chikankari Cotton Kurti,Embroidery,500.0,1300,1700,800,synthetic_benchmark
45W Type-C Fast Charger for Ultrasharp Laptops,Electronics,950.0,2050,2700,1450,synthetic_benchmark
Handmade 10000mAh Magnetic Wireless Power Bank Fast Charge,Electronics,690.0,1550,1900,1050,synthetic_benchmark
Earthen Clay Cooking Handi Pot,Pottery & Clay,320.0,950,1050,550,synthetic_benchmark
Handmade Kundan & Pearl Jhumka Earrings,Jewelry,1760.0,5600,6650,2550,synthetic_benchmark
Sandalwood Carved Incense Stick Holder,Woodwork,400.0,1050,1200,650,synthetic_benchmark
Artisan Ceramic Planter with Drainage Plate,Pottery & Clay,170.0,550,600,350,synthetic_benchmark
Zardozi Work Hand-Embroidered Velvet Clutch Bag,Embroidery,730.0,1850,2200,1100,synthetic_benchmark
Sandalwood Carved Incense Stick Holder,Woodwork,450.0,1300,1550,750,synthetic_benchmark
Artisan Filigree Pure Silver Toe Rings Pair,Jewelry,330.0,1450,1800,550,synthetic_benchmark
Intricately Carved Wooden Jewellery Box with Brass Inlay,Woodwork,830.0,2500,3200,1250,synthetic_benchmark
Handmade Crocheted Cotton Baby Blanket,Embroidery,640.0,1700,2050,1000,synthetic_benchmark
Terracotta Handpainted Statement Jewelry Set,Jewelry,1910.0,5200,5800,2750,synthetic_benchmark
Handmade Brass Diya Oil Lamp Hanging,Metalwork,1220.0,2600,2850,1800,synthetic_benchmark
Eco-Friendly Handcrafted Terracotta Water Pitcher with Traditional Lid,Pottery & Clay,260.0,650,700,450,synthetic_benchmark
Handcrafted Terracotta Water Pitcher with Traditional Lid,Pottery & Clay,140.0,450,600,300,synthetic_benchmark
Pure Bronze Kansa Serving Bowls Set of 2,Metalwork,1130.0,2750,3700,1700,synthetic_benchmark
USB-C to Lightning Braided Fast Sync Cable,Electronics,690.0,1800,2300,1050,synthetic_benchmark
Authentic Handmade Brass Meenakari Enamel Bangles Set,Jewelry,2480.0,6650,7650,3550,synthetic_benchmark
Authentic Artisan Filigree Pure Silver Toe Rings Pair,Jewelry,210.0,750,900,400,synthetic_benchmark
Traditional Organic Handloom Linen Scarf with Tassels,Handloom Textile,2050.0,6200,8050,2950,synthetic_benchmark
Handmade Premium 60W Fast Charging Laptop Charger Power Adapter,Electronics,1040.0,2000,2400,1550,synthetic_benchmark
Organic Handloom Linen Scarf with Tassels,Handloom Textile,970.0,2200,2850,1450,synthetic_benchmark
Artisan Handwoven Cotton Chanderi Dupatta with Booti Work,Handloom Textile,2620.0,5050,6550,3750,synthetic_benchmark
Earthen Clay Cooking Handi Pot,Pottery & Clay,280.0,650,750,500,synthetic_benchmark
Kantha Stitch Embroidered Cotton Cushion Covers Pair,Embroidery,600.0,1750,2300,950,synthetic_benchmark
Handcrafted Bamboo Wood Bluetooth Wireless Speaker,Electronics,520.0,950,1200,850,synthetic_benchmark
10000mAh Magnetic Wireless Power Bank Fast Charge,Electronics,1100.0,2750,3050,1650,synthetic_benchmark
Handcrafted Carved Sheesham Wood Elephant Figurine,Woodwork,1090.0,2450,2950,1650,synthetic_benchmark
Authentic Kanjivaram Silk Festive Saree,Handloom Textile,2280.0,6950,8850,3300,synthetic_benchmark
Artisan Glazed Ceramic Dining Soup Bowls Set of 4,Pottery & Clay,200.0,700,750,400,synthetic_benchmark
Carved Sheesham Wood Elephant Figurine,Woodwork,950.0,2750,3500,1450,synthetic_benchmark
Handmade Crocheted Cotton Baby Blanket,Embroidery,390.0,950,1100,650,synthetic_benchmark
Carved Sheesham Wood Elephant Figurine,Woodwork,1010.0,3700,4250,1500,synthetic_benchmark
Eco-Friendly Handwoven Woolen Kashmiri Pashmina Shawl,Handloom Textile,2320.0,6450,7200,3350,synthetic_benchmark
Intricately Carved Wooden Jewellery Box with Brass Inlay,Woodwork,550.0,1800,2150,850,synthetic_benchmark
Premium 60W Fast Charging Laptop Charger Power Adapter,Electronics,530.0,1000,1150,850,synthetic_benchmark
Artisan Antique Finish Pure Copper Water Bottle (1 Litre),Metalwork,1290.0,3850,4400,1900,synthetic_benchmark
Noise Cancelling Over-Ear Studio Headphones,Electronics,1230.0,2750,3050,1800,synthetic_benchmark
Sculpted Clay Floral Vase with Rustic Finish,Pottery & Clay,300.0,850,1150,500,synthetic_benchmark
Premium Hand-Beaten Brass Dining Platter Thali Set,Metalwork,870.0,2200,2600,1300,synthetic_benchmark
Handspun Cotton Table Runner with Tribal Motifs,Handloom Textile,2910.0,8650,10050,4150,synthetic_benchmark
Handmade Terracotta Decorative Wall Hanging,Pottery & Clay,340.0,800,900,600,synthetic_benchmark
Sculpted Clay Floral Vase with Rustic Finish,Pottery & Clay,260.0,750,900,450,synthetic_benchmark
Hand-Embroidered Chikankari Cotton Kurti,Embroidery,480.0,1600,2100,750,synthetic_benchmark
Traditional Temple Jewelry Gold Plated Pendant,Jewelry,1670.0,3900,4550,2450,synthetic_benchmark
Carved Sheesham Wood Elephant Figurine,Woodwork,660.0,2050,2500,1000,synthetic_benchmark
Kantha Stitch Embroidered Cotton Cushion Covers Pair,Embroidery,450.0,1400,1800,750,synthetic_benchmark
Handcrafted Beaded Semi-Precious Stone Bracelet,Jewelry,460.0,1500,2000,750,synthetic_benchmark
Handmade Clay Kulhad Chai Cups Set of 6,Pottery & Clay,240.0,750,950,450,synthetic_benchmark
Authentic Intricately Carved Wooden Jewellery Box with Brass Inlay,Woodwork,260.0,1100,1200,450,synthetic_benchmark
Eco-Friendly Artisan Hand-Carved Wooden Wall Panel Relief,Woodwork,380.0,1350,1650,650,synthetic_benchmark
Handwoven Cotton Chanderi Dupatta with Booti Work,Handloom Textile,2380.0,4600,5500,3450,synthetic_benchmark
Traditional Temple Jewelry Gold Plated Pendant,Jewelry,1240.0,3900,4700,1850,synthetic_benchmark
Handmade Crocheted Cotton Baby Blanket,Embroidery,560.0,1500,1900,900,synthetic_benchmark
Hand-Embroidered Chikankari Cotton Kurti,Embroidery,290.0,1200,1600,500,synthetic_benchmark
Custom Artisan Hand-Carved Wooden Wall Panel Relief,Woodwork,600.0,1800,2300,950,synthetic_benchmark
Handmade Soft Stuffed Bunny Toy Holding a Carrot,Embroidery,370.0,1000,1100,600,synthetic_benchmark
Eco-Friendly Artisan Filigree Pure Silver Toe Rings Pair,Jewelry,1850.0,6300,7300,2700,synthetic_benchmark
Eco-Friendly 100W Type-C Heavy Duty Braided Charging Cable 2m,Electronics,750.0,1550,1900,1150,synthetic_benchmark
Classic Traditional Temple Jewelry Gold Plated Pendant,Jewelry,610.0,2050,2300,950,synthetic_benchmark
Handmade Brass Meenakari Enamel Bangles Set,Jewelry,220.0,850,950,400,synthetic_benchmark
Zardozi Work Hand-Embroidered Velvet Clutch Bag,Embroidery,350.0,1150,1300,600,synthetic_benchmark
Premium Sandalwood Carved Incense Stick Holder,Woodwork,930.0,3200,3600,1400,synthetic_benchmark
Hand-Embroidered Chikankari Cotton Kurti,Embroidery,640.0,1850,2350,1000,synthetic_benchmark
Sculpted Clay Floral Vase with Rustic Finish,Pottery & Clay,340.0,950,1150,600,synthetic_benchmark
Classic Pochampally Ikat Handwoven Saree,Handloom Textile,1670.0,4650,5850,2450,synthetic_benchmark
Classic Hand-Embroidered Chikankari Cotton Kurti,Embroidery,450.0,1350,1800,750,synthetic_benchmark
Phulkari Hand-Embroidered Traditional Dupatta,Embroidery,320.0,1000,1150,550,synthetic_benchmark
Cast Iron Artisan Skillet Fry Pan,Metalwork,1600.0,4950,6350,2350,synthetic_benchmark
USB-C to Lightning Braided Fast Sync Cable,Electronics,1170.0,3200,3700,1750,synthetic_benchmark
Exquisite Carved Sheesham Wood Elephant Figurine,Woodwork,490.0,1600,1850,800,synthetic_benchmark
Eco-Friendly Cast Iron Artisan Skillet Fry Pan,Metalwork,1380.0,3550,4250,2050,synthetic_benchmark
Handcrafted Handmade Teak Wood Kitchen Spatula & Spoon Set,Woodwork,1020.0,3150,3750,1550,synthetic_benchmark
USB-C to Lightning Braided Fast Sync Cable,Electronics,750.0,1700,2200,1150,synthetic_benchmark
Mirror Work Kutch Embroidered Wall Tapestry,Embroidery,770.0,1950,2600,1200,synthetic_benchmark
Kantha Stitch Embroidered Cotton Cushion Covers Pair,Embroidery,840.0,2850,3150,1300,synthetic_benchmark
Handwoven Cotton Chanderi Dupatta with Booti Work,Handloom Textile,1080.0,2300,2950,1600,synthetic_benchmark
Authentic Handmade Wooden Coaster Set of 6 with Stand,Woodwork,1010.0,2800,3100,1500,synthetic_benchmark
Authentic Handcrafted Terracotta Water Pitcher with Traditional Lid,Pottery & Clay,200.0,650,750,400,synthetic_benchmark
Exquisite Premium 60W Fast Charging Laptop Charger Power Adapter,Electronics,1440.0,3250,4250,2100,synthetic_benchmark
Dhokra Brass Hand-Cast Tribal Figurine,Metalwork,1760.0,3700,4850,2550,synthetic_benchmark
Authentic Antique Finish Pure Copper Water Bottle (1 Litre),Metalwork,980.0,2150,2750,1450,synthetic_benchmark
Exquisite Handloom Pure Silk Banarasi Saree with Zari Border,Handloom Textile,690.0,2400,2950,1050,synthetic_benchmark
Kantha Stitch Embroidered Cotton Cushion Covers Pair,Embroidery,280.0,1050,1200,500,synthetic_benchmark
Handmade Brass Meenakari Enamel Bangles Set,Jewelry,1040.0,2650,3000,1550,synthetic_benchmark
Traditional Artisan Hand-Carved Wooden Wall Panel Relief,Woodwork,720.0,2750,3100,1100,synthetic_benchmark
Eco-Friendly Handmade Brass Diya Oil Lamp Hanging,Metalwork,1610.0,4600,6100,2350,synthetic_benchmark
Traditional Temple Jewelry Gold Plated Pendant,Jewelry,1260.0,3500,3850,1850,synthetic_benchmark
Artisan Glazed Ceramic Dining Soup Bowls Set of 4,Pottery & Clay,260.0,900,1050,450,synthetic_benchmark
Handcrafted Terracotta Water Pitcher with Traditional Lid,Pottery & Clay,70.0,350,400,200,synthetic_benchmark
Handmade Handcrafted Beaded Semi-Precious Stone Bracelet,Jewelry,400.0,1700,2200,650,synthetic_benchmark
Authentic Sandalwood Carved Incense Stick Holder,Woodwork,250.0,950,1150,450,synthetic_benchmark
Carved Sheesham Wood Elephant Figurine,Woodwork,340.0,1200,1550,600,synthetic_benchmark
Premium 60W Fast Charging Laptop Charger Power Adapter,Electronics,600.0,1650,2050,950,synthetic_benchmark
Handcrafted Zardozi Work Hand-Embroidered Velvet Clutch Bag,Embroidery,260.0,800,950,450,synthetic_benchmark
Hand-Stitched Patchwork Quilt Throw Blanket,Embroidery,800.0,1950,2400,1200,synthetic_benchmark
Exquisite Pure Bronze Kansa Serving Bowls Set of 2,Metalwork,1540.0,4450,5550,2250,synthetic_benchmark
45W Type-C Fast Charger for Ultrasharp Laptops,Electronics,630.0,1750,2200,1000,synthetic_benchmark
Terracotta Handpainted Statement Jewelry Set,Jewelry,1410.0,5650,7200,2050,synthetic_benchmark
Premium Kantha Stitch Embroidered Cotton Cushion Covers Pair,Embroidery,280.0,1050,1200,500,synthetic_benchmark
Classic Dhokra Brass Hand-Cast Tribal Figurine,Metalwork,1780.0,4500,5250,2600,synthetic_benchmark
Terracotta Handpainted Statement Jewelry Set,Jewelry,1240.0,3650,4750,1850,synthetic_benchmark
Artisan Filigree Pure Silver Toe Rings Pair,Jewelry,500.0,2050,2750,800,synthetic_benchmark
Handspun Cotton Table Runner with Tribal Motifs,Handloom Textile,2050.0,4900,6050,2950,synthetic_benchmark
Handmade Clay Coffee Mugs Set of 2,Pottery & Clay,230.0,850,1150,400,synthetic_benchmark
Artisan Earthen Clay Cooking Handi Pot,Pottery & Clay,210.0,700,850,400,synthetic_benchmark
Antique Finish Pure Copper Water Bottle (1 Litre),Metalwork,1610.0,3650,4650,2350,synthetic_benchmark
Handcrafted Terracotta Water Pitcher with Traditional Lid,Pottery & Clay,160.0,500,650,300,synthetic_benchmark
Handcrafted Oxidised 925 Silver Tribal Choker Necklace,Jewelry,610.0,2300,2650,950,synthetic_benchmark
Phulkari Hand-Embroidered Traditional Dupatta,Embroidery,760.0,2100,2600,1150,synthetic_benchmark
Handspun Cotton Table Runner with Tribal Motifs,Handloom Textile,1630.0,4100,5350,2400,synthetic_benchmark
Traditional Artisan Filigree Pure Silver Toe Rings Pair,Jewelry,910.0,2250,2900,1350,synthetic_benchmark
Handmade Kundan & Pearl Jhumka Earrings,Jewelry,480.0,1650,2050,750,synthetic_benchmark
45W Type-C Fast Charger for Ultrasharp Laptops,Electronics,820.0,1500,1950,1250,synthetic_benchmark
Eco-Friendly Handcrafted Terracotta Water Pitcher with Traditional Lid,Pottery & Clay,340.0,1050,1400,600,synthetic_benchmark
Kantha Stitch Embroidered Cotton Cushion Covers Pair,Embroidery,290.0,1150,1400,500,synthetic_benchmark
Antique Finish Pure Copper Water Bottle (1 Litre),Metalwork,880.0,2150,2400,1350,synthetic_benchmark
Handmade Brass Diya Oil Lamp Hanging,Metalwork,910.0,1950,2250,1350,synthetic_benchmark
Handmade Clay Kulhad Chai Cups Set of 6,Pottery & Clay,270.0,850,950,500,synthetic_benchmark
Intricately Carved Wooden Jewellery Box with Brass Inlay,Woodwork,1020.0,2300,2600,1550,synthetic_benchmark
Handcrafted USB-C to Lightning Braided Fast Sync Cable,Electronics,430.0,950,1150,700,synthetic_benchmark
Traditional Temple Jewelry Gold Plated Pendant,Jewelry,2020.0,4850,6300,2950,synthetic_benchmark
Handmade Brass Pooja Bell with Peacock Handle,Metalwork,1030.0,2200,2700,1550,synthetic_benchmark
Custom Artisan Ceramic Planter with Drainage Plate,Pottery & Clay,80.0,400,450,200,synthetic_benchmark
Artisan Premium 60W Fast Charging Laptop Charger Power Adapter,Electronics,1220.0,2500,2750,1800,synthetic_benchmark
Vintage Handloom Sambalpuri Silk Traditional Saree,Handloom Textile,2400.0,4550,5300,3450,synthetic_benchmark
Eco-Friendly Noise Cancelling Over-Ear Studio Headphones,Electronics,850.0,2350,3150,1300,synthetic_benchmark
Authentic Handmade Kundan & Pearl Jhumka Earrings,Jewelry,1470.0,4750,5900,2150,synthetic_benchmark
Carved Sheesham Wood Elephant Figurine,Woodwork,750.0,2900,3850,1150,synthetic_benchmark
Hand-Beaten Brass Dining Platter Thali Set,Metalwork,920.0,2900,3650,1400,synthetic_benchmark
Custom Earthen Clay Cooking Handi Pot,Pottery & Clay,390.0,1100,1250,650,synthetic_benchmark
Custom Mirror Work Kutch Embroidered Wall Tapestry,Embroidery,690.0,2400,3150,1050,synthetic_benchmark
Handmade 100W Type-C Heavy Duty Braided Charging Cable 2m,Electronics,1450.0,3050,3900,2150,synthetic_benchmark
Vintage Sandalwood Carved Incense Stick Holder,Woodwork,170.0,800,1000,350,synthetic_benchmark
Artisan Handmade Clay Kulhad Chai Cups Set of 6,Pottery & Clay,190.0,450,500,350,synthetic_benchmark
Carved Sheesham Wood Elephant Figurine,Woodwork,1130.0,3000,3750,1700,synthetic_benchmark
Handwoven Cotton Chanderi Dupatta with Booti Work,Handloom Textile,1530.0,4400,5650,2250,synthetic_benchmark
Handmade Clay Kulhad Chai Cups Set of 6,Pottery & Clay,340.0,1050,1350,600,synthetic_benchmark
Handcrafted Handloom Pure Silk Banarasi Saree with Zari Border,Handloom Textile,870.0,2000,2600,1300,synthetic_benchmark
Artisan Hand-Carved Wooden Wall Panel Relief,Woodwork,1190.0,2750,3600,1750,synthetic_benchmark
Artisan Ceramic Planter with Drainage Plate,Pottery & Clay,340.0,800,900,600,synthetic_benchmark
Traditional Jamdani Cotton Saree,Handloom Textile,1890.0,5900,6850,2750,synthetic_benchmark
Handmade Mango Wood Candle Stand Pair,Woodwork,270.0,1200,1550,500,synthetic_benchmark
Handcrafted Premium 60W Fast Charging Laptop Charger Power Adapter,Electronics,1020.0,2450,2900,1550,synthetic_benchmark
Carved Sheesham Wood Elephant Figurine,Woodwork,610.0,2000,2200,950,synthetic_benchmark
Organic Handloom Linen Scarf with Tassels,Handloom Textile,1520.0,3750,4850,2250,synthetic_benchmark
Handwoven Cotton Chanderi Dupatta with Booti Work,Handloom Textile,1660.0,4600,5300,2400,synthetic_benchmark
USB-C to Lightning Braided Fast Sync Cable,Electronics,1320.0,2300,2550,1950,synthetic_benchmark
Mirror Work Kutch Embroidered Wall Tapestry,Embroidery,250.0,900,1100,450,synthetic_benchmark
Noise Cancelling Over-Ear Studio Headphones,Electronics,690.0,1550,1750,1050,synthetic_benchmark
Exquisite Traditional Temple Jewelry Gold Plated Pendant,Jewelry,2060.0,6200,7100,3000,synthetic_benchmark
Authentic Noise Cancelling Over-Ear Studio Headphones,Electronics,1480.0,2600,3050,2150,synthetic_benchmark
Handmade Soft Stuffed Bunny Toy Holding a Carrot,Embroidery,0.0,700,850,500,platform_database
Carved Sheesham Wood Elephant Figurine,Woodwork,440.0,1400,1800,700,synthetic_benchmark
Organic Handloom Linen Scarf with Tassels,Handloom Textile,2780.0,6850,8600,4000,synthetic_benchmark
Eco-Friendly Handcrafted Walnut Wood Decorative Serving Tray,Woodwork,820.0,2050,2350,1250,synthetic_benchmark
Mirror Work Kutch Embroidered Wall Tapestry,Embroidery,920.0,2400,3200,1400,synthetic_benchmark
Handmade Teak Wood Kitchen Spatula & Spoon Set,Woodwork,160.0,650,850,300,synthetic_benchmark
65W GaN USB-C Fast Charger with Foldable Plug,Electronics,360.0,1000,1350,600,synthetic_benchmark
Vintage Handmade Wooden Coaster Set of 6 with Stand,Woodwork,1160.0,3600,4100,1700,synthetic_benchmark
Exquisite Handmade Brass Meenakari Enamel Bangles Set,Jewelry,1700.0,4000,4800,2500,synthetic_benchmark
Exquisite Authentic Kanjivaram Silk Festive Saree,Handloom Textile,1450.0,3200,3900,2150,synthetic_benchmark
Authentic Terracotta Handpainted Statement Jewelry Set,Jewelry,430.0,1800,2000,700,synthetic_benchmark
Handspun Cotton Table Runner with Tribal Motifs,Handloom Textile,2290.0,7600,9650,3300,synthetic_benchmark
Handcrafted Bamboo Wood Bluetooth Wireless Speaker,Electronics,980.0,2100,2750,1450,synthetic_benchmark
Traditional Handmade Clay Coffee Mugs Set of 2,Pottery & Clay,140.0,550,700,300,synthetic_benchmark
Mirror Work Kutch Embroidered Wall Tapestry,Embroidery,240.0,750,950,450,synthetic_benchmark
Handmade Kundan & Pearl Jhumka Earrings,Jewelry,2090.0,6950,7950,3050,synthetic_benchmark
Eco-Friendly Intricately Carved Wooden Jewellery Box with Brass Inlay,Woodwork,1130.0,3600,4750,1700,synthetic_benchmark
Deluxe Traditional Temple Jewelry Gold Plated Pendant,Jewelry,2440.0,8500,11100,3500,synthetic_benchmark
Handmade Soft Stuffed Bunny Toy Holding a Carrot,Embroidery,700.0,2200,2900,1100,synthetic_benchmark
Artisan Glazed Ceramic Dining Soup Bowls Set of 4,Pottery & Clay,290.0,900,1000,500,synthetic_benchmark
Terracotta Handpainted Statement Jewelry Set,Jewelry,1230.0,4950,5600,1800,synthetic_benchmark
100W Type-C Heavy Duty Braided Charging Cable 2m,Electronics,660.0,1300,1600,1000,synthetic_benchmark
Handloom Sambalpuri Silk Traditional Saree,Handloom Textile,3200.0,6300,7400,4600,synthetic_benchmark
Sandalwood Carved Incense Stick Holder,Woodwork,460.0,1550,1700,750,synthetic_benchmark
Artisan Cast Iron Artisan Skillet Fry Pan,Metalwork,920.0,2200,2500,1400,synthetic_benchmark
Mirror Work Kutch Embroidered Wall Tapestry,Embroidery,670.0,1850,2300,1050,synthetic_benchmark
Handmade Brass Meenakari Enamel Bangles Set,Jewelry,2480.0,8350,10800,3550,synthetic_benchmark
Handcrafted Bamboo Wood Bluetooth Wireless Speaker,Electronics,1050.0,1750,2150,1550,synthetic_benchmark
Artisan Filigree Pure Silver Toe Rings Pair,Jewelry,1640.0,3600,4750,2400,synthetic_benchmark
Premium 10000mAh Magnetic Wireless Power Bank Fast Charge,Electronics,890.0,1900,2100,1350,synthetic_benchmark
Classic Handcrafted Oxidised 925 Silver Tribal Choker Necklace,Jewelry,2350.0,5600,7050,3400,synthetic_benchmark
USB-C to Lightning Braided Fast Sync Cable,Electronics,560.0,1750,2150,900,synthetic_benchmark
Artisan Ceramic Planter with Drainage Plate,Pottery & Clay,160.0,450,600,300,synthetic_benchmark
Handcrafted Premium 60W Fast Charging Laptop Charger Power Adapter,Electronics,1350.0,2250,2600,2000,synthetic_benchmark
Artisan Handcrafted Beaded Semi-Precious Stone Bracelet,Jewelry,460.0,1550,1850,750,synthetic_benchmark
Handmade Artisan Ceramic Planter with Drainage Plate,Pottery & Clay,160.0,650,850,300,synthetic_benchmark
Artisan Filigree Pure Silver Toe Rings Pair,Jewelry,700.0,1650,2200,1100,synthetic_benchmark
Deluxe Carved Sheesham Wood Elephant Figurine,Woodwork,710.0,2800,3350,1100,synthetic_benchmark
Handcrafted Beaded Semi-Precious Stone Bracelet,Jewelry,1330.0,5000,5600,1950,synthetic_benchmark
Eco-Friendly Mirror Work Kutch Embroidered Wall Tapestry,Embroidery,400.0,1350,1650,650,synthetic_benchmark
Eco-Friendly Handwoven Cotton Chanderi Dupatta with Booti Work,Handloom Textile,1790.0,4800,5650,2600,synthetic_benchmark
Custom Handmade Soft Stuffed Bunny Toy Holding a Carrot,Embroidery,970.0,2300,2650,1450,synthetic_benchmark
Handmade Brass Diya Oil Lamp Hanging,Metalwork,1110.0,2700,3450,1650,synthetic_benchmark
Handmade Teak Wood Kitchen Spatula & Spoon Set,Woodwork,1110.0,4000,4800,1650,synthetic_benchmark
Traditional Temple Jewelry Gold Plated Pendant,Jewelry,460.0,1500,1700,750,synthetic_benchmark
Hand-Stitched Patchwork Quilt Throw Blanket,Embroidery,700.0,2300,2550,1100,synthetic_benchmark
Handmade Clay Coffee Mugs Set of 2,Pottery & Clay,270.0,800,900,500,synthetic_benchmark
Classic Artisan Ceramic Planter with Drainage Plate,Pottery & Clay,190.0,750,850,350,synthetic_benchmark
Handmade Soft Stuffed Bunny Toy Holding a Carrot,Embroidery,350.0,900,1050,600,synthetic_benchmark
Deluxe Handmade Soft Stuffed Bunny Toy Holding a Carrot,Embroidery,160.0,600,700,300,synthetic_benchmark
Intricately Carved Wooden Jewellery Box with Brass Inlay,Woodwork,1110.0,3750,5000,1650,synthetic_benchmark
Authentic Handmade Brass Meenakari Enamel Bangles Set,Jewelry,2030.0,7800,9350,2950,synthetic_benchmark
Vintage Traditional Temple Jewelry Gold Plated Pendant,Jewelry,1950.0,5150,6600,2850,synthetic_benchmark
Traditional Dhokra Brass Hand-Cast Tribal Figurine,Metalwork,1770.0,3750,4900,2600,synthetic_benchmark
Authentic USB-C to Lightning Braided Fast Sync Cable,Electronics,1330.0,3150,4150,1950,synthetic_benchmark
Premium Hand-Stitched Patchwork Quilt Throw Blanket,Embroidery,740.0,2250,2800,1150,synthetic_benchmark
Zardozi Work Hand-Embroidered Velvet Clutch Bag,Embroidery,220.0,1050,1300,400,synthetic_benchmark
Custom Handcrafted Terracotta Water Pitcher with Traditional Lid,Pottery & Clay,180.0,500,600,350,synthetic_benchmark
Artisan Khadi Cotton Handloom Kurta for Men,Handloom Textile,2880.0,5800,6800,4150,synthetic_benchmark
Traditional Temple Jewelry Gold Plated Pendant,Jewelry,1080.0,4450,5950,1600,synthetic_benchmark
Custom Premium 60W Fast Charging Laptop Charger Power Adapter,Electronics,850.0,2100,2700,1300,synthetic_benchmark
Classic Ergonomic Wireless Silent Optical Mouse,Electronics,890.0,2400,2950,1350,synthetic_benchmark
Handcrafted Artisan Glazed Ceramic Dining Soup Bowls Set of 4,Pottery & Clay,110.0,350,400,250,synthetic_benchmark
Handcrafted Walnut Wood Decorative Serving Tray,Woodwork,490.0,2000,2450,800,synthetic_benchmark
Handcrafted Walnut Wood Decorative Serving Tray,Woodwork,1070.0,2950,3350,1600,synthetic_benchmark
Handcrafted Terracotta Water Pitcher with Traditional Lid,Pottery & Clay,80.0,550,750,200,synthetic_benchmark
Handmade Wooden Coaster Set of 6 with Stand,Woodwork,320.0,1400,1750,550,synthetic_benchmark
Sculpted Clay Floral Vase with Rustic Finish,Pottery & Clay,50.0,450,600,150,synthetic_benchmark
Handmade Brass Meenakari Enamel Bangles Set,Jewelry,1220.0,3450,4150,1800,synthetic_benchmark
Custom Pochampally Ikat Handwoven Saree,Handloom Textile,2240.0,6500,8500,3250,synthetic_benchmark
Artisan Pure Bronze Kansa Serving Bowls Set of 2,Metalwork,1530.0,3850,4300,2250,synthetic_benchmark
Kantha Stitch Embroidered Cotton Cushion Covers Pair,Embroidery,280.0,750,950,500,synthetic_benchmark
Eco-Friendly Phulkari Hand-Embroidered Traditional Dupatta,Embroidery,680.0,2500,2850,1050,synthetic_benchmark
Hand-Embroidered Chikankari Cotton Kurti,Embroidery,830.0,2900,3350,1250,synthetic_benchmark
Cast Iron Artisan Skillet Fry Pan,Metalwork,760.0,1850,2500,1150,synthetic_benchmark
Authentic Handspun Cotton Table Runner with Tribal Motifs,Handloom Textile,3280.0,6300,7950,4700,synthetic_benchmark
7-in-1 Aluminium USB-C Multiport Hub Adapter,Electronics,280.0,700,800,500,synthetic_benchmark
Sandalwood Carved Incense Stick Holder,Woodwork,450.0,1400,1600,750,synthetic_benchmark
100W Type-C Heavy Duty Braided Charging Cable 2m,Electronics,1370.0,3000,3450,2000,synthetic_benchmark
Custom Artisan Glazed Ceramic Dining Soup Bowls Set of 4,Pottery & Clay,210.0,650,800,400,synthetic_benchmark
Authentic Handmade Kundan & Pearl Jhumka Earrings,Jewelry,680.0,2950,3700,1050,synthetic_benchmark
Handmade Terracotta Decorative Wall Hanging,Pottery & Clay,320.0,850,950,550,synthetic_benchmark
Hand-Stitched Patchwork Quilt Throw Blanket,Embroidery,490.0,1700,2300,800,synthetic_benchmark
Artisan Glazed Ceramic Dining Soup Bowls Set of 4,Pottery & Clay,140.0,650,800,300,synthetic_benchmark
Handloom Sambalpuri Silk Traditional Saree,Handloom Textile,2480.0,7250,9800,3550,synthetic_benchmark
Handloom Pure Silk Banarasi Saree with Zari Border,Handloom Textile,2970.0,9450,10950,4250,synthetic_benchmark
Artisan Glazed Ceramic Dining Soup Bowls Set of 4,Pottery & Clay,230.0,700,800,400,synthetic_benchmark
Traditional Hand-Embroidered Chikankari Cotton Kurti,Embroidery,500.0,1350,1650,800,synthetic_benchmark
Classic 10000mAh Magnetic Wireless Power Bank Fast Charge,Electronics,1480.0,3350,4500,2150,synthetic_benchmark
Carved Sheesham Wood Elephant Figurine,Woodwork,370.0,1100,1350,600,synthetic_benchmark
Handmade Brass Pooja Bell with Peacock Handle,Metalwork,1370.0,4250,5150,2000,synthetic_benchmark
Sculpted Clay Floral Vase with Rustic Finish,Pottery & Clay,120.0,600,800,250,synthetic_benchmark
Carved Sheesham Wood Elephant Figurine,Woodwork,540.0,1800,2050,850,synthetic_benchmark
Kantha Stitch Embroidered Cotton Cushion Covers Pair,Embroidery,550.0,1600,1800,850,synthetic_benchmark
Deluxe Handmade Teak Wood Kitchen Spatula & Spoon Set,Woodwork,690.0,2550,3100,1050,synthetic_benchmark
Exquisite Handmade Brass Meenakari Enamel Bangles Set,Jewelry,2230.0,5700,6950,3200,synthetic_benchmark
Handloom Pure Silk Banarasi Saree with Zari Border,Handloom Textile,2980.0,7650,10200,4250,synthetic_benchmark
Authentic Hand-Stitched Patchwork Quilt Throw Blanket,Embroidery,470.0,1700,2000,750,synthetic_benchmark
Artisan Handmade Wooden Coaster Set of 6 with Stand,Woodwork,570.0,1750,2050,900,synthetic_benchmark
Handcrafted Artisan Glazed Ceramic Dining Soup Bowls Set of 4,Pottery & Clay,120.0,550,650,250,synthetic_benchmark
Vintage Handmade Brass Meenakari Enamel Bangles Set,Jewelry,1070.0,4400,5250,1600,synthetic_benchmark
Handcrafted Bamboo Wood Bluetooth Wireless Speaker,Electronics,520.0,1450,1950,850,synthetic_benchmark
Handcrafted Authentic Kanjivaram Silk Festive Saree,Handloom Textile,2620.0,8650,9750,3750,synthetic_benchmark
Handcrafted Oxidised 925 Silver Tribal Choker Necklace,Jewelry,760.0,2850,3750,1150,synthetic_benchmark
Vintage Sandalwood Carved Incense Stick Holder,Woodwork,700.0,2100,2500,1100,synthetic_benchmark
Artisan Kantha Stitch Embroidered Cotton Cushion Covers Pair,Embroidery,710.0,1650,2100,1100,synthetic_benchmark
7-in-1 Aluminium USB-C Multiport Hub Adapter,Electronics,460.0,850,1100,750,synthetic_benchmark
Handmade Crocheted Cotton Baby Blanket,Embroidery,930.0,2350,3100,1400,synthetic_benchmark
Handmade 45W Type-C Fast Charger for Ultrasharp Laptops,Electronics,560.0,1650,2050,900,synthetic_benchmark
Handmade Mango Wood Candle Stand Pair,Woodwork,900.0,3200,4250,1350,synthetic_benchmark
Intricately Carved Wooden Jewellery Box with Brass Inlay,Woodwork,310.0,1200,1400,550,synthetic_benchmark
Organic Handloom Linen Scarf with Tassels,Handloom Textile,1950.0,3900,4550,2850,synthetic_benchmark
Exquisite 100W Type-C Heavy Duty Braided Charging Cable 2m,Electronics,680.0,1800,2300,1050,synthetic_benchmark
Deluxe Handmade Clay Coffee Mugs Set of 2,Pottery & Clay,140.0,550,700,300,synthetic_benchmark
Premium Kantha Stitch Embroidered Cotton Cushion Covers Pair,Embroidery,830.0,2400,2750,1250,synthetic_benchmark
Deluxe Artisan Filigree Pure Silver Toe Rings Pair,Jewelry,1000.0,3800,4950,1500,synthetic_benchmark
Authentic Handmade Mango Wood Candle Stand Pair,Woodwork,540.0,1650,1950,850,synthetic_benchmark
Intricately Carved Wooden Jewellery Box with Brass Inlay,Woodwork,670.0,2550,3050,1050,synthetic_benchmark
Classic Handmade Brass Meenakari Enamel Bangles Set,Jewelry,1800.0,4200,4700,2600,synthetic_benchmark
Classic Noise Cancelling Over-Ear Studio Headphones,Electronics,310.0,1000,1150,550,synthetic_benchmark
Handmade Brass Pooja Bell with Peacock Handle,Metalwork,1580.0,4300,5100,2300,synthetic_benchmark
Custom Khadi Cotton Handloom Kurta for Men,Handloom Textile,2490.0,6750,8050,3600,synthetic_benchmark
Handcrafted Walnut Wood Decorative Serving Tray,Woodwork,780.0,2150,2900,1200,synthetic_benchmark
Mirror Work Kutch Embroidered Wall Tapestry,Embroidery,300.0,1050,1400,500,synthetic_benchmark
Artisan Filigree Pure Silver Toe Rings Pair,Jewelry,210.0,1000,1350,400,synthetic_benchmark
Earthen Clay Cooking Handi Pot,Pottery & Clay,280.0,700,850,500,synthetic_benchmark
65W GaN USB-C Fast Charger with Foldable Plug,Electronics,290.0,800,950,500,synthetic_benchmark
Classic Artisan Hand-Carved Wooden Wall Panel Relief,Woodwork,1160.0,4000,4550,1700,synthetic_benchmark
Mirror Work Kutch Embroidered Wall Tapestry,Embroidery,610.0,1900,2450,950,synthetic_benchmark
Premium Khadi Cotton Handloom Kurta for Men,Handloom Textile,1050.0,3400,4000,1550,synthetic_benchmark
Sculpted Clay Floral Vase with Rustic Finish,Pottery & Clay,300.0,900,1200,500,synthetic_benchmark
Hand-Stitched Patchwork Quilt Throw Blanket,Embroidery,980.0,3250,4400,1450,synthetic_benchmark
Handmade Dhokra Brass Hand-Cast Tribal Figurine,Metalwork,1720.0,5000,6200,2500,synthetic_benchmark
Artisan Filigree Pure Silver Toe Rings Pair,Jewelry,2430.0,5150,6700,3500,synthetic_benchmark
Premium 60W Fast Charging Laptop Charger Power Adapter,Electronics,1080.0,2350,3150,1600,synthetic_benchmark
Zardozi Work Hand-Embroidered Velvet Clutch Bag,Embroidery,650.0,1750,2100,1000,synthetic_benchmark
Dhokra Brass Hand-Cast Tribal Figurine,Metalwork,1320.0,3900,4850,1950,synthetic_benchmark
100W Type-C Heavy Duty Braided Charging Cable 2m,Electronics,1340.0,2800,3650,2000,synthetic_benchmark
Earthen Clay Cooking Handi Pot,Pottery & Clay,230.0,700,800,400,synthetic_benchmark
Handcrafted Handmade Wooden Coaster Set of 6 with Stand,Woodwork,1190.0,3550,4250,1750,synthetic_benchmark
Hand-Stitched Patchwork Quilt Throw Blanket,Embroidery,800.0,1700,2000,1200,synthetic_benchmark
USB-C to Lightning Braided Fast Sync Cable,Electronics,560.0,1500,1800,900,synthetic_benchmark
Exquisite 45W Type-C Fast Charger for Ultrasharp Laptops,Electronics,1440.0,2950,3600,2100,synthetic_benchmark
Custom Intricately Carved Wooden Jewellery Box with Brass Inlay,Woodwork,680.0,2150,2700,1050,synthetic_benchmark
100W Type-C Heavy Duty Braided Charging Cable 2m,Electronics,970.0,2050,2700,1450,synthetic_benchmark
Handcrafted Oxidised 925 Silver Tribal Choker Necklace,Jewelry,2460.0,6350,7450,3550,synthetic_benchmark
Vintage Handmade Brass Pooja Bell with Peacock Handle,Metalwork,1610.0,3350,4300,2350,synthetic_benchmark
45W Type-C Fast Charger for Ultrasharp Laptops,Electronics,300.0,900,1100,500,synthetic_benchmark
Traditional Temple Jewelry Gold Plated Pendant,Jewelry,2280.0,5350,6150,3300,synthetic_benchmark
Handmade Clay Coffee Mugs Set of 2,Pottery & Clay,220.0,600,800,400,synthetic_benchmark
Handmade Crocheted Cotton Baby Blanket,Embroidery,770.0,2050,2550,1200,synthetic_benchmark
7-in-1 Aluminium USB-C Multiport Hub Adapter,Electronics,770.0,1300,1550,1200,synthetic_benchmark
Handmade Brass Diya Oil Lamp Hanging,Metalwork,1670.0,3300,3750,2450,synthetic_benchmark
Handcrafted Bamboo Wood Bluetooth Wireless Speaker,Electronics,1100.0,2700,3050,1650,synthetic_benchmark
Traditional Handpainted Clay Diya Festive Set,Pottery & Clay,230.0,700,850,400,synthetic_benchmark
Antique Finish Pure Copper Water Bottle (1 Litre),Metalwork,490.0,1500,1950,800,synthetic_benchmark
Premium USB-C to Lightning Braided Fast Sync Cable,Electronics,500.0,1400,1750,800,synthetic_benchmark
Pure Bronze Kansa Serving Bowls Set of 2,Metalwork,1450.0,3700,4200,2150,synthetic_benchmark
Authentic USB-C to Lightning Braided Fast Sync Cable,Electronics,580.0,1550,1950,900,synthetic_benchmark
Ergonomic Wireless Silent Optical Mouse,Electronics,530.0,1000,1150,850,synthetic_benchmark
Handmade Soft Stuffed Bunny Toy Holding a Carrot,Embroidery,850.0,2200,2900,1300,synthetic_benchmark
Artisan Antique Finish Pure Copper Water Bottle (1 Litre),Metalwork,1080.0,2850,3350,1600,synthetic_benchmark
Zardozi Work Hand-Embroidered Velvet Clutch Bag,Embroidery,590.0,2000,2400,950,synthetic_benchmark
Handmade Terracotta Decorative Wall Hanging,Pottery & Clay,190.0,600,750,350,synthetic_benchmark
Handmade Terracotta Decorative Wall Hanging,Pottery & Clay,270.0,850,1050,500,synthetic_benchmark
Handspun Cotton Table Runner with Tribal Motifs,Handloom Textile,1260.0,3900,4950,1850,synthetic_benchmark
Handmade Brass Pooja Bell with Peacock Handle,Metalwork,870.0,1950,2400,1300,synthetic_benchmark
Authentic Handmade Clay Coffee Mugs Set of 2,Pottery & Clay,130.0,600,750,300,synthetic_benchmark
Authentic Handcrafted Oxidised 925 Silver Tribal Choker Necklace,Jewelry,1610.0,5100,5650,2350,synthetic_benchmark
Pure Bronze Kansa Serving Bowls Set of 2,Metalwork,1640.0,4050,4500,2400,synthetic_benchmark
Antique Finish Pure Copper Water Bottle (1 Litre),Metalwork,660.0,1900,2550,1000,synthetic_benchmark
Custom Handmade Teak Wood Kitchen Spatula & Spoon Set,Woodwork,1170.0,3900,4400,1750,synthetic_benchmark
Hand-Stitched Patchwork Quilt Throw Blanket,Embroidery,960.0,2500,2800,1450,synthetic_benchmark
Pochampally Ikat Handwoven Saree,Handloom Textile,1910.0,4250,4850,2750,synthetic_benchmark
Eco-Friendly Earthen Clay Cooking Handi Pot,Pottery & Clay,300.0,900,1050,500,synthetic_benchmark
Authentic Carved Sheesham Wood Elephant Figurine,Woodwork,760.0,2400,2950,1150,synthetic_benchmark
100W Type-C Heavy Duty Braided Charging Cable 2m,Electronics,570.0,1450,1800,900,synthetic_benchmark
45W Type-C Fast Charger for Ultrasharp Laptops,Electronics,270.0,650,750,500,synthetic_benchmark
Earthen Clay Cooking Handi Pot,Pottery & Clay,60.0,400,450,200,synthetic_benchmark
Pure Bronze Kansa Serving Bowls Set of 2,Metalwork,1180.0,3100,3600,1750,synthetic_benchmark
Handloom Pure Silk Banarasi Saree with Zari Border,Handloom Textile,650.0,1400,1600,1000,synthetic_benchmark
Handwoven Woolen Kashmiri Pashmina Shawl,Handloom Textile,2010.0,6400,7400,2900,synthetic_benchmark
Handmade Brass Meenakari Enamel Bangles Set,Jewelry,2230.0,6150,7550,3200,synthetic_benchmark
Deluxe Artisan Hand-Carved Wooden Wall Panel Relief,Woodwork,340.0,1100,1350,600,synthetic_benchmark
Handmade Kundan & Pearl Jhumka Earrings,Jewelry,2110.0,6600,7300,3050,synthetic_benchmark
Handmade Clay Coffee Mugs Set of 2,Pottery & Clay,310.0,950,1150,550,synthetic_benchmark
7-in-1 Aluminium USB-C Multiport Hub Adapter,Electronics,1400.0,3000,3400,2050,synthetic_benchmark
Traditional Kantha Stitch Embroidered Cotton Cushion Covers Pair,Embroidery,260.0,1000,1200,450,synthetic_benchmark
Dhokra Brass Hand-Cast Tribal Figurine,Metalwork,1510.0,4550,5100,2200,synthetic_benchmark
Dhokra Brass Hand-Cast Tribal Figurine,Metalwork,1370.0,2750,3050,2000,synthetic_benchmark
45W Type-C Fast Charger for Ultrasharp Laptops,Electronics,550.0,1500,1850,850,synthetic_benchmark
Exquisite Artisan Hand-Carved Wooden Wall Panel Relief,Woodwork,960.0,2350,3000,1450,synthetic_benchmark
Eco-Friendly Dhokra Brass Hand-Cast Tribal Figurine,Metalwork,780.0,2350,2850,1200,synthetic_benchmark
Artisan Hand-Carved Wooden Wall Panel Relief,Woodwork,1050.0,2850,3700,1550,synthetic_benchmark
Handmade Brass Pooja Bell with Peacock Handle,Metalwork,1530.0,4350,5150,2250,synthetic_benchmark
Artisan Filigree Pure Silver Toe Rings Pair,Jewelry,700.0,2000,2400,1100,synthetic_benchmark
Handmade Teak Wood Kitchen Spatula & Spoon Set,Woodwork,1110.0,4050,4750,1650,synthetic_benchmark
Classic Handwoven Woolen Kashmiri Pashmina Shawl,Handloom Textile,2160.0,6500,8000,3100,synthetic_benchmark
Vintage Handmade Brass Diya Oil Lamp Hanging,Metalwork,280.0,1050,1350,500,synthetic_benchmark
Artisan Handmade Wooden Coaster Set of 6 with Stand,Woodwork,280.0,1200,1400,500,synthetic_benchmark
Deluxe Hand-Beaten Brass Dining Platter Thali Set,Metalwork,1650.0,4850,5550,2400,synthetic_benchmark
Traditional Jamdani Cotton Saree,Handloom Textile,3290.0,6250,7750,4700,synthetic_benchmark
Authentic Sandalwood Carved Incense Stick Holder,Woodwork,1030.0,2250,2600,1550,synthetic_benchmark
Vintage Handcrafted Walnut Wood Decorative Serving Tray,Woodwork,740.0,1900,2400,1150,synthetic_benchmark
Handmade Artisan Filigree Pure Silver Toe Rings Pair,Jewelry,690.0,2950,3800,1050,synthetic_benchmark
Custom Handwoven Woolen Kashmiri Pashmina Shawl,Handloom Textile,460.0,1400,1650,750,synthetic_benchmark
Dhokra Brass Hand-Cast Tribal Figurine,Metalwork,1110.0,2350,3050,1650,synthetic_benchmark
Deluxe Handmade Clay Coffee Mugs Set of 2,Pottery & Clay,180.0,750,850,350,synthetic_benchmark
Kantha Stitch Embroidered Cotton Cushion Covers Pair,Embroidery,630.0,1950,2600,1000,synthetic_benchmark
Handmade Soft Stuffed Bunny Toy Holding a Carrot,Embroidery,470.0,1750,2250,750,synthetic_benchmark
Terracotta Handpainted Statement Jewelry Set,Jewelry,840.0,3350,4250,1300,synthetic_benchmark
Handmade Clay Kulhad Chai Cups Set of 6,Pottery & Clay,90.0,450,500,250,synthetic_benchmark
Authentic Handmade Terracotta Decorative Wall Hanging,Pottery & Clay,130.0,350,400,300,synthetic_benchmark
Handmade Brass Diya Oil Lamp Hanging,Metalwork,1390.0,4500,5450,2050,synthetic_benchmark
Authentic Handmade Wooden Coaster Set of 6 with Stand,Woodwork,560.0,1750,2150,900,synthetic_benchmark
Handwoven Woolen Kashmiri Pashmina Shawl,Handloom Textile,380.0,1050,1200,650,synthetic_benchmark
Artisan Glazed Ceramic Dining Soup Bowls Set of 4,Pottery & Clay,60.0,300,350,200,synthetic_benchmark
Premium Dhokra Brass Hand-Cast Tribal Figurine,Metalwork,450.0,1000,1100,750,synthetic_benchmark
Vintage Organic Handloom Linen Scarf with Tassels,Handloom Textile,3000.0,9300,12500,4300,synthetic_benchmark
Handmade Teak Wood Kitchen Spatula & Spoon Set,Woodwork,1170.0,3250,4150,1750,synthetic_benchmark
Classic Sculpted Clay Floral Vase with Rustic Finish,Pottery & Clay,400.0,1150,1350,650,synthetic_benchmark
Handcrafted Handmade Brass Pooja Bell with Peacock Handle,Metalwork,1290.0,3300,4450,1900,synthetic_benchmark
Handmade Brass Pooja Bell with Peacock Handle,Metalwork,930.0,1850,2350,1400,synthetic_benchmark
Handcrafted Khadi Cotton Handloom Kurta for Men,Handloom Textile,1750.0,5350,6350,2550,synthetic_benchmark
Handcrafted Walnut Wood Decorative Serving Tray,Woodwork,570.0,1900,2300,900,synthetic_benchmark
Phulkari Hand-Embroidered Traditional Dupatta,Embroidery,450.0,1700,1950,750,synthetic_benchmark
Premium Ergonomic Wireless Silent Optical Mouse,Electronics,880.0,2000,2250,1350,synthetic_benchmark
Handcrafted Bamboo Wood Bluetooth Wireless Speaker,Electronics,1370.0,3250,3700,2000,synthetic_benchmark
Exquisite Handcrafted Terracotta Water Pitcher with Traditional Lid,Pottery & Clay,210.0,850,1050,400,synthetic_benchmark
Custom Handmade Clay Coffee Mugs Set of 2,Pottery & Clay,370.0,1000,1300,600,synthetic_benchmark
Pure Bronze Kansa Serving Bowls Set of 2,Metalwork,920.0,2700,3100,1400,synthetic_benchmark
Pure Bronze Kansa Serving Bowls Set of 2,Metalwork,350.0,1450,1800,600,synthetic_benchmark
Intricately Carved Wooden Jewellery Box with Brass Inlay,Woodwork,930.0,3050,3800,1400,synthetic_benchmark
Handmade Brass Diya Oil Lamp Hanging,Metalwork,780.0,1900,2550,1200,synthetic_benchmark
Handloom Sambalpuri Silk Traditional Saree,Handloom Textile,1370.0,3850,4250,2000,synthetic_benchmark
Carved Sheesham Wood Elephant Figurine,Woodwork,920.0,2300,3050,1400,synthetic_benchmark
Artisan Glazed Ceramic Dining Soup Bowls Set of 4,Pottery & Clay,340.0,1150,1350,600,synthetic_benchmark
Handmade Crocheted Cotton Baby Blanket,Embroidery,550.0,1800,2000,850,synthetic_benchmark
Traditional Zardozi Work Hand-Embroidered Velvet Clutch Bag,Embroidery,330.0,950,1150,550,synthetic_benchmark
Handcrafted Walnut Wood Decorative Serving Tray,Woodwork,940.0,3450,4150,1400,synthetic_benchmark
Handcrafted Terracotta Water Pitcher with Traditional Lid,Pottery & Clay,390.0,1000,1250,650,synthetic_benchmark
Custom Handmade Mango Wood Candle Stand Pair,Woodwork,860.0,2800,3600,1300,synthetic_benchmark
Handcrafted Beaded Semi-Precious Stone Bracelet,Jewelry,1090.0,4500,5450,1650,synthetic_benchmark
Khadi Cotton Handloom Kurta for Men,Handloom Textile,2850.0,6900,9050,4100,synthetic_benchmark
Traditional Handpainted Clay Diya Festive Set,Pottery & Clay,130.0,700,950,300,synthetic_benchmark
Authentic USB-C to Lightning Braided Fast Sync Cable,Electronics,1490.0,3500,4300,2200,synthetic_benchmark
Dhokra Brass Hand-Cast Tribal Figurine,Metalwork,1170.0,2600,3200,1750,synthetic_benchmark
Classic Handloom Sambalpuri Silk Traditional Saree,Handloom Textile,2200.0,6950,8850,3200,synthetic_benchmark
Antique Finish Pure Copper Water Bottle (1 Litre),Metalwork,810.0,2650,3000,1250,synthetic_benchmark
Artisan 10000mAh Magnetic Wireless Power Bank Fast Charge,Electronics,640.0,1800,2000,1000,synthetic_benchmark
Deluxe Handmade Wooden Coaster Set of 6 with Stand,Woodwork,1060.0,3050,3750,1600,synthetic_benchmark
Vintage Handmade Wooden Coaster Set of 6 with Stand,Woodwork,320.0,1250,1400,550,synthetic_benchmark
Hand-Embroidered Chikankari Cotton Kurti,Embroidery,170.0,750,900,350,synthetic_benchmark
Hand-Beaten Brass Dining Platter Thali Set,Metalwork,450.0,1450,1600,750,synthetic_benchmark
7-in-1 Aluminium USB-C Multiport Hub Adapter,Electronics,640.0,1250,1450,1000,synthetic_benchmark
Premium 60W Fast Charging Laptop Charger Power Adapter,Electronics,950.0,2450,3150,1450,synthetic_benchmark
Sculpted Clay Floral Vase with Rustic Finish,Pottery & Clay,190.0,550,650,350,synthetic_benchmark
Zardozi Work Hand-Embroidered Velvet Clutch Bag,Embroidery,880.0,2050,2700,1350,synthetic_benchmark
Handcrafted Terracotta Water Pitcher with Traditional Lid,Pottery & Clay,320.0,900,1150,550,synthetic_benchmark
Handmade Crocheted Cotton Baby Blanket,Embroidery,820.0,2800,3450,1250,synthetic_benchmark
Terracotta Handpainted Statement Jewelry Set,Jewelry,1070.0,3900,5050,1600,synthetic_benchmark
Traditional Jamdani Cotton Saree,Handloom Textile,2510.0,6450,8500,3600,synthetic_benchmark
Handcrafted Pure Bronze Kansa Serving Bowls Set of 2,Metalwork,680.0,2050,2650,1050,synthetic_benchmark
Exquisite Hand-Beaten Brass Dining Platter Thali Set,Metalwork,370.0,1050,1250,600,synthetic_benchmark
Phulkari Hand-Embroidered Traditional Dupatta,Embroidery,650.0,1700,2200,1000,synthetic_benchmark
Handmade Crocheted Cotton Baby Blanket,Embroidery,680.0,1800,2000,1050,synthetic_benchmark
Handcrafted Bamboo Wood Bluetooth Wireless Speaker,Electronics,410.0,850,950,650,synthetic_benchmark
Handmade Soft Stuffed Bunny Toy Holding a Carrot,Embroidery,680.0,2300,2850,1050,synthetic_benchmark
Traditional Handcrafted Walnut Wood Decorative Serving Tray,Woodwork,260.0,800,950,450,synthetic_benchmark
Handmade Mango Wood Candle Stand Pair,Woodwork,340.0,1100,1300,600,synthetic_benchmark
Authentic Kanjivaram Silk Festive Saree,Handloom Textile,2220.0,5850,7500,3200,synthetic_benchmark
Khadi Cotton Handloom Kurta for Men,Handloom Textile,1360.0,3400,4250,2000,synthetic_benchmark
Eco-Friendly Traditional Temple Jewelry Gold Plated Pendant,Jewelry,2180.0,7400,8950,3150,synthetic_benchmark
Mirror Work Kutch Embroidered Wall Tapestry,Embroidery,190.0,900,1050,350,synthetic_benchmark
Handcrafted Pochampally Ikat Handwoven Saree,Handloom Textile,900.0,2450,2950,1350,synthetic_benchmark
Artisan Filigree Pure Silver Toe Rings Pair,Jewelry,920.0,3400,4350,1400,synthetic_benchmark
Artisan Filigree Pure Silver Toe Rings Pair,Jewelry,1920.0,6900,8300,2800,synthetic_benchmark
Traditional Jamdani Cotton Saree,Handloom Textile,1100.0,3050,3450,1650,synthetic_benchmark
Handmade Teak Wood Kitchen Spatula & Spoon Set,Woodwork,330.0,1400,1800,550,synthetic_benchmark
Pochampally Ikat Handwoven Saree,Handloom Textile,2730.0,7600,9950,3900,synthetic_benchmark
Artisan Hand-Beaten Brass Dining Platter Thali Set,Metalwork,380.0,1200,1450,650,synthetic_benchmark
Deluxe Handmade Mango Wood Candle Stand Pair,Woodwork,420.0,1000,1200,700,synthetic_benchmark
Traditional Handpainted Clay Diya Festive Set,Pottery & Clay,140.0,450,600,300,synthetic_benchmark
Pure Bronze Kansa Serving Bowls Set of 2,Metalwork,1600.0,4200,5650,2350,synthetic_benchmark
Hand-Stitched Patchwork Quilt Throw Blanket,Embroidery,870.0,2950,3700,1300,synthetic_benchmark
Hand-Stitched Patchwork Quilt Throw Blanket,Embroidery,700.0,2100,2300,1100,synthetic_benchmark
Sculpted Clay Floral Vase with Rustic Finish,Pottery & Clay,120.0,450,500,250,synthetic_benchmark
Artisan Ceramic Planter with Drainage Plate,Pottery & Clay,330.0,850,1000,550,synthetic_benchmark
Noise Cancelling Over-Ear Studio Headphones,Electronics,620.0,1250,1400,950,synthetic_benchmark
Authentic Kanjivaram Silk Festive Saree,Handloom Textile,1450.0,4200,4750,2150,synthetic_benchmark
Handloom Pure Silk Banarasi Saree with Zari Border,Handloom Textile,990.0,2550,3050,1500,synthetic_benchmark
Pure Bronze Kansa Serving Bowls Set of 2,Metalwork,330.0,800,1000,550,synthetic_benchmark
Authentic Hand-Embroidered Chikankari Cotton Kurti,Embroidery,840.0,2300,2700,1300,synthetic_benchmark
Artisan USB-C to Lightning Braided Fast Sync Cable,Electronics,410.0,1300,1550,650,synthetic_benchmark
10000mAh Magnetic Wireless Power Bank Fast Charge,Electronics,1390.0,2500,2800,2050,synthetic_benchmark
Classic Handloom Sambalpuri Silk Traditional Saree,Handloom Textile,430.0,1500,1950,700,synthetic_benchmark
Vintage Handmade Brass Pooja Bell with Peacock Handle,Metalwork,1170.0,2400,3050,1750,synthetic_benchmark
Khadi Cotton Handloom Kurta for Men,Handloom Textile,1700.0,5200,6650,2500,synthetic_benchmark
Handmade Soft Stuffed Bunny Toy Holding a Carrot,Embroidery,770.0,2650,3450,1200,synthetic_benchmark
Deluxe Antique Finish Pure Copper Water Bottle (1 Litre),Metalwork,540.0,1600,2100,850,synthetic_benchmark
Handcrafted Handmade Wooden Coaster Set of 6 with Stand,Woodwork,490.0,1600,2000,800,synthetic_benchmark
Premium 60W Fast Charging Laptop Charger Power Adapter,Electronics,330.0,950,1150,550,synthetic_benchmark
Custom Handmade Soft Stuffed Bunny Toy Holding a Carrot,Embroidery,650.0,2000,2550,1000,synthetic_benchmark
Artisan Handmade Brass Meenakari Enamel Bangles Set,Jewelry,240.0,650,700,450,synthetic_benchmark
Handmade Teak Wood Kitchen Spatula & Spoon Set,Woodwork,360.0,950,1100,600,synthetic_benchmark
Dhokra Brass Hand-Cast Tribal Figurine,Metalwork,1520.0,4700,5850,2250,synthetic_benchmark
Handmade Brass Diya Oil Lamp Hanging,Metalwork,1210.0,3800,5100,1800,synthetic_benchmark
Traditional Premium 60W Fast Charging Laptop Charger Power Adapter,Electronics,440.0,850,1050,700,synthetic_benchmark
Handspun Cotton Table Runner with Tribal Motifs,Handloom Textile,840.0,2850,3550,1300,synthetic_benchmark
Premium Artisan Glazed Ceramic Dining Soup Bowls Set of 4,Pottery & Clay,300.0,900,1000,500,synthetic_benchmark
Premium Carved Sheesham Wood Elephant Figurine,Woodwork,470.0,1750,2100,750,synthetic_benchmark
Handcrafted Handloom Sambalpuri Silk Traditional Saree,Handloom Textile,3010.0,8350,10650,4300,synthetic_benchmark
Classic Terracotta Handpainted Statement Jewelry Set,Jewelry,1470.0,3700,4750,2150,synthetic_benchmark
Handcrafted Beaded Semi-Precious Stone Bracelet,Jewelry,1720.0,5000,6150,2500,synthetic_benchmark
45W Type-C Fast Charger for Ultrasharp Laptops,Electronics,540.0,1050,1350,850,synthetic_benchmark
Classic Handmade Clay Kulhad Chai Cups Set of 6,Pottery & Clay,390.0,1000,1200,650,synthetic_benchmark
Traditional Temple Jewelry Gold Plated Pendant,Jewelry,1900.0,5850,7050,2750,synthetic_benchmark
Intricately Carved Wooden Jewellery Box with Brass Inlay,Woodwork,380.0,1300,1750,650,synthetic_benchmark
Hand-Embroidered Chikankari Cotton Kurti,Embroidery,740.0,2150,2400,1150,synthetic_benchmark
Artisan Ceramic Planter with Drainage Plate,Pottery & Clay,190.0,500,550,350,synthetic_benchmark
Handmade Teak Wood Kitchen Spatula & Spoon Set,Woodwork,830.0,2650,3200,1250,synthetic_benchmark
7-in-1 Aluminium USB-C Multiport Hub Adapter,Electronics,1240.0,2200,2800,1850,synthetic_benchmark
Premium 60W Fast Charging Laptop Charger Power Adapter,Electronics,640.0,1800,2400,1000,synthetic_benchmark
Deluxe Kantha Stitch Embroidered Cotton Cushion Covers Pair,Embroidery,190.0,600,700,350,synthetic_benchmark
Traditional Intricately Carved Wooden Jewellery Box with Brass Inlay,Woodwork,430.0,1050,1250,700,synthetic_benchmark
Handmade Kundan & Pearl Jhumka Earrings,Jewelry,1190.0,4000,4650,1750,synthetic_benchmark
Artisan Ergonomic Wireless Silent Optical Mouse,Electronics,910.0,2200,2650,1350,synthetic_benchmark
Handmade Clay Kulhad Chai Cups Set of 6,Pottery & Clay,360.0,750,950,600,synthetic_benchmark
100W Type-C Heavy Duty Braided Charging Cable 2m,Electronics,1450.0,2450,2800,2150,synthetic_benchmark
Exquisite Handcrafted Beaded Semi-Precious Stone Bracelet,Jewelry,1680.0,4950,6650,2450,synthetic_benchmark
Traditional Handpainted Clay Diya Festive Set,Pottery & Clay,170.0,650,850,350,synthetic_benchmark
Handcrafted Hand-Beaten Brass Dining Platter Thali Set,Metalwork,740.0,1900,2100,1150,synthetic_benchmark
10000mAh Magnetic Wireless Power Bank Fast Charge,Electronics,1420.0,3050,3650,2100,synthetic_benchmark
Handcrafted Beaded Semi-Precious Stone Bracelet,Jewelry,530.0,1500,1800,850,synthetic_benchmark
Handcrafted Kantha Stitch Embroidered Cotton Cushion Covers Pair,Embroidery,520.0,1650,1850,850,synthetic_benchmark
Artisan Ceramic Planter with Drainage Plate,Pottery & Clay,90.0,450,550,250,synthetic_benchmark
Authentic Artisan Ceramic Planter with Drainage Plate,Pottery & Clay,250.0,650,750,450,synthetic_benchmark
Handmade Wooden Coaster Set of 6 with Stand,Woodwork,270.0,900,1150,500,synthetic_benchmark
Hand-Beaten Brass Dining Platter Thali Set,Metalwork,1040.0,2950,3850,1550,synthetic_benchmark
Ergonomic Wireless Silent Optical Mouse,Electronics,870.0,1650,2100,1300,synthetic_benchmark
Artisan 65W GaN USB-C Fast Charger with Foldable Plug,Electronics,1270.0,3300,3800,1900,synthetic_benchmark
Traditional Handpainted Clay Diya Festive Set,Pottery & Clay,250.0,600,700,450,synthetic_benchmark
Classic 65W GaN USB-C Fast Charger with Foldable Plug,Electronics,1280.0,3200,4300,1900,synthetic_benchmark
Handmade Terracotta Decorative Wall Hanging,Pottery & Clay,280.0,800,1050,500,synthetic_benchmark
Vintage Artisan Filigree Pure Silver Toe Rings Pair,Jewelry,680.0,2600,3000,1050,synthetic_benchmark
Handwoven Cotton Chanderi Dupatta with Booti Work,Handloom Textile,640.0,2050,2300,1000,synthetic_benchmark
Handspun Cotton Table Runner with Tribal Motifs,Handloom Textile,420.0,1300,1450,700,synthetic_benchmark
Artisan Hand-Carved Wooden Wall Panel Relief,Woodwork,860.0,2700,3200,1300,synthetic_benchmark
Carved Sheesham Wood Elephant Figurine,Woodwork,840.0,3250,4150,1300,synthetic_benchmark
Sculpted Clay Floral Vase with Rustic Finish,Pottery & Clay,90.0,550,700,250,synthetic_benchmark
Custom Handloom Pure Silk Banarasi Saree with Zari Border,Handloom Textile,300.0,1000,1300,500,synthetic_benchmark
Authentic Artisan Filigree Pure Silver Toe Rings Pair,Jewelry,2120.0,6900,9250,3050,synthetic_benchmark
Handmade Wooden Coaster Set of 6 with Stand,Woodwork,1110.0,4200,5200,1650,synthetic_benchmark
Traditional Jamdani Cotton Saree,Handloom Textile,650.0,2000,2200,1000,synthetic_benchmark
Handmade Soft Stuffed Bunny Toy Holding a Carrot,Embroidery,460.0,1250,1500,750,synthetic_benchmark
Premium Terracotta Handpainted Statement Jewelry Set,Jewelry,2120.0,6850,7800,3050,synthetic_benchmark
10000mAh Magnetic Wireless Power Bank Fast Charge,Electronics,1220.0,2750,3350,1800,synthetic_benchmark
Antique Finish Pure Copper Water Bottle (1 Litre),Metalwork,520.0,1600,1800,850,synthetic_benchmark
Handwoven Woolen Kashmiri Pashmina Shawl,Handloom Textile,3100.0,8850,11800,4450,synthetic_benchmark
Traditional Handmade Clay Kulhad Chai Cups Set of 6,Pottery & Clay,100.0,500,650,250,synthetic_benchmark
Classic Handmade Clay Coffee Mugs Set of 2,Pottery & Clay,310.0,750,950,550,synthetic_benchmark
Terracotta Handpainted Statement Jewelry Set,Jewelry,1920.0,4600,5350,2800,synthetic_benchmark
Handcrafted Handwoven Woolen Kashmiri Pashmina Shawl,Handloom Textile,930.0,2200,2550,1400,synthetic_benchmark
Zardozi Work Hand-Embroidered Velvet Clutch Bag,Embroidery,850.0,2750,3250,1300,synthetic_benchmark
Noise Cancelling Over-Ear Studio Headphones,Electronics,1380.0,2250,2750,2050,synthetic_benchmark
Artisan Zardozi Work Hand-Embroidered Velvet Clutch Bag,Embroidery,960.0,2150,2750,1450,synthetic_benchmark
Exquisite Handmade Brass Diya Oil Lamp Hanging,Metalwork,1190.0,3150,3850,1750,synthetic_benchmark
Handcrafted Beaded Semi-Precious Stone Bracelet,Jewelry,1130.0,2950,3900,1700,synthetic_benchmark
Handcrafted Bamboo Wood Bluetooth Wireless Speaker,Electronics,1250.0,2300,2650,1850,synthetic_benchmark
10000mAh Magnetic Wireless Power Bank Fast Charge,Electronics,970.0,2500,2800,1450,synthetic_benchmark
Artisan Handmade Brass Pooja Bell with Peacock Handle,Metalwork,1730.0,3800,4650,2500,synthetic_benchmark
Handmade Mango Wood Candle Stand Pair,Woodwork,730.0,2300,3000,1100,synthetic_benchmark
Artisan Hand-Beaten Brass Dining Platter Thali Set,Metalwork,1130.0,3300,3750,1700,synthetic_benchmark
10000mAh Magnetic Wireless Power Bank Fast Charge,Electronics,750.0,2150,2850,1150,synthetic_benchmark
Handwoven Cotton Chanderi Dupatta with Booti Work,Handloom Textile,2930.0,5950,7250,4200,synthetic_benchmark
Handmade Kundan & Pearl Jhumka Earrings,Jewelry,1700.0,6300,7250,2500,synthetic_benchmark
Handcrafted Bamboo Wood Bluetooth Wireless Speaker,Electronics,870.0,1450,1850,1300,synthetic_benchmark
Khadi Cotton Handloom Kurta for Men,Handloom Textile,1770.0,4600,5100,2600,synthetic_benchmark
Hand-Embroidered Chikankari Cotton Kurti,Embroidery,850.0,2550,3050,1300,synthetic_benchmark
Kantha Stitch Embroidered Cotton Cushion Covers Pair,Embroidery,560.0,1750,2150,900,synthetic_benchmark
Handcrafted Walnut Wood Decorative Serving Tray,Woodwork,820.0,2550,3050,1250,synthetic_benchmark
Handcrafted Beaded Semi-Precious Stone Bracelet,Jewelry,1410.0,3100,3900,2050,synthetic_benchmark
Carved Sheesham Wood Elephant Figurine,Woodwork,950.0,2750,3350,1450,synthetic_benchmark
Handmade Brass Diya Oil Lamp Hanging,Metalwork,1580.0,4400,5650,2300,synthetic_benchmark
Exquisite Handmade Kundan & Pearl Jhumka Earrings,Jewelry,230.0,1050,1350,400,synthetic_benchmark
Premium Artisan Glazed Ceramic Dining Soup Bowls Set of 4,Pottery & Clay,100.0,300,400,250,synthetic_benchmark
Ergonomic Wireless Silent Optical Mouse,Electronics,260.0,950,1100,450,synthetic_benchmark
Premium Traditional Handpainted Clay Diya Festive Set,Pottery & Clay,150.0,500,650,300,synthetic_benchmark
Pochampally Ikat Handwoven Saree,Handloom Textile,2550.0,4900,5550,3650,synthetic_benchmark
Handcrafted Traditional Handpainted Clay Diya Festive Set,Pottery & Clay,180.0,500,550,350,synthetic_benchmark
Hand-Beaten Brass Dining Platter Thali Set,Metalwork,270.0,900,1150,500,synthetic_benchmark
Handmade Brass Pooja Bell with Peacock Handle,Metalwork,1010.0,3050,4000,1500,synthetic_benchmark
Artisan Hand-Carved Wooden Wall Panel Relief,Woodwork,870.0,2500,2900,1300,synthetic_benchmark
Handmade Brass Diya Oil Lamp Hanging,Metalwork,340.0,1050,1350,600,synthetic_benchmark
Exquisite Handcrafted Walnut Wood Decorative Serving Tray,Woodwork,980.0,2850,3250,1450,synthetic_benchmark
Intricately Carved Wooden Jewellery Box with Brass Inlay,Woodwork,480.0,1600,1800,750,synthetic_benchmark
Classic Handcrafted Walnut Wood Decorative Serving Tray,Woodwork,790.0,2200,2800,1200,synthetic_benchmark
Traditional Intricately Carved Wooden Jewellery Box with Brass Inlay,Woodwork,870.0,3150,3750,1300,synthetic_benchmark
Handmade Clay Kulhad Chai Cups Set of 6,Pottery & Clay,240.0,850,1050,450,synthetic_benchmark
Artisan Ergonomic Wireless Silent Optical Mouse,Electronics,1050.0,2250,2650,1550,synthetic_benchmark
Artisan Carved Sheesham Wood Elephant Figurine,Woodwork,200.0,600,800,400,synthetic_benchmark
Handcrafted Bamboo Wood Bluetooth Wireless Speaker,Electronics,780.0,1350,1500,1200,synthetic_benchmark
Deluxe Mirror Work Kutch Embroidered Wall Tapestry,Embroidery,980.0,2100,2800,1450,synthetic_benchmark
Exquisite Premium 60W Fast Charging Laptop Charger Power Adapter,Electronics,620.0,1500,1750,950,synthetic_benchmark
Ergonomic Wireless Silent Optical Mouse,Electronics,500.0,1200,1450,800,synthetic_benchmark
Deluxe Earthen Clay Cooking Handi Pot,Pottery & Clay,50.0,300,350,150,synthetic_benchmark
Custom Pochampally Ikat Handwoven Saree,Handloom Textile,2440.0,6500,7800,3500,synthetic_benchmark
Handcrafted Walnut Wood Decorative Serving Tray,Woodwork,500.0,1500,1900,800,synthetic_benchmark
Mirror Work Kutch Embroidered Wall Tapestry,Embroidery,820.0,2650,3450,1250,synthetic_benchmark
Handmade Brass Pooja Bell with Peacock Handle,Metalwork,880.0,2300,2650,1350,synthetic_benchmark
7-in-1 Aluminium USB-C Multiport Hub Adapter,Electronics,1240.0,2500,2950,1850,synthetic_benchmark
Authentic Handmade Terracotta Decorative Wall Hanging,Pottery & Clay,330.0,1000,1200,550,synthetic_benchmark
Kantha Stitch Embroidered Cotton Cushion Covers Pair,Embroidery,490.0,1100,1250,800,synthetic_benchmark
Deluxe Dhokra Brass Hand-Cast Tribal Figurine,Metalwork,1000.0,2050,2450,1500,synthetic_benchmark
Handcrafted Oxidised 925 Silver Tribal Choker Necklace,Jewelry,330.0,1250,1700,550,synthetic_benchmark
Artisan Ceramic Planter with Drainage Plate,Pottery & Clay,80.0,400,500,200,synthetic_benchmark
Handcrafted Walnut Wood Decorative Serving Tray,Woodwork,1050.0,2450,2900,1550,synthetic_benchmark
Handcrafted Bamboo Wood Bluetooth Wireless Speaker,Electronics,980.0,1800,2100,1450,synthetic_benchmark
Handmade Terracotta Decorative Wall Hanging,Pottery & Clay,200.0,700,800,400,synthetic_benchmark
Terracotta Handpainted Statement Jewelry Set,Jewelry,1870.0,6550,8000,2700,synthetic_benchmark
Hand-Embroidered Chikankari Cotton Kurti,Embroidery,960.0,2600,3350,1450,synthetic_benchmark
10000mAh Magnetic Wireless Power Bank Fast Charge,Electronics,1470.0,2950,3800,2150,synthetic_benchmark
Handmade Teak Wood Kitchen Spatula & Spoon Set,Woodwork,630.0,1700,2250,1000,synthetic_benchmark
Classic Hand-Stitched Patchwork Quilt Throw Blanket,Embroidery,330.0,1050,1400,550,synthetic_benchmark
Premium Earthen Clay Cooking Handi Pot,Pottery & Clay,390.0,900,1200,650,synthetic_benchmark
Vintage Phulkari Hand-Embroidered Traditional Dupatta,Embroidery,410.0,1400,1800,650,synthetic_benchmark
Traditional Artisan Ceramic Planter with Drainage Plate,Pottery & Clay,220.0,550,700,400,synthetic_benchmark
Premium 60W Fast Charging Laptop Charger Power Adapter,Electronics,740.0,2150,2450,1150,synthetic_benchmark
Handloom Sambalpuri Silk Traditional Saree,Handloom Textile,770.0,2650,3550,1200,synthetic_benchmark
Antique Finish Pure Copper Water Bottle (1 Litre),Metalwork,430.0,1300,1750,700,synthetic_benchmark
Vintage Zardozi Work Hand-Embroidered Velvet Clutch Bag,Embroidery,340.0,1050,1300,600,synthetic_benchmark
Authentic Handmade Mango Wood Candle Stand Pair,Woodwork,970.0,3500,4550,1450,synthetic_benchmark
Artisan 10000mAh Magnetic Wireless Power Bank Fast Charge,Electronics,1240.0,3000,3950,1850,synthetic_benchmark
Hand-Embroidered Chikankari Cotton Kurti,Embroidery,940.0,2250,2650,1400,synthetic_benchmark
Eco-Friendly Dhokra Brass Hand-Cast Tribal Figurine,Metalwork,270.0,1000,1100,500,synthetic_benchmark
Handmade Brass Meenakari Enamel Bangles Set,Jewelry,2370.0,5600,6950,3400,synthetic_benchmark
Premium Handmade Brass Pooja Bell with Peacock Handle,Metalwork,1310.0,3750,4200,1950,synthetic_benchmark
Terracotta Handpainted Statement Jewelry Set,Jewelry,1660.0,6400,7700,2400,synthetic_benchmark
Artisan Ceramic Planter with Drainage Plate,Pottery & Clay,210.0,600,800,400,synthetic_benchmark
Handspun Cotton Table Runner with Tribal Motifs,Handloom Textile,3210.0,9500,11800,4600,synthetic_benchmark
Exquisite Mirror Work Kutch Embroidered Wall Tapestry,Embroidery,150.0,450,550,300,synthetic_benchmark
Exquisite Hand-Beaten Brass Dining Platter Thali Set,Metalwork,1530.0,4400,4900,2250,synthetic_benchmark
Authentic Traditional Handpainted Clay Diya Festive Set,Pottery & Clay,240.0,600,750,450,synthetic_benchmark
Classic Earthen Clay Cooking Handi Pot,Pottery & Clay,170.0,650,850,350,synthetic_benchmark
Handmade Terracotta Decorative Wall Hanging,Pottery & Clay,340.0,950,1150,600,synthetic_benchmark
Traditional Handpainted Clay Diya Festive Set,Pottery & Clay,360.0,1050,1350,600,synthetic_benchmark
Eco-Friendly Handloom Sambalpuri Silk Traditional Saree,Handloom Textile,1900.0,4650,6000,2750,synthetic_benchmark
Vintage Earthen Clay Cooking Handi Pot,Pottery & Clay,340.0,750,950,600,synthetic_benchmark
Eco-Friendly Handcrafted Terracotta Water Pitcher with Traditional Lid,Pottery & Clay,330.0,1100,1300,550,synthetic_benchmark
Ergonomic Wireless Silent Optical Mouse,Electronics,880.0,2400,2900,1350,synthetic_benchmark
Hand-Embroidered Chikankari Cotton Kurti,Embroidery,180.0,700,900,350,synthetic_benchmark
Artisan Hand-Carved Wooden Wall Panel Relief,Woodwork,290.0,1150,1450,500,synthetic_benchmark
Custom Handmade Crocheted Cotton Baby Blanket,Embroidery,690.0,1800,2100,1050,synthetic_benchmark
Handwoven Woolen Kashmiri Pashmina Shawl,Handloom Textile,1250.0,2700,3600,1850,synthetic_benchmark
Kantha Stitch Embroidered Cotton Cushion Covers Pair,Embroidery,200.0,700,900,400,synthetic_benchmark
Handmade Handcrafted Walnut Wood Decorative Serving Tray,Woodwork,900.0,3200,4000,1350,synthetic_benchmark
Deluxe Handcrafted Beaded Semi-Precious Stone Bracelet,Jewelry,1670.0,6600,8000,2450,synthetic_benchmark
45W Type-C Fast Charger for Ultrasharp Laptops,Electronics,670.0,1150,1450,1050,synthetic_benchmark
Handcrafted Cast Iron Artisan Skillet Fry Pan,Metalwork,1050.0,2600,3300,1550,synthetic_benchmark
Exquisite Cast Iron Artisan Skillet Fry Pan,Metalwork,1430.0,3100,3450,2100,synthetic_benchmark
Ergonomic Wireless Silent Optical Mouse,Electronics,1140.0,2600,3450,1700,synthetic_benchmark
Dhokra Brass Hand-Cast Tribal Figurine,Metalwork,1410.0,3250,3700,2050,synthetic_benchmark
Handcrafted Handmade Clay Kulhad Chai Cups Set of 6,Pottery & Clay,200.0,500,600,400,synthetic_benchmark
Mirror Work Kutch Embroidered Wall Tapestry,Embroidery,900.0,2400,3000,1350,synthetic_benchmark
Ergonomic Wireless Silent Optical Mouse,Electronics,810.0,1600,2150,1250,synthetic_benchmark
Artisan Handcrafted Beaded Semi-Precious Stone Bracelet,Jewelry,990.0,2500,3150,1500,synthetic_benchmark
Hand-Stitched Patchwork Quilt Throw Blanket,Embroidery,880.0,2400,2900,1350,synthetic_benchmark
Hand-Beaten Brass Dining Platter Thali Set,Metalwork,1210.0,2550,3000,1800,synthetic_benchmark
Handmade Brass Pooja Bell with Peacock Handle,Metalwork,1570.0,4700,5850,2300,synthetic_benchmark
Handmade Clay Coffee Mugs Set of 2,Pottery & Clay,350.0,1000,1150,600,synthetic_benchmark
Artisan Ceramic Planter with Drainage Plate,Pottery & Clay,270.0,1000,1350,500,synthetic_benchmark
Handspun Cotton Table Runner with Tribal Motifs,Handloom Textile,1420.0,4350,5650,2100,synthetic_benchmark
100W Type-C Heavy Duty Braided Charging Cable 2m,Electronics,540.0,1250,1450,850,synthetic_benchmark
Sandalwood Carved Incense Stick Holder,Woodwork,1160.0,3800,4800,1700,synthetic_benchmark
Handcrafted Walnut Wood Decorative Serving Tray,Woodwork,570.0,1650,1850,900,synthetic_benchmark
Noise Cancelling Over-Ear Studio Headphones,Electronics,1250.0,2000,2350,1850,synthetic_benchmark
7-in-1 Aluminium USB-C Multiport Hub Adapter,Electronics,910.0,2350,2700,1350,synthetic_benchmark
Classic Intricately Carved Wooden Jewellery Box with Brass Inlay,Woodwork,1010.0,2650,2950,1500,synthetic_benchmark
Classic Hand-Stitched Patchwork Quilt Throw Blanket,Embroidery,890.0,2050,2400,1350,synthetic_benchmark
Traditional Sculpted Clay Floral Vase with Rustic Finish,Pottery & Clay,290.0,900,1100,500,synthetic_benchmark
Handmade Crocheted Cotton Baby Blanket,Embroidery,980.0,2950,3950,1450,synthetic_benchmark
Handmade Handloom Pure Silk Banarasi Saree with Zari Border,Handloom Textile,700.0,2000,2550,1100,synthetic_benchmark
Handmade Clay Kulhad Chai Cups Set of 6,Pottery & Clay,370.0,1050,1200,600,synthetic_benchmark
Handmade Brass Diya Oil Lamp Hanging,Metalwork,1270.0,3000,3850,1900,synthetic_benchmark
Handcrafted Handmade Teak Wood Kitchen Spatula & Spoon Set,Woodwork,160.0,650,850,300,synthetic_benchmark
Handmade Kundan & Pearl Jhumka Earrings,Jewelry,2400.0,8500,9750,3450,synthetic_benchmark
65W GaN USB-C Fast Charger with Foldable Plug,Electronics,1090.0,2300,3050,1650,synthetic_benchmark
Eco-Friendly Artisan Ceramic Planter with Drainage Plate,Pottery & Clay,120.0,500,600,250,synthetic_benchmark
Handcrafted Walnut Wood Decorative Serving Tray,Woodwork,390.0,1300,1600,650,synthetic_benchmark
Khadi Cotton Handloom Kurta for Men,Handloom Textile,620.0,1950,2450,950,synthetic_benchmark
Custom Handmade Clay Kulhad Chai Cups Set of 6,Pottery & Clay,120.0,450,500,250,synthetic_benchmark
Handmade Brass Meenakari Enamel Bangles Set,Jewelry,2230.0,7400,9500,3200,synthetic_benchmark
Premium 60W Fast Charging Laptop Charger Power Adapter,Electronics,450.0,950,1100,750,synthetic_benchmark
Deluxe Artisan Hand-Carved Wooden Wall Panel Relief,Woodwork,1120.0,2550,3300,1650,synthetic_benchmark
Handmade Brass Diya Oil Lamp Hanging,Metalwork,470.0,1300,1450,750,synthetic_benchmark
Phulkari Hand-Embroidered Traditional Dupatta,Embroidery,200.0,550,650,400,synthetic_benchmark
Artisan Glazed Ceramic Dining Soup Bowls Set of 4,Pottery & Clay,290.0,1100,1400,500,synthetic_benchmark
Deluxe Handmade Soft Stuffed Bunny Toy Holding a Carrot,Embroidery,930.0,2000,2600,1400,synthetic_benchmark
Handmade Carved Sheesham Wood Elephant Figurine,Woodwork,550.0,1600,1900,850,synthetic_benchmark
Eco-Friendly Ergonomic Wireless Silent Optical Mouse,Electronics,600.0,1300,1450,950,synthetic_benchmark
Traditional Handspun Cotton Table Runner with Tribal Motifs,Handloom Textile,1120.0,2650,3200,1650,synthetic_benchmark
Pure Bronze Kansa Serving Bowls Set of 2,Metalwork,1290.0,3800,4300,1900,synthetic_benchmark
Sandalwood Carved Incense Stick Holder,Woodwork,300.0,950,1100,500,synthetic_benchmark
Traditional Temple Jewelry Gold Plated Pendant,Jewelry,2170.0,6250,6900,3150,synthetic_benchmark
Handcrafted Traditional Temple Jewelry Gold Plated Pendant,Jewelry,990.0,3350,3850,1500,synthetic_benchmark
Dhokra Brass Hand-Cast Tribal Figurine,Metalwork,850.0,2100,2800,1300,synthetic_benchmark
Handmade Clay Kulhad Chai Cups Set of 6,Pottery & Clay,170.0,600,750,350,synthetic_benchmark
Handmade Terracotta Decorative Wall Hanging,Pottery & Clay,90.0,300,350,250,synthetic_benchmark
Handmade Teak Wood Kitchen Spatula & Spoon Set,Woodwork,1140.0,2450,3150,1700,synthetic_benchmark
Classic Handmade Brass Diya Oil Lamp Hanging,Metalwork,930.0,1950,2500,1400,synthetic_benchmark
Noise Cancelling Over-Ear Studio Headphones,Electronics,440.0,1400,1550,700,synthetic_benchmark
Handmade Teak Wood Kitchen Spatula & Spoon Set,Woodwork,710.0,2550,3400,1100,synthetic_benchmark
Vintage Handcrafted Beaded Semi-Precious Stone Bracelet,Jewelry,1570.0,4750,5650,2300,synthetic_benchmark
Eco-Friendly Terracotta Handpainted Statement Jewelry Set,Jewelry,1140.0,4650,5900,1700,synthetic_benchmark
Artisan Filigree Pure Silver Toe Rings Pair,Jewelry,1010.0,4150,5050,1500,synthetic_benchmark
Handmade Brass Diya Oil Lamp Hanging,Metalwork,510.0,1900,2150,800,synthetic_benchmark
Handmade Crocheted Cotton Baby Blanket,Embroidery,630.0,1600,1900,1000,synthetic_benchmark
Handmade Hand-Embroidered Chikankari Cotton Kurti,Embroidery,400.0,1250,1400,650,synthetic_benchmark
Vintage 100W Type-C Heavy Duty Braided Charging Cable 2m,Electronics,960.0,2050,2350,1450,synthetic_benchmark
Artisan Ceramic Planter with Drainage Plate,Pottery & Clay,270.0,700,850,500,synthetic_benchmark
Handmade Mango Wood Candle Stand Pair,Woodwork,980.0,2700,3250,1450,synthetic_benchmark
Handloom Pure Silk Banarasi Saree with Zari Border,Handloom Textile,3330.0,8900,10200,4750,synthetic_benchmark
Handmade Brass Pooja Bell with Peacock Handle,Metalwork,690.0,2300,2850,1050,synthetic_benchmark
Vintage Premium 60W Fast Charging Laptop Charger Power Adapter,Electronics,550.0,1700,1950,850,synthetic_benchmark
65W GaN USB-C Fast Charger with Foldable Plug,Electronics,250.0,700,800,450,synthetic_benchmark
7-in-1 Aluminium USB-C Multiport Hub Adapter,Electronics,880.0,1600,2150,1350,synthetic_benchmark
Handloom Sambalpuri Silk Traditional Saree,Handloom Textile,1400.0,2700,3250,2050,synthetic_benchmark
Handmade Mango Wood Candle Stand Pair,Woodwork,530.0,1650,2050,850,synthetic_benchmark
Classic Traditional Handpainted Clay Diya Festive Set,Pottery & Clay,230.0,700,900,400,synthetic_benchmark
Artisan 65W GaN USB-C Fast Charger with Foldable Plug,Electronics,420.0,1050,1200,700,synthetic_benchmark
Authentic Handmade Mango Wood Candle Stand Pair,Woodwork,600.0,2400,2800,950,synthetic_benchmark
Premium Artisan Hand-Carved Wooden Wall Panel Relief,Woodwork,890.0,2850,3650,1350,synthetic_benchmark
Sculpted Clay Floral Vase with Rustic Finish,Pottery & Clay,180.0,650,750,350,synthetic_benchmark
Authentic Dhokra Brass Hand-Cast Tribal Figurine,Metalwork,1340.0,3650,4500,2000,synthetic_benchmark
Handloom Sambalpuri Silk Traditional Saree,Handloom Textile,3270.0,9500,12150,4700,synthetic_benchmark
Exquisite Intricately Carved Wooden Jewellery Box with Brass Inlay,Woodwork,870.0,2450,2900,1300,synthetic_benchmark
Handmade Mango Wood Candle Stand Pair,Woodwork,490.0,1500,1850,800,synthetic_benchmark
Handmade Kundan & Pearl Jhumka Earrings,Jewelry,1630.0,6450,8600,2400,synthetic_benchmark
Phulkari Hand-Embroidered Traditional Dupatta,Embroidery,200.0,850,1000,400,synthetic_benchmark
Custom Handmade Brass Pooja Bell with Peacock Handle,Metalwork,880.0,2250,2750,1350,synthetic_benchmark
Vintage Handmade Kundan & Pearl Jhumka Earrings,Jewelry,1290.0,3200,4050,1900,synthetic_benchmark
Hand-Stitched Patchwork Quilt Throw Blanket,Embroidery,590.0,1650,2100,950,synthetic_benchmark
Dhokra Brass Hand-Cast Tribal Figurine,Metalwork,1020.0,3000,3400,1550,synthetic_benchmark
Handmade Mango Wood Candle Stand Pair,Woodwork,610.0,2250,2600,950,synthetic_benchmark
Premium Handloom Pure Silk Banarasi Saree with Zari Border,Handloom Textile,2640.0,8700,10650,3800,synthetic_benchmark
Handmade Terracotta Decorative Wall Hanging,Pottery & Clay,290.0,800,1050,500,synthetic_benchmark
Organic Handloom Linen Scarf with Tassels,Handloom Textile,1770.0,3700,4550,2600,synthetic_benchmark
Artisan Handcrafted Terracotta Water Pitcher with Traditional Lid,Pottery & Clay,320.0,850,1050,550,synthetic_benchmark
Handcrafted Oxidised 925 Silver Tribal Choker Necklace,Jewelry,1390.0,3300,3650,2050,synthetic_benchmark
Traditional Jamdani Cotton Saree,Handloom Textile,3300.0,9500,12550,4700,synthetic_benchmark
Cast Iron Artisan Skillet Fry Pan,Metalwork,1800.0,5450,6150,2600,synthetic_benchmark
Khadi Cotton Handloom Kurta for Men,Handloom Textile,2860.0,5400,6300,4100,synthetic_benchmark
Traditional Jamdani Cotton Saree,Handloom Textile,1630.0,4050,4850,2400,synthetic_benchmark
Cast Iron Artisan Skillet Fry Pan,Metalwork,1170.0,3250,3900,1750,synthetic_benchmark
Hand-Embroidered Chikankari Cotton Kurti,Embroidery,640.0,1850,2200,1000,synthetic_benchmark
Hand-Beaten Brass Dining Platter Thali Set,Metalwork,1610.0,4850,5750,2350,synthetic_benchmark
Custom Cast Iron Artisan Skillet Fry Pan,Metalwork,350.0,1350,1700,600,synthetic_benchmark
Handmade Clay Kulhad Chai Cups Set of 6,Pottery & Clay,70.0,500,650,200,synthetic_benchmark
Organic Handloom Linen Scarf with Tassels,Handloom Textile,2140.0,5650,7150,3100,synthetic_benchmark
Handmade Brass Meenakari Enamel Bangles Set,Jewelry,350.0,1550,2000,600,synthetic_benchmark
Custom Authentic Kanjivaram Silk Festive Saree,Handloom Textile,3150.0,8650,9800,4500,synthetic_benchmark
Handcrafted Premium 60W Fast Charging Laptop Charger Power Adapter,Electronics,890.0,1900,2500,1350,synthetic_benchmark
Sandalwood Carved Incense Stick Holder,Woodwork,910.0,2850,3600,1350,synthetic_benchmark
Mirror Work Kutch Embroidered Wall Tapestry,Embroidery,990.0,2100,2800,1500,synthetic_benchmark
Custom Handcrafted Walnut Wood Decorative Serving Tray,Woodwork,650.0,2200,2900,1000,synthetic_benchmark
Organic Handloom Linen Scarf with Tassels,Handloom Textile,3390.0,8200,9050,4850,synthetic_benchmark
100W Type-C Heavy Duty Braided Charging Cable 2m,Electronics,460.0,1150,1450,750,synthetic_benchmark
Handmade Wooden Coaster Set of 6 with Stand,Woodwork,170.0,800,1100,350,synthetic_benchmark
7-in-1 Aluminium USB-C Multiport Hub Adapter,Electronics,1110.0,1900,2200,1650,synthetic_benchmark
Handmade Crocheted Cotton Baby Blanket,Embroidery,610.0,1650,2050,950,synthetic_benchmark
Handcrafted Beaded Semi-Precious Stone Bracelet,Jewelry,2400.0,6550,7600,3450,synthetic_benchmark
Deluxe 65W GaN USB-C Fast Charger with Foldable Plug,Electronics,380.0,1250,1450,650,synthetic_benchmark
Premium Pure Bronze Kansa Serving Bowls Set of 2,Metalwork,880.0,2400,3000,1350,synthetic_benchmark
Handmade Brass Pooja Bell with Peacock Handle,Metalwork,1430.0,2700,3350,2100,synthetic_benchmark
Exquisite 10000mAh Magnetic Wireless Power Bank Fast Charge,Electronics,1380.0,3000,3450,2050,synthetic_benchmark
Deluxe Handspun Cotton Table Runner with Tribal Motifs,Handloom Textile,2150.0,5250,6800,3100,synthetic_benchmark
Pure Bronze Kansa Serving Bowls Set of 2,Metalwork,300.0,1000,1300,500,synthetic_benchmark
Authentic Hand-Embroidered Chikankari Cotton Kurti,Embroidery,190.0,800,900,350,synthetic_benchmark
Vintage Mirror Work Kutch Embroidered Wall Tapestry,Embroidery,190.0,850,1100,350,synthetic_benchmark
Hand-Embroidered Chikankari Cotton Kurti,Embroidery,980.0,3050,3350,1450,synthetic_benchmark
Handmade Soft Stuffed Bunny Toy Holding a Carrot,Embroidery,880.0,2200,2500,1350,synthetic_benchmark
Mirror Work Kutch Embroidered Wall Tapestry,Embroidery,320.0,1050,1400,550,synthetic_benchmark
Custom Handcrafted Bamboo Wood Bluetooth Wireless Speaker,Electronics,1310.0,3050,3800,1950,synthetic_benchmark
Handcrafted Khadi Cotton Handloom Kurta for Men,Handloom Textile,1690.0,3400,4250,2450,synthetic_benchmark
Handmade Brass Meenakari Enamel Bangles Set,Jewelry,2050.0,7200,8550,2950,synthetic_benchmark
Deluxe Handcrafted Oxidised 925 Silver Tribal Choker Necklace,Jewelry,1490.0,5500,6250,2200,synthetic_benchmark
Zardozi Work Hand-Embroidered Velvet Clutch Bag,Embroidery,560.0,1700,2000,900,synthetic_benchmark
Authentic Handmade Brass Diya Oil Lamp Hanging,Metalwork,1000.0,3000,3550,1500,synthetic_benchmark
Hand-Beaten Brass Dining Platter Thali Set,Metalwork,1490.0,3950,4450,2200,synthetic_benchmark
Handmade Wooden Coaster Set of 6 with Stand,Woodwork,510.0,1700,2000,800,synthetic_benchmark
Handmade Kundan & Pearl Jhumka Earrings,Jewelry,2150.0,7850,9150,3100,synthetic_benchmark
Carved Sheesham Wood Elephant Figurine,Woodwork,1190.0,3200,3700,1750,synthetic_benchmark
Handspun Cotton Table Runner with Tribal Motifs,Handloom Textile,1950.0,4150,5100,2850,synthetic_benchmark
Vintage Artisan Hand-Carved Wooden Wall Panel Relief,Woodwork,400.0,1050,1200,650,synthetic_benchmark
Handmade Teak Wood Kitchen Spatula & Spoon Set,Woodwork,250.0,850,1100,450,synthetic_benchmark
100W Type-C Heavy Duty Braided Charging Cable 2m,Electronics,1040.0,1700,2200,1550,synthetic_benchmark
Sandalwood Carved Incense Stick Holder,Woodwork,1170.0,2700,3650,1750,synthetic_benchmark
Exquisite Organic Handloom Linen Scarf with Tassels,Handloom Textile,1620.0,4200,5100,2350,synthetic_benchmark
Pochampally Ikat Handwoven Saree,Handloom Textile,960.0,2750,3300,1450,synthetic_benchmark
Handwoven Cotton Chanderi Dupatta with Booti Work,Handloom Textile,2290.0,6600,8750,3300,synthetic_benchmark
Traditional Handmade Brass Meenakari Enamel Bangles Set,Jewelry,510.0,1900,2100,800,synthetic_benchmark
Dhokra Brass Hand-Cast Tribal Figurine,Metalwork,1300.0,3300,4100,1900,synthetic_benchmark
Premium Hand-Stitched Patchwork Quilt Throw Blanket,Embroidery,240.0,900,1000,450,synthetic_benchmark
Intricately Carved Wooden Jewellery Box with Brass Inlay,Woodwork,1140.0,3300,3650,1700,synthetic_benchmark
Classic Artisan Hand-Carved Wooden Wall Panel Relief,Woodwork,570.0,2150,2650,900,synthetic_benchmark
Hand-Stitched Patchwork Quilt Throw Blanket,Embroidery,690.0,1600,2100,1050,synthetic_benchmark
Traditional Handwoven Cotton Chanderi Dupatta with Booti Work,Handloom Textile,400.0,1550,2050,650,synthetic_benchmark
Phulkari Hand-Embroidered Traditional Dupatta,Embroidery,720.0,1550,2000,1100,synthetic_benchmark
Phulkari Hand-Embroidered Traditional Dupatta,Embroidery,920.0,2850,3350,1400,synthetic_benchmark
Exquisite Handcrafted Terracotta Water Pitcher with Traditional Lid,Pottery & Clay,100.0,500,600,250,synthetic_benchmark
Classic Intricately Carved Wooden Jewellery Box with Brass Inlay,Woodwork,340.0,1250,1600,600,synthetic_benchmark
Handwoven Woolen Kashmiri Pashmina Shawl,Handloom Textile,2130.0,7050,9200,3100,synthetic_benchmark
Custom Artisan Filigree Pure Silver Toe Rings Pair,Jewelry,900.0,2900,3750,1350,synthetic_benchmark
Traditional Temple Jewelry Gold Plated Pendant,Jewelry,1440.0,3700,4250,2100,synthetic_benchmark
Pochampally Ikat Handwoven Saree,Handloom Textile,1990.0,5650,7100,2900,synthetic_benchmark
Artisan 100W Type-C Heavy Duty Braided Charging Cable 2m,Electronics,410.0,1300,1550,650,synthetic_benchmark
Premium 60W Fast Charging Laptop Charger Power Adapter,Electronics,980.0,2550,3350,1450,synthetic_benchmark
Traditional Jamdani Cotton Saree,Handloom Textile,470.0,1150,1350,750,synthetic_benchmark
Vintage Khadi Cotton Handloom Kurta for Men,Handloom Textile,1020.0,2600,3250,1550,synthetic_benchmark
Handmade Brass Meenakari Enamel Bangles Set,Jewelry,2360.0,6750,8200,3400,synthetic_benchmark
Artisan Hand-Carved Wooden Wall Panel Relief,Woodwork,520.0,1550,1950,850,synthetic_benchmark
Hand-Stitched Patchwork Quilt Throw Blanket,Embroidery,790.0,1950,2600,1200,synthetic_benchmark
Artisan Hand-Carved Wooden Wall Panel Relief,Woodwork,1170.0,3200,3600,1750,synthetic_benchmark
Eco-Friendly Pure Bronze Kansa Serving Bowls Set of 2,Metalwork,1460.0,3250,4000,2150,synthetic_benchmark
Deluxe Artisan Filigree Pure Silver Toe Rings Pair,Jewelry,2470.0,7700,9100,3550,synthetic_benchmark
Authentic Traditional Handpainted Clay Diya Festive Set,Pottery & Clay,160.0,550,700,300,synthetic_benchmark
Authentic 7-in-1 Aluminium USB-C Multiport Hub Adapter,Electronics,640.0,1800,2050,1000,synthetic_benchmark
Vintage Antique Finish Pure Copper Water Bottle (1 Litre),Metalwork,1430.0,3750,4550,2100,synthetic_benchmark
100W Type-C Heavy Duty Braided Charging Cable 2m,Electronics,620.0,1550,2050,950,synthetic_benchmark
Premium 60W Fast Charging Laptop Charger Power Adapter,Electronics,1240.0,2450,2900,1850,synthetic_benchmark
Classic 7-in-1 Aluminium USB-C Multiport Hub Adapter,Electronics,960.0,2400,2850,1450,synthetic_benchmark
Handwoven Woolen Kashmiri Pashmina Shawl,Handloom Textile,1680.0,3250,4000,2450,synthetic_benchmark
Artisan Filigree Pure Silver Toe Rings Pair,Jewelry,1590.0,3850,4550,2350,synthetic_benchmark
Custom Hand-Beaten Brass Dining Platter Thali Set,Metalwork,270.0,850,1100,500,synthetic_benchmark
Artisan 100W Type-C Heavy Duty Braided Charging Cable 2m,Electronics,320.0,900,1100,550,synthetic_benchmark
10000mAh Magnetic Wireless Power Bank Fast Charge,Electronics,1210.0,2250,2500,1800,synthetic_benchmark
Handmade Teak Wood Kitchen Spatula & Spoon Set,Woodwork,1000.0,3000,3400,1500,synthetic_benchmark
Traditional Artisan Filigree Pure Silver Toe Rings Pair,Jewelry,2140.0,5400,6950,3100,synthetic_benchmark
Dhokra Brass Hand-Cast Tribal Figurine,Metalwork,1110.0,2400,3200,1650,synthetic_benchmark
Handmade Wooden Coaster Set of 6 with Stand,Woodwork,640.0,1850,2350,1000,synthetic_benchmark
Zardozi Work Hand-Embroidered Velvet Clutch Bag,Embroidery,370.0,950,1250,600,synthetic_benchmark
Authentic Pochampally Ikat Handwoven Saree,Handloom Textile,380.0,1150,1500,650,synthetic_benchmark
Handmade Terracotta Decorative Wall Hanging,Pottery & Clay,290.0,750,950,500,synthetic_benchmark
Ergonomic Wireless Silent Optical Mouse,Electronics,1230.0,2200,2850,1800,synthetic_benchmark
Ergonomic Wireless Silent Optical Mouse,Electronics,1050.0,2650,3050,1550,synthetic_benchmark
Handmade Brass Diya Oil Lamp Hanging,Metalwork,760.0,2000,2250,1150,synthetic_benchmark
Premium Ergonomic Wireless Silent Optical Mouse,Electronics,1230.0,2600,3250,1800,synthetic_benchmark
Authentic Artisan Ceramic Planter with Drainage Plate,Pottery & Clay,380.0,1200,1300,650,synthetic_benchmark
Handcrafted Terracotta Water Pitcher with Traditional Lid,Pottery & Clay,120.0,500,600,250,synthetic_benchmark
Premium Artisan Filigree Pure Silver Toe Rings Pair,Jewelry,1090.0,3400,4450,1650,synthetic_benchmark
Handloom Pure Silk Banarasi Saree with Zari Border,Handloom Textile,3440.0,7150,8550,4900,synthetic_benchmark
Authentic Handcrafted Walnut Wood Decorative Serving Tray,Woodwork,360.0,1450,1750,600,synthetic_benchmark
Deluxe Khadi Cotton Handloom Kurta for Men,Handloom Textile,810.0,2500,2900,1250,synthetic_benchmark
Handmade Terracotta Handpainted Statement Jewelry Set,Jewelry,1660.0,4300,5300,2400,synthetic_benchmark
Handloom Pure Silk Banarasi Saree with Zari Border,Handloom Textile,1600.0,4350,4950,2350,synthetic_benchmark
Zardozi Work Hand-Embroidered Velvet Clutch Bag,Embroidery,460.0,1500,1750,750,synthetic_benchmark
Khadi Cotton Handloom Kurta for Men,Handloom Textile,3440.0,9500,11300,4900,synthetic_benchmark
45W Type-C Fast Charger for Ultrasharp Laptops,Electronics,490.0,1350,1650,800,synthetic_benchmark
Handmade Cast Iron Artisan Skillet Fry Pan,Metalwork,340.0,950,1100,600,synthetic_benchmark
Terracotta Handpainted Statement Jewelry Set,Jewelry,490.0,2050,2300,800,synthetic_benchmark
Handloom Pure Silk Banarasi Saree with Zari Border,Handloom Textile,1570.0,3750,4850,2300,synthetic_benchmark
Handmade Teak Wood Kitchen Spatula & Spoon Set,Woodwork,200.0,800,950,400,synthetic_benchmark
Handwoven Cotton Chanderi Dupatta with Booti Work,Handloom Textile,340.0,1050,1250,600,synthetic_benchmark
Premium Handmade Clay Coffee Mugs Set of 2,Pottery & Clay,250.0,700,950,450,synthetic_benchmark
Classic Handmade Terracotta Decorative Wall Hanging,Pottery & Clay,80.0,250,300,200,synthetic_benchmark
Handmade Brass Meenakari Enamel Bangles Set,Jewelry,1900.0,4200,5600,2750,synthetic_benchmark
Kantha Stitch Embroidered Cotton Cushion Covers Pair,Embroidery,480.0,1300,1650,750,synthetic_benchmark
Handmade Brass Meenakari Enamel Bangles Set,Jewelry,1820.0,4250,5100,2650,synthetic_benchmark
Artisan Cast Iron Artisan Skillet Fry Pan,Metalwork,1710.0,3300,3800,2500,synthetic_benchmark
Zardozi Work Hand-Embroidered Velvet Clutch Bag,Embroidery,720.0,1750,2250,1100,synthetic_benchmark
Handmade Hand-Beaten Brass Dining Platter Thali Set,Metalwork,630.0,2000,2500,1000,synthetic_benchmark
Eco-Friendly Premium 60W Fast Charging Laptop Charger Power Adapter,Electronics,950.0,2350,3000,1450,synthetic_benchmark
Sculpted Clay Floral Vase with Rustic Finish,Pottery & Clay,350.0,1050,1200,600,synthetic_benchmark
Hand-Beaten Brass Dining Platter Thali Set,Metalwork,640.0,1900,2500,1000,synthetic_benchmark
Vintage Handloom Pure Silk Banarasi Saree with Zari Border,Handloom Textile,980.0,2550,3050,1450,synthetic_benchmark
Premium Cast Iron Artisan Skillet Fry Pan,Metalwork,1060.0,3150,3550,1600,synthetic_benchmark
Handmade Teak Wood Kitchen Spatula & Spoon Set,Woodwork,930.0,2550,3400,1400,synthetic_benchmark
Phulkari Hand-Embroidered Traditional Dupatta,Embroidery,820.0,2250,2900,1250,synthetic_benchmark
USB-C to Lightning Braided Fast Sync Cable,Electronics,1410.0,2550,3400,2050,synthetic_benchmark
Ergonomic Wireless Silent Optical Mouse,Electronics,1370.0,2200,2900,2000,synthetic_benchmark
Handloom Sambalpuri Silk Traditional Saree,Handloom Textile,820.0,1950,2150,1250,synthetic_benchmark
Custom Premium 60W Fast Charging Laptop Charger Power Adapter,Electronics,840.0,2250,2750,1300,synthetic_benchmark
Traditional Terracotta Handpainted Statement Jewelry Set,Jewelry,2470.0,8500,10850,3550,synthetic_benchmark
Exquisite Handmade Wooden Coaster Set of 6 with Stand,Woodwork,1150.0,3800,4500,1700,synthetic_benchmark
USB-C to Lightning Braided Fast Sync Cable,Electronics,700.0,1350,1600,1100,synthetic_benchmark
Artisan Traditional Temple Jewelry Gold Plated Pendant,Jewelry,680.0,2550,3100,1050,synthetic_benchmark
Phulkari Hand-Embroidered Traditional Dupatta,Embroidery,550.0,1850,2200,850,synthetic_benchmark
Authentic Zardozi Work Hand-Embroidered Velvet Clutch Bag,Embroidery,300.0,1300,1500,500,synthetic_benchmark
Zardozi Work Hand-Embroidered Velvet Clutch Bag,Embroidery,160.0,500,650,300,synthetic_benchmark
Handmade Wooden Coaster Set of 6 with Stand,Woodwork,1170.0,3250,4200,1750,synthetic_benchmark
Custom Handloom Pure Silk Banarasi Saree with Zari Border,Handloom Textile,2400.0,7500,8450,3450,synthetic_benchmark
Eco-Friendly Traditional Jamdani Cotton Saree,Handloom Textile,3370.0,7350,8350,4800,synthetic_benchmark
Handmade Soft Stuffed Bunny Toy Holding a Carrot,Embroidery,550.0,1600,1950,850,synthetic_benchmark
Exquisite 7-in-1 Aluminium USB-C Multiport Hub Adapter,Electronics,1380.0,3100,3600,2050,synthetic_benchmark
Traditional Handmade Teak Wood Kitchen Spatula & Spoon Set,Woodwork,950.0,2950,3500,1450,synthetic_benchmark
Handwoven Woolen Kashmiri Pashmina Shawl,Handloom Textile,490.0,1650,2150,800,synthetic_benchmark
Antique Finish Pure Copper Water Bottle (1 Litre),Metalwork,820.0,1900,2550,1250,synthetic_benchmark
Eco-Friendly Traditional Temple Jewelry Gold Plated Pendant,Jewelry,260.0,1350,1600,450,synthetic_benchmark
Premium Terracotta Handpainted Statement Jewelry Set,Jewelry,1070.0,3800,4800,1600,synthetic_benchmark
Authentic Handmade Soft Stuffed Bunny Toy Holding a Carrot,Embroidery,640.0,1550,1750,1000,synthetic_benchmark
Handmade Kundan & Pearl Jhumka Earrings,Jewelry,880.0,3250,4250,1350,synthetic_benchmark
Intricately Carved Wooden Jewellery Box with Brass Inlay,Woodwork,970.0,3300,3650,1450,synthetic_benchmark
Classic Earthen Clay Cooking Handi Pot,Pottery & Clay,130.0,450,600,300,synthetic_benchmark
Zardozi Work Hand-Embroidered Velvet Clutch Bag,Embroidery,460.0,1250,1450,750,synthetic_benchmark
Exquisite Handmade Kundan & Pearl Jhumka Earrings,Jewelry,230.0,1100,1300,400,synthetic_benchmark
Handmade Soft Stuffed Bunny Toy Holding a Carrot,Embroidery,510.0,1650,2150,800,synthetic_benchmark
Traditional Noise Cancelling Over-Ear Studio Headphones,Electronics,1080.0,2000,2600,1600,synthetic_benchmark
Traditional Handpainted Clay Diya Festive Set,Pottery & Clay,360.0,700,800,600,synthetic_benchmark
Deluxe Kantha Stitch Embroidered Cotton Cushion Covers Pair,Embroidery,700.0,2550,3150,1100,synthetic_benchmark
Handmade Mango Wood Candle Stand Pair,Woodwork,250.0,950,1250,450,synthetic_benchmark
100W Type-C Heavy Duty Braided Charging Cable 2m,Electronics,1040.0,1850,2350,1550,synthetic_benchmark
Zardozi Work Hand-Embroidered Velvet Clutch Bag,Embroidery,760.0,2750,3700,1150,synthetic_benchmark
Exquisite Handspun Cotton Table Runner with Tribal Motifs,Handloom Textile,2090.0,5900,7100,3050,synthetic_benchmark
Artisan Handmade Wooden Coaster Set of 6 with Stand,Woodwork,1050.0,3350,4150,1550,synthetic_benchmark
Handmade Wooden Coaster Set of 6 with Stand,Woodwork,660.0,1800,2350,1000,synthetic_benchmark
Artisan Hand-Carved Wooden Wall Panel Relief,Woodwork,170.0,550,700,350,synthetic_benchmark
Handwoven Cotton Chanderi Dupatta with Booti Work,Handloom Textile,2000.0,4400,5100,2900,synthetic_benchmark
Pure Bronze Kansa Serving Bowls Set of 2,Metalwork,490.0,1750,2350,800,synthetic_benchmark
Deluxe Ergonomic Wireless Silent Optical Mouse,Electronics,1300.0,3350,4300,1900,synthetic_benchmark
Pochampally Ikat Handwoven Saree,Handloom Textile,2470.0,7500,8450,3550,synthetic_benchmark
Phulkari Hand-Embroidered Traditional Dupatta,Embroidery,820.0,2450,3200,1250,synthetic_benchmark
Handwoven Cotton Chanderi Dupatta with Booti Work,Handloom Textile,2260.0,5700,7600,3250,synthetic_benchmark
Handcrafted Oxidised 925 Silver Tribal Choker Necklace,Jewelry,1900.0,7600,9150,2750,synthetic_benchmark
7-in-1 Aluminium USB-C Multiport Hub Adapter,Electronics,950.0,1700,2000,1450,synthetic_benchmark
Authentic Kanjivaram Silk Festive Saree,Handloom Textile,3010.0,7150,8050,4300,synthetic_benchmark
Traditional Temple Jewelry Gold Plated Pendant,Jewelry,1370.0,3100,4150,2000,synthetic_benchmark
45W Type-C Fast Charger for Ultrasharp Laptops,Electronics,710.0,1550,2000,1100,synthetic_benchmark
Hand-Beaten Brass Dining Platter Thali Set,Metalwork,1550.0,3350,4250,2250,synthetic_benchmark
Handmade Soft Stuffed Bunny Toy Holding a Carrot,Embroidery,310.0,950,1250,550,synthetic_benchmark
Handmade Handcrafted Beaded Semi-Precious Stone Bracelet,Jewelry,1460.0,5000,6350,2150,synthetic_benchmark
Handcrafted Walnut Wood Decorative Serving Tray,Woodwork,1020.0,2600,3250,1550,synthetic_benchmark
Handmade Hand-Beaten Brass Dining Platter Thali Set,Metalwork,990.0,2200,2550,1500,synthetic_benchmark
Handcrafted Walnut Wood Decorative Serving Tray,Woodwork,180.0,800,950,350,synthetic_benchmark
Sculpted Clay Floral Vase with Rustic Finish,Pottery & Clay,160.0,600,700,300,synthetic_benchmark
Artisan Ceramic Planter with Drainage Plate,Pottery & Clay,180.0,500,550,350,synthetic_benchmark
Handmade Mango Wood Candle Stand Pair,Woodwork,780.0,2050,2550,1200,synthetic_benchmark
Handmade Brass Pooja Bell with Peacock Handle,Metalwork,1270.0,2450,2800,1900,synthetic_benchmark
Terracotta Handpainted Statement Jewelry Set,Jewelry,270.0,1000,1300,500,synthetic_benchmark
Exquisite Authentic Kanjivaram Silk Festive Saree,Handloom Textile,1320.0,4550,5350,1950,synthetic_benchmark
Traditional Handmade Mango Wood Candle Stand Pair,Woodwork,270.0,1250,1400,500,synthetic_benchmark
Artisan Handmade Brass Diya Oil Lamp Hanging,Metalwork,1110.0,2600,3100,1650,synthetic_benchmark
Artisan 10000mAh Magnetic Wireless Power Bank Fast Charge,Electronics,1350.0,3250,3600,2000,synthetic_benchmark
Kantha Stitch Embroidered Cotton Cushion Covers Pair,Embroidery,980.0,2000,2550,1450,synthetic_benchmark
Artisan Ceramic Planter with Drainage Plate,Pottery & Clay,310.0,900,1050,550,synthetic_benchmark
Handwoven Woolen Kashmiri Pashmina Shawl,Handloom Textile,3460.0,7300,8350,4950,synthetic_benchmark
Mirror Work Kutch Embroidered Wall Tapestry,Embroidery,470.0,1100,1400,750,synthetic_benchmark
Terracotta Handpainted Statement Jewelry Set,Jewelry,750.0,2000,2400,1150,synthetic_benchmark
65W GaN USB-C Fast Charger with Foldable Plug,Electronics,560.0,1450,1900,900,synthetic_benchmark
65W GaN USB-C Fast Charger with Foldable Plug,Electronics,490.0,1050,1250,800,synthetic_benchmark
Classic Sculpted Clay Floral Vase with Rustic Finish,Pottery & Clay,330.0,950,1050,550,synthetic_benchmark
Handmade Brass Pooja Bell with Peacock Handle,Metalwork,730.0,1800,2300,1100,synthetic_benchmark
Zardozi Work Hand-Embroidered Velvet Clutch Bag,Embroidery,550.0,1350,1550,850,synthetic_benchmark
Deluxe Handmade Wooden Coaster Set of 6 with Stand,Woodwork,250.0,1100,1300,450,synthetic_benchmark
Handmade Brass Pooja Bell with Peacock Handle,Metalwork,1230.0,3400,3900,1800,synthetic_benchmark
Handcrafted Beaded Semi-Precious Stone Bracelet,Jewelry,500.0,1600,2000,800,synthetic_benchmark
Handmade Mango Wood Candle Stand Pair,Woodwork,270.0,750,1000,500,synthetic_benchmark
Handwoven Cotton Chanderi Dupatta with Booti Work,Handloom Textile,510.0,1400,1850,800,synthetic_benchmark
Ergonomic Wireless Silent Optical Mouse,Electronics,1110.0,2200,2650,1650,synthetic_benchmark
Handmade Artisan Ceramic Planter with Drainage Plate,Pottery & Clay,330.0,1050,1150,550,synthetic_benchmark
Traditional Handmade Brass Diya Oil Lamp Hanging,Metalwork,550.0,1550,1950,850,synthetic_benchmark
Custom Pochampally Ikat Handwoven Saree,Handloom Textile,1760.0,4250,5500,2550,synthetic_benchmark
Handcrafted Authentic Kanjivaram Silk Festive Saree,Handloom Textile,2830.0,7100,8700,4050,synthetic_benchmark
Mirror Work Kutch Embroidered Wall Tapestry,Embroidery,490.0,1200,1550,800,synthetic_benchmark
Eco-Friendly Handcrafted Oxidised 925 Silver Tribal Choker Necklace,Jewelry,2380.0,6850,8550,3450,synthetic_benchmark
Handmade Terracotta Decorative Wall Hanging,Pottery & Clay,230.0,650,800,400,synthetic_benchmark
Classic Earthen Clay Cooking Handi Pot,Pottery & Clay,260.0,900,1050,450,synthetic_benchmark
Deluxe Traditional Handpainted Clay Diya Festive Set,Pottery & Clay,380.0,800,1000,650,synthetic_benchmark
Classic Handmade Wooden Coaster Set of 6 with Stand,Woodwork,150.0,750,900,300,synthetic_benchmark
Artisan Handmade Crocheted Cotton Baby Blanket,Embroidery,970.0,3200,4000,1450,synthetic_benchmark
Vintage Artisan Ceramic Planter with Drainage Plate,Pottery & Clay,160.0,550,650,300,synthetic_benchmark
Handmade Teak Wood Kitchen Spatula & Spoon Set,Woodwork,540.0,1850,2400,850,synthetic_benchmark
Vintage Handcrafted Walnut Wood Decorative Serving Tray,Woodwork,1190.0,3150,4050,1750,synthetic_benchmark
Exquisite Handcrafted Bamboo Wood Bluetooth Wireless Speaker,Electronics,960.0,2450,2800,1450,synthetic_benchmark
USB-C to Lightning Braided Fast Sync Cable,Electronics,680.0,1850,2400,1050,synthetic_benchmark
Eco-Friendly Authentic Kanjivaram Silk Festive Saree,Handloom Textile,980.0,3150,3950,1450,synthetic_benchmark
Dhokra Brass Hand-Cast Tribal Figurine,Metalwork,630.0,1550,1950,1000,synthetic_benchmark
Handmade Mango Wood Candle Stand Pair,Woodwork,950.0,2650,3000,1450,synthetic_benchmark
Sculpted Clay Floral Vase with Rustic Finish,Pottery & Clay,330.0,1000,1150,550,synthetic_benchmark
10000mAh Magnetic Wireless Power Bank Fast Charge,Electronics,510.0,1250,1600,800,synthetic_benchmark
Traditional Handcrafted Oxidised 925 Silver Tribal Choker Necklace,Jewelry,650.0,2700,3650,1000,synthetic_benchmark
Handcrafted Terracotta Water Pitcher with Traditional Lid,Pottery & Clay,90.0,400,500,250,synthetic_benchmark
Handmade Traditional Temple Jewelry Gold Plated Pendant,Jewelry,1180.0,3250,3950,1750,synthetic_benchmark
45W Type-C Fast Charger for Ultrasharp Laptops,Electronics,1470.0,2800,3800,2150,synthetic_benchmark
Classic Handmade Wooden Coaster Set of 6 with Stand,Woodwork,240.0,850,950,450,synthetic_benchmark
Sculpted Clay Floral Vase with Rustic Finish,Pottery & Clay,80.0,500,600,200,synthetic_benchmark
Handloom Sambalpuri Silk Traditional Saree,Handloom Textile,2770.0,7350,8650,4000,synthetic_benchmark
Handmade Clay Kulhad Chai Cups Set of 6,Pottery & Clay,400.0,1000,1200,650,synthetic_benchmark
Eco-Friendly Artisan Glazed Ceramic Dining Soup Bowls Set of 4,Pottery & Clay,80.0,400,500,200,synthetic_benchmark
Handmade Wooden Coaster Set of 6 with Stand,Woodwork,260.0,900,1050,450,synthetic_benchmark
45W Type-C Fast Charger for Ultrasharp Laptops,Electronics,1060.0,1650,1950,1600,synthetic_benchmark
Organic Handloom Linen Scarf with Tassels,Handloom Textile,2720.0,8200,9400,3900,synthetic_benchmark
Handcrafted Dhokra Brass Hand-Cast Tribal Figurine,Metalwork,810.0,2700,3350,1250,synthetic_benchmark
Organic Handloom Linen Scarf with Tassels,Handloom Textile,1160.0,3950,5250,1700,synthetic_benchmark
Handcrafted Walnut Wood Decorative Serving Tray,Woodwork,720.0,2150,2500,1100,synthetic_benchmark
Traditional Antique Finish Pure Copper Water Bottle (1 Litre),Metalwork,530.0,1250,1450,850,synthetic_benchmark
Handmade Mango Wood Candle Stand Pair,Woodwork,640.0,2250,2950,1000,synthetic_benchmark
Zardozi Work Hand-Embroidered Velvet Clutch Bag,Embroidery,980.0,3000,4000,1450,synthetic_benchmark
Handcrafted Handmade Brass Diya Oil Lamp Hanging,Metalwork,310.0,1200,1550,550,synthetic_benchmark
Handcrafted Artisan Filigree Pure Silver Toe Rings Pair,Jewelry,300.0,1100,1450,500,synthetic_benchmark
Handmade Hand-Embroidered Chikankari Cotton Kurti,Embroidery,440.0,1250,1700,700,synthetic_benchmark
Traditional Dhokra Brass Hand-Cast Tribal Figurine,Metalwork,800.0,2600,3200,1200,synthetic_benchmark
Handmade Clay Coffee Mugs Set of 2,Pottery & Clay,90.0,350,450,250,synthetic_benchmark
Zardozi Work Hand-Embroidered Velvet Clutch Bag,Embroidery,850.0,2500,2800,1300,synthetic_benchmark
USB-C to Lightning Braided Fast Sync Cable,Electronics,430.0,1300,1550,700,synthetic_benchmark
Handmade Handcrafted Oxidised 925 Silver Tribal Choker Necklace,Jewelry,1900.0,4250,5600,2750,synthetic_benchmark
Vintage Artisan Hand-Carved Wooden Wall Panel Relief,Woodwork,870.0,2650,3000,1300,synthetic_benchmark
Handmade Soft Stuffed Bunny Toy Holding a Carrot,Embroidery,660.0,1700,1850,1000,synthetic_benchmark
Organic Handloom Linen Scarf with Tassels,Handloom Textile,1570.0,5300,6500,2300,synthetic_benchmark
Hand-Beaten Brass Dining Platter Thali Set,Metalwork,930.0,2950,3500,1400,synthetic_benchmark
Terracotta Handpainted Statement Jewelry Set,Jewelry,1370.0,5500,7250,2000,synthetic_benchmark
Cast Iron Artisan Skillet Fry Pan,Metalwork,1790.0,4450,4900,2600,synthetic_benchmark
Terracotta Handpainted Statement Jewelry Set,Jewelry,800.0,2500,3000,1200,synthetic_benchmark
Artisan Glazed Ceramic Dining Soup Bowls Set of 4,Pottery & Clay,380.0,1000,1300,650,synthetic_benchmark
Handloom Pure Silk Banarasi Saree with Zari Border,Handloom Textile,410.0,1400,1800,650,synthetic_benchmark
Khadi Cotton Handloom Kurta for Men,Handloom Textile,1390.0,4550,5300,2050,synthetic_benchmark
10000mAh Magnetic Wireless Power Bank Fast Charge,Electronics,330.0,1000,1300,550,synthetic_benchmark
Artisan Handmade Kundan & Pearl Jhumka Earrings,Jewelry,1260.0,4250,5100,1850,synthetic_benchmark
Handcrafted Walnut Wood Decorative Serving Tray,Woodwork,530.0,1900,2200,850,synthetic_benchmark
Handcrafted Oxidised 925 Silver Tribal Choker Necklace,Jewelry,1130.0,2700,3150,1700,synthetic_benchmark
Eco-Friendly 100W Type-C Heavy Duty Braided Charging Cable 2m,Electronics,520.0,1150,1300,850,synthetic_benchmark
Hand-Beaten Brass Dining Platter Thali Set,Metalwork,540.0,1850,2350,850,synthetic_benchmark
Handmade 100W Type-C Heavy Duty Braided Charging Cable 2m,Electronics,800.0,1650,2150,1200,synthetic_benchmark
Artisan USB-C to Lightning Braided Fast Sync Cable,Electronics,1320.0,3300,3700,1950,synthetic_benchmark
Authentic Zardozi Work Hand-Embroidered Velvet Clutch Bag,Embroidery,380.0,850,950,650,synthetic_benchmark
Hand-Beaten Brass Dining Platter Thali Set,Metalwork,270.0,900,1000,500,synthetic_benchmark
Handmade Brass Diya Oil Lamp Hanging,Metalwork,1530.0,3550,4100,2250,synthetic_benchmark
Kantha Stitch Embroidered Cotton Cushion Covers Pair,Embroidery,280.0,1050,1350,500,synthetic_benchmark
Intricately Carved Wooden Jewellery Box with Brass Inlay,Woodwork,760.0,1950,2650,1150,synthetic_benchmark
Artisan Glazed Ceramic Dining Soup Bowls Set of 4,Pottery & Clay,210.0,650,800,400,synthetic_benchmark
Handmade Brass Pooja Bell with Peacock Handle,Metalwork,1540.0,3250,4050,2250,synthetic_benchmark
Handmade Wooden Coaster Set of 6 with Stand,Woodwork,1110.0,3650,4900,1650,synthetic_benchmark
Hand-Beaten Brass Dining Platter Thali Set,Metalwork,1770.0,4150,5450,2600,synthetic_benchmark
7-in-1 Aluminium USB-C Multiport Hub Adapter,Electronics,1450.0,2950,3950,2150,synthetic_benchmark
Artisan Filigree Pure Silver Toe Rings Pair,Jewelry,1500.0,3450,4150,2200,synthetic_benchmark
Handwoven Cotton Chanderi Dupatta with Booti Work,Handloom Textile,1750.0,5600,6300,2550,synthetic_benchmark
Handcrafted Beaded Semi-Precious Stone Bracelet,Jewelry,2400.0,6950,8600,3450,synthetic_benchmark
Phulkari Hand-Embroidered Traditional Dupatta,Embroidery,670.0,2350,2950,1050,synthetic_benchmark
Handcrafted Terracotta Water Pitcher with Traditional Lid,Pottery & Clay,260.0,550,700,450,synthetic_benchmark
Handmade Brass Diya Oil Lamp Hanging,Metalwork,730.0,1850,2100,1100,synthetic_benchmark
Carved Sheesham Wood Elephant Figurine,Woodwork,1060.0,3400,4100,1600,synthetic_benchmark
100W Type-C Heavy Duty Braided Charging Cable 2m,Electronics,840.0,2250,2650,1300,synthetic_benchmark
Handspun Cotton Table Runner with Tribal Motifs,Handloom Textile,3380.0,6600,7900,4850,synthetic_benchmark
Handmade Soft Stuffed Bunny Toy Holding a Carrot,Embroidery,490.0,1200,1450,800,synthetic_benchmark
Premium 60W Fast Charging Laptop Charger Power Adapter,Electronics,680.0,1400,1900,1050,synthetic_benchmark
Noise Cancelling Over-Ear Studio Headphones,Electronics,800.0,2200,2600,1200,synthetic_benchmark
Mirror Work Kutch Embroidered Wall Tapestry,Embroidery,340.0,1150,1300,600,synthetic_benchmark
Artisan Mirror Work Kutch Embroidered Wall Tapestry,Embroidery,680.0,2100,2600,1050,synthetic_benchmark
Handmade Crocheted Cotton Baby Blanket,Embroidery,680.0,2200,2600,1050,synthetic_benchmark
Classic Handwoven Woolen Kashmiri Pashmina Shawl,Handloom Textile,3180.0,9500,11850,4550,synthetic_benchmark
Authentic Sandalwood Carved Incense Stick Holder,Woodwork,190.0,950,1250,350,synthetic_benchmark
Sandalwood Carved Incense Stick Holder,Woodwork,1050.0,3500,4250,1550,synthetic_benchmark
Deluxe Terracotta Handpainted Statement Jewelry Set,Jewelry,2380.0,8050,8900,3450,synthetic_benchmark
Artisan Dhokra Brass Hand-Cast Tribal Figurine,Metalwork,410.0,1150,1550,650,synthetic_benchmark
Deluxe 45W Type-C Fast Charger for Ultrasharp Laptops,Electronics,1060.0,2150,2700,1600,synthetic_benchmark
Handmade Brass Pooja Bell with Peacock Handle,Metalwork,1650.0,4600,5750,2400,synthetic_benchmark
Authentic Zardozi Work Hand-Embroidered Velvet Clutch Bag,Embroidery,430.0,1350,1700,700,synthetic_benchmark
Artisan Glazed Ceramic Dining Soup Bowls Set of 4,Pottery & Clay,130.0,450,500,300,synthetic_benchmark
Handwoven Woolen Kashmiri Pashmina Shawl,Handloom Textile,2470.0,4950,6200,3550,synthetic_benchmark
Authentic Hand-Embroidered Chikankari Cotton Kurti,Embroidery,600.0,1450,1900,950,synthetic_benchmark
Artisan Glazed Ceramic Dining Soup Bowls Set of 4,Pottery & Clay,190.0,550,750,350,synthetic_benchmark
Handmade Brass Diya Oil Lamp Hanging,Metalwork,810.0,2550,3100,1250,synthetic_benchmark
Traditional Handmade Brass Pooja Bell with Peacock Handle,Metalwork,390.0,1250,1450,650,synthetic_benchmark
Authentic 100W Type-C Heavy Duty Braided Charging Cable 2m,Electronics,790.0,2100,2600,1200,synthetic_benchmark
Handcrafted Bamboo Wood Bluetooth Wireless Speaker,Electronics,270.0,900,1150,500,synthetic_benchmark
Vintage Ergonomic Wireless Silent Optical Mouse,Electronics,1380.0,3000,3550,2050,synthetic_benchmark
Custom Artisan Filigree Pure Silver Toe Rings Pair,Jewelry,1960.0,5250,6700,2850,synthetic_benchmark
Handmade Brass Meenakari Enamel Bangles Set,Jewelry,1920.0,4400,4900,2800,synthetic_benchmark
Handmade Clay Coffee Mugs Set of 2,Pottery & Clay,200.0,650,750,400,synthetic_benchmark
Traditional Jamdani Cotton Saree,Handloom Textile,2780.0,7050,8900,4000,synthetic_benchmark
Handmade Pure Bronze Kansa Serving Bowls Set of 2,Metalwork,380.0,1300,1450,650,synthetic_benchmark
Custom Khadi Cotton Handloom Kurta for Men,Handloom Textile,1700.0,4550,6100,2500,synthetic_benchmark
Premium Handspun Cotton Table Runner with Tribal Motifs,Handloom Textile,1750.0,4950,6150,2550,synthetic_benchmark
Handmade Crocheted Cotton Baby Blanket,Embroidery,270.0,1000,1300,500,synthetic_benchmark
Deluxe Handcrafted Beaded Semi-Precious Stone Bracelet,Jewelry,270.0,900,1200,500,synthetic_benchmark
Vintage Handcrafted Oxidised 925 Silver Tribal Choker Necklace,Jewelry,1070.0,4450,5450,1600,synthetic_benchmark
Authentic Kanjivaram Silk Festive Saree,Handloom Textile,880.0,3000,4000,1350,synthetic_benchmark
Antique Finish Pure Copper Water Bottle (1 Litre),Metalwork,1450.0,3400,4450,2150,synthetic_benchmark
Deluxe Handcrafted Terracotta Water Pitcher with Traditional Lid,Pottery & Clay,60.0,450,600,200,synthetic_benchmark
Authentic Handmade Kundan & Pearl Jhumka Earrings,Jewelry,2410.0,7100,8950,3450,synthetic_benchmark
Custom Handcrafted Bamboo Wood Bluetooth Wireless Speaker,Electronics,1380.0,2300,3050,2050,synthetic_benchmark
Handloom Pure Silk Banarasi Saree with Zari Border,Handloom Textile,720.0,2450,2900,1100,synthetic_benchmark
Handmade Clay Coffee Mugs Set of 2,Pottery & Clay,280.0,900,1100,500,synthetic_benchmark
Khadi Cotton Handloom Kurta for Men,Handloom Textile,1900.0,3700,4400,2750,synthetic_benchmark
Artisan Zardozi Work Hand-Embroidered Velvet Clutch Bag,Embroidery,590.0,1500,1650,950,synthetic_benchmark
10000mAh Magnetic Wireless Power Bank Fast Charge,Electronics,1350.0,3500,4200,2000,synthetic_benchmark
Handmade Wooden Coaster Set of 6 with Stand,Woodwork,510.0,1700,2150,800,synthetic_benchmark
Handmade Wooden Coaster Set of 6 with Stand,Woodwork,260.0,1250,1600,450,synthetic_benchmark
Traditional Handpainted Clay Diya Festive Set,Pottery & Clay,140.0,400,500,300,synthetic_benchmark
Handmade Terracotta Decorative Wall Hanging,Pottery & Clay,140.0,550,700,300,synthetic_benchmark
Exquisite Handcrafted Walnut Wood Decorative Serving Tray,Woodwork,890.0,3450,4000,1350,synthetic_benchmark
Classic Dhokra Brass Hand-Cast Tribal Figurine,Metalwork,1180.0,2750,3550,1750,synthetic_benchmark
Exquisite Cast Iron Artisan Skillet Fry Pan,Metalwork,1020.0,2700,3100,1550,synthetic_benchmark
Premium Handmade Soft Stuffed Bunny Toy Holding a Carrot,Embroidery,940.0,3100,3850,1400,synthetic_benchmark
Artisan Hand-Carved Wooden Wall Panel Relief,Woodwork,1080.0,3600,4800,1600,synthetic_benchmark
Premium Artisan Filigree Pure Silver Toe Rings Pair,Jewelry,490.0,1700,1900,800,synthetic_benchmark
Khadi Cotton Handloom Kurta for Men,Handloom Textile,1500.0,3350,4000,2200,synthetic_benchmark
Handmade Hand-Stitched Patchwork Quilt Throw Blanket,Embroidery,400.0,1200,1350,650,synthetic_benchmark
Custom Carved Sheesham Wood Elephant Figurine,Woodwork,1140.0,3600,4450,1700,synthetic_benchmark
Hand-Beaten Brass Dining Platter Thali Set,Metalwork,1490.0,4650,5500,2200,synthetic_benchmark
Handmade Kundan & Pearl Jhumka Earrings,Jewelry,1190.0,2800,3750,1750,synthetic_benchmark
Ergonomic Wireless Silent Optical Mouse,Electronics,600.0,1500,1700,950,synthetic_benchmark
Handloom Sambalpuri Silk Traditional Saree,Handloom Textile,3310.0,9500,10700,4750,synthetic_benchmark
Handcrafted Oxidised 925 Silver Tribal Choker Necklace,Jewelry,230.0,900,1050,400,synthetic_benchmark
Antique Finish Pure Copper Water Bottle (1 Litre),Metalwork,700.0,2100,2750,1100,synthetic_benchmark
Artisan Glazed Ceramic Dining Soup Bowls Set of 4,Pottery & Clay,280.0,800,1050,500,synthetic_benchmark
Classic 7-in-1 Aluminium USB-C Multiport Hub Adapter,Electronics,590.0,1400,1550,950,synthetic_benchmark
Deluxe USB-C to Lightning Braided Fast Sync Cable,Electronics,480.0,1100,1350,750,synthetic_benchmark
Vintage 10000mAh Magnetic Wireless Power Bank Fast Charge,Electronics,560.0,1100,1300,900,synthetic_benchmark
Handcrafted Oxidised 925 Silver Tribal Choker Necklace,Jewelry,1050.0,3450,4650,1550,synthetic_benchmark
Pochampally Ikat Handwoven Saree,Handloom Textile,710.0,1750,2250,1100,synthetic_benchmark
Handmade Mango Wood Candle Stand Pair,Woodwork,720.0,1950,2500,1100,synthetic_benchmark
Noise Cancelling Over-Ear Studio Headphones,Electronics,800.0,1550,1900,1200,synthetic_benchmark
Handmade Soft Stuffed Bunny Toy Holding a Carrot,Embroidery,540.0,1400,1750,850,synthetic_benchmark
Traditional Dhokra Brass Hand-Cast Tribal Figurine,Metalwork,690.0,1550,1800,1050,synthetic_benchmark
Exquisite Handmade Kundan & Pearl Jhumka Earrings,Jewelry,2410.0,8200,10900,3450,synthetic_benchmark
Handmade Soft Stuffed Bunny Toy Holding a Carrot,Embroidery,360.0,1350,1500,600,synthetic_benchmark
Eco-Friendly Hand-Stitched Patchwork Quilt Throw Blanket,Embroidery,740.0,1750,2150,1150,synthetic_benchmark
65W GaN USB-C Fast Charger with Foldable Plug,Electronics,1010.0,2800,3150,1500,synthetic_benchmark
Eco-Friendly Handspun Cotton Table Runner with Tribal Motifs,Handloom Textile,610.0,1950,2200,950,synthetic_benchmark
Handmade Clay Kulhad Chai Cups Set of 6,Pottery & Clay,80.0,400,550,200,synthetic_benchmark
Vintage Artisan Filigree Pure Silver Toe Rings Pair,Jewelry,880.0,3850,4500,1350,synthetic_benchmark
7-in-1 Aluminium USB-C Multiport Hub Adapter,Electronics,410.0,1050,1400,650,synthetic_benchmark
Traditional Temple Jewelry Gold Plated Pendant,Jewelry,2350.0,8500,10650,3400,synthetic_benchmark
Artisan 45W Type-C Fast Charger for Ultrasharp Laptops,Electronics,1470.0,3150,4000,2150,synthetic_benchmark
Premium Mirror Work Kutch Embroidered Wall Tapestry,Embroidery,340.0,1100,1400,600,synthetic_benchmark
Handwoven Cotton Chanderi Dupatta with Booti Work,Handloom Textile,1650.0,4200,4900,2400,synthetic_benchmark
Terracotta Handpainted Statement Jewelry Set,Jewelry,1540.0,4000,4950,2250,synthetic_benchmark
Handmade Soft Stuffed Bunny Toy Holding a Carrot,Embroidery,160.0,650,750,300,synthetic_benchmark
7-in-1 Aluminium USB-C Multiport Hub Adapter,Electronics,940.0,1600,2000,1400,synthetic_benchmark
Cast Iron Artisan Skillet Fry Pan,Metalwork,1060.0,2850,3500,1600,synthetic_benchmark
Handmade Brass Diya Oil Lamp Hanging,Metalwork,1150.0,3150,3500,1700,synthetic_benchmark
USB-C to Lightning Braided Fast Sync Cable,Electronics,470.0,950,1200,750,synthetic_benchmark
Artisan Ceramic Planter with Drainage Plate,Pottery & Clay,320.0,850,1050,550,synthetic_benchmark
Organic Handloom Linen Scarf with Tassels,Handloom Textile,3280.0,7200,8150,4700,synthetic_benchmark
Mirror Work Kutch Embroidered Wall Tapestry,Embroidery,380.0,1200,1500,650,synthetic_benchmark
Traditional 45W Type-C Fast Charger for Ultrasharp Laptops,Electronics,1100.0,2950,3700,1650,synthetic_benchmark
Sandalwood Carved Incense Stick Holder,Woodwork,580.0,1850,2400,900,synthetic_benchmark
Handmade Organic Handloom Linen Scarf with Tassels,Handloom Textile,2180.0,5850,6550,3150,synthetic_benchmark
Handmade Kundan & Pearl Jhumka Earrings,Jewelry,1530.0,5600,6200,2250,synthetic_benchmark
Cast Iron Artisan Skillet Fry Pan,Metalwork,1080.0,3150,4250,1600,synthetic_benchmark
Artisan Cast Iron Artisan Skillet Fry Pan,Metalwork,540.0,1750,2100,850,synthetic_benchmark
Handmade Crocheted Cotton Baby Blanket,Embroidery,860.0,2650,3550,1300,synthetic_benchmark
Phulkari Hand-Embroidered Traditional Dupatta,Embroidery,670.0,2250,2950,1050,synthetic_benchmark
Artisan Handmade Crocheted Cotton Baby Blanket,Embroidery,840.0,2350,2800,1300,synthetic_benchmark
Artisan Filigree Pure Silver Toe Rings Pair,Jewelry,1680.0,5850,7050,2450,synthetic_benchmark
Classic Terracotta Handpainted Statement Jewelry Set,Jewelry,510.0,1800,2400,800,synthetic_benchmark
45W Type-C Fast Charger for Ultrasharp Laptops,Electronics,670.0,1350,1800,1050,synthetic_benchmark
Classic Cast Iron Artisan Skillet Fry Pan,Metalwork,830.0,1800,2000,1250,synthetic_benchmark
Handmade Terracotta Decorative Wall Hanging,Pottery & Clay,220.0,700,900,400,synthetic_benchmark
Artisan Filigree Pure Silver Toe Rings Pair,Jewelry,2290.0,6800,8350,3300,synthetic_benchmark
65W GaN USB-C Fast Charger with Foldable Plug,Electronics,1150.0,3000,3900,1700,synthetic_benchmark
Handwoven Woolen Kashmiri Pashmina Shawl,Handloom Textile,2420.0,6050,6700,3500,synthetic_benchmark
Handmade Mango Wood Candle Stand Pair,Woodwork,250.0,1150,1350,450,synthetic_benchmark
Handmade Clay Kulhad Chai Cups Set of 6,Pottery & Clay,330.0,1000,1200,550,synthetic_benchmark
Hand-Beaten Brass Dining Platter Thali Set,Metalwork,1590.0,4000,5100,2350,synthetic_benchmark
Handcrafted Artisan Glazed Ceramic Dining Soup Bowls Set of 4,Pottery & Clay,180.0,550,700,350,synthetic_benchmark
Handmade Brass Diya Oil Lamp Hanging,Metalwork,1420.0,4300,5500,2100,synthetic_benchmark
Dhokra Brass Hand-Cast Tribal Figurine,Metalwork,830.0,2100,2750,1250,synthetic_benchmark
Hand-Stitched Patchwork Quilt Throw Blanket,Embroidery,210.0,600,650,400,synthetic_benchmark
Handcrafted Bamboo Wood Bluetooth Wireless Speaker,Electronics,420.0,1000,1300,700,synthetic_benchmark
Traditional Handmade Clay Kulhad Chai Cups Set of 6,Pottery & Clay,180.0,700,850,350,synthetic_benchmark
Handcrafted Bamboo Wood Bluetooth Wireless Speaker,Electronics,410.0,1100,1300,650,synthetic_benchmark
Ergonomic Wireless Silent Optical Mouse,Electronics,1180.0,2500,2850,1750,synthetic_benchmark
Handspun Cotton Table Runner with Tribal Motifs,Handloom Textile,2670.0,7500,8400,3850,synthetic_benchmark
Handmade USB-C to Lightning Braided Fast Sync Cable,Electronics,1150.0,2900,3750,1700,synthetic_benchmark
Artisan Mirror Work Kutch Embroidered Wall Tapestry,Embroidery,170.0,800,1050,350,synthetic_benchmark
Hand-Stitched Patchwork Quilt Throw Blanket,Embroidery,600.0,1900,2450,950,synthetic_benchmark
Traditional Premium 60W Fast Charging Laptop Charger Power Adapter,Electronics,1220.0,2550,3050,1800,synthetic_benchmark
Intricately Carved Wooden Jewellery Box with Brass Inlay,Woodwork,270.0,1000,1350,500,synthetic_benchmark
Premium 60W Fast Charging Laptop Charger Power Adapter,Electronics,700.0,1200,1500,1100,synthetic_benchmark
Handmade Brass Diya Oil Lamp Hanging,Metalwork,1450.0,3050,3450,2150,synthetic_benchmark
Handcrafted Walnut Wood Decorative Serving Tray,Woodwork,440.0,1000,1200,700,synthetic_benchmark
Premium Handloom Sambalpuri Silk Traditional Saree,Handloom Textile,3450.0,9500,12350,4950,synthetic_benchmark
Handmade Pure Bronze Kansa Serving Bowls Set of 2,Metalwork,1200.0,2900,3400,1800,synthetic_benchmark
Traditional Hand-Beaten Brass Dining Platter Thali Set,Metalwork,1560.0,4250,4700,2300,synthetic_benchmark
Handmade Terracotta Handpainted Statement Jewelry Set,Jewelry,1730.0,4250,5100,2500,synthetic_benchmark
Artisan Traditional Temple Jewelry Gold Plated Pendant,Jewelry,1430.0,4950,6450,2100,synthetic_benchmark
Custom Dhokra Brass Hand-Cast Tribal Figurine,Metalwork,1370.0,3150,4250,2000,synthetic_benchmark
Eco-Friendly Kantha Stitch Embroidered Cotton Cushion Covers Pair,Embroidery,920.0,2300,2550,1400,synthetic_benchmark
Authentic Handspun Cotton Table Runner with Tribal Motifs,Handloom Textile,2060.0,6050,7350,3000,synthetic_benchmark
Handmade Brass Pooja Bell with Peacock Handle,Metalwork,1360.0,4450,5700,2000,synthetic_benchmark
Exquisite Handmade Soft Stuffed Bunny Toy Holding a Carrot,Embroidery,330.0,1150,1300,550,synthetic_benchmark
Handmade Clay Kulhad Chai Cups Set of 6,Pottery & Clay,90.0,350,400,250,synthetic_benchmark
Phulkari Hand-Embroidered Traditional Dupatta,Embroidery,800.0,2100,2650,1200,synthetic_benchmark
Handmade Clay Kulhad Chai Cups Set of 6,Pottery & Clay,140.0,500,600,300,synthetic_benchmark
Handcrafted 10000mAh Magnetic Wireless Power Bank Fast Charge,Electronics,250.0,750,1000,450,synthetic_benchmark
Artisan Handwoven Woolen Kashmiri Pashmina Shawl,Handloom Textile,1790.0,3750,4500,2600,synthetic_benchmark
Exquisite Handcrafted Walnut Wood Decorative Serving Tray,Woodwork,350.0,1450,1800,600,synthetic_benchmark
Terracotta Handpainted Statement Jewelry Set,Jewelry,370.0,1400,1700,600,synthetic_benchmark
Artisan Hand-Carved Wooden Wall Panel Relief,Woodwork,1180.0,4200,4950,1750,synthetic_benchmark
Pochampally Ikat Handwoven Saree,Handloom Textile,1040.0,2500,2950,1550,synthetic_benchmark
Handcrafted Terracotta Handpainted Statement Jewelry Set,Jewelry,1070.0,3250,3750,1600,synthetic_benchmark
Authentic Handmade Clay Kulhad Chai Cups Set of 6,Pottery & Clay,290.0,700,800,500,synthetic_benchmark
Pure Bronze Kansa Serving Bowls Set of 2,Metalwork,1240.0,3900,4750,1850,synthetic_benchmark
Exquisite Handmade Clay Kulhad Chai Cups Set of 6,Pottery & Clay,270.0,850,1100,500,synthetic_benchmark
Authentic Artisan Filigree Pure Silver Toe Rings Pair,Jewelry,1130.0,4150,4950,1700,synthetic_benchmark
Hand-Beaten Brass Dining Platter Thali Set,Metalwork,1380.0,3850,5100,2050,synthetic_benchmark
Traditional Handpainted Clay Diya Festive Set,Pottery & Clay,80.0,300,350,200,synthetic_benchmark
Traditional Handpainted Clay Diya Festive Set,Pottery & Clay,310.0,900,1200,550,synthetic_benchmark
Deluxe Handmade Kundan & Pearl Jhumka Earrings,Jewelry,400.0,1450,1800,650,synthetic_benchmark
Vintage Hand-Stitched Patchwork Quilt Throw Blanket,Embroidery,370.0,1050,1300,600,synthetic_benchmark
Ergonomic Wireless Silent Optical Mouse,Electronics,1340.0,2800,3300,2000,synthetic_benchmark
Handmade Traditional Temple Jewelry Gold Plated Pendant,Jewelry,2190.0,5100,6350,3150,synthetic_benchmark
Artisan Glazed Ceramic Dining Soup Bowls Set of 4,Pottery & Clay,360.0,1250,1450,600,synthetic_benchmark
Traditional Premium 60W Fast Charging Laptop Charger Power Adapter,Electronics,1460.0,3000,3400,2150,synthetic_benchmark
Handcrafted Beaded Semi-Precious Stone Bracelet,Jewelry,1030.0,3450,4300,1550,synthetic_benchmark
Vintage Dhokra Brass Hand-Cast Tribal Figurine,Metalwork,440.0,1350,1700,700,synthetic_benchmark
Deluxe Premium 60W Fast Charging Laptop Charger Power Adapter,Electronics,830.0,1350,1550,1250,synthetic_benchmark
Classic Artisan Glazed Ceramic Dining Soup Bowls Set of 4,Pottery & Clay,260.0,850,1100,450,synthetic_benchmark
7-in-1 Aluminium USB-C Multiport Hub Adapter,Electronics,820.0,2000,2450,1250,synthetic_benchmark
Deluxe Carved Sheesham Wood Elephant Figurine,Woodwork,390.0,1600,1900,650,synthetic_benchmark
Custom Handcrafted Terracotta Water Pitcher with Traditional Lid,Pottery & Clay,390.0,1100,1350,650,synthetic_benchmark
7-in-1 Aluminium USB-C Multiport Hub Adapter,Electronics,480.0,1300,1450,750,synthetic_benchmark
Hand-Embroidered Chikankari Cotton Kurti,Embroidery,550.0,1850,2400,850,synthetic_benchmark
Mirror Work Kutch Embroidered Wall Tapestry,Embroidery,650.0,1450,1700,1000,synthetic_benchmark
Handloom Sambalpuri Silk Traditional Saree,Handloom Textile,2370.0,6300,7700,3400,synthetic_benchmark
Custom 45W Type-C Fast Charger for Ultrasharp Laptops,Electronics,1000.0,2250,2600,1500,synthetic_benchmark
Traditional Handpainted Clay Diya Festive Set,Pottery & Clay,230.0,750,900,400,synthetic_benchmark
Traditional Pure Bronze Kansa Serving Bowls Set of 2,Metalwork,1480.0,4100,4850,2150,synthetic_benchmark
Handcrafted Beaded Semi-Precious Stone Bracelet,Jewelry,320.0,1350,1700,550,synthetic_benchmark
Organic Handloom Linen Scarf with Tassels,Handloom Textile,900.0,2150,2900,1350,synthetic_benchmark
Handcrafted Terracotta Water Pitcher with Traditional Lid,Pottery & Clay,290.0,800,900,500,synthetic_benchmark
Exquisite Handmade Brass Meenakari Enamel Bangles Set,Jewelry,2220.0,6850,8150,3200,synthetic_benchmark
Kantha Stitch Embroidered Cotton Cushion Covers Pair,Embroidery,270.0,950,1150,500,synthetic_benchmark
Vintage Premium 60W Fast Charging Laptop Charger Power Adapter,Electronics,1220.0,3100,3650,1800,synthetic_benchmark
Zardozi Work Hand-Embroidered Velvet Clutch Bag,Embroidery,700.0,1500,1750,1100,synthetic_benchmark
Traditional Handmade Kundan & Pearl Jhumka Earrings,Jewelry,2410.0,8400,9800,3450,synthetic_benchmark
Artisan Filigree Pure Silver Toe Rings Pair,Jewelry,2000.0,6550,8450,2900,synthetic_benchmark
Artisan Premium 60W Fast Charging Laptop Charger Power Adapter,Electronics,1150.0,2800,3700,1700,synthetic_benchmark
Phulkari Hand-Embroidered Traditional Dupatta,Embroidery,840.0,2500,2950,1300,synthetic_benchmark
Vintage Handspun Cotton Table Runner with Tribal Motifs,Handloom Textile,2810.0,7400,9300,4050,synthetic_benchmark
Pochampally Ikat Handwoven Saree,Handloom Textile,2850.0,7850,9700,4100,synthetic_benchmark
Handmade Clay Coffee Mugs Set of 2,Pottery & Clay,170.0,750,950,350,synthetic_benchmark
Traditional Temple Jewelry Gold Plated Pendant,Jewelry,1590.0,3900,5200,2350,synthetic_benchmark
Premium Traditional Jamdani Cotton Saree,Handloom Textile,1590.0,4550,5450,2350,synthetic_benchmark
Sculpted Clay Floral Vase with Rustic Finish,Pottery & Clay,280.0,850,1000,500,synthetic_benchmark
Exquisite 10000mAh Magnetic Wireless Power Bank Fast Charge,Electronics,500.0,1050,1350,800,synthetic_benchmark
Handcrafted Ergonomic Wireless Silent Optical Mouse,Electronics,1020.0,2100,2600,1550,synthetic_benchmark
Premium Handmade Kundan & Pearl Jhumka Earrings,Jewelry,1760.0,4000,5200,2550,synthetic_benchmark
Vintage Handmade Clay Coffee Mugs Set of 2,Pottery & Clay,260.0,800,900,450,synthetic_benchmark
Eco-Friendly Antique Finish Pure Copper Water Bottle (1 Litre),Metalwork,1360.0,3750,4150,2000,synthetic_benchmark
Handmade Ergonomic Wireless Silent Optical Mouse,Electronics,1210.0,2650,3050,1800,synthetic_benchmark
Handcrafted Bamboo Wood Bluetooth Wireless Speaker,Electronics,440.0,1150,1350,700,synthetic_benchmark
Premium Handcrafted Bamboo Wood Bluetooth Wireless Speaker,Electronics,400.0,1200,1450,650,synthetic_benchmark
Vintage Handcrafted Oxidised 925 Silver Tribal Choker Necklace,Jewelry,770.0,2900,3400,1200,synthetic_benchmark
Terracotta Handpainted Statement Jewelry Set,Jewelry,640.0,2000,2500,1000,synthetic_benchmark
Eco-Friendly Handmade Brass Pooja Bell with Peacock Handle,Metalwork,1290.0,3500,4050,1900,synthetic_benchmark
Deluxe Antique Finish Pure Copper Water Bottle (1 Litre),Metalwork,1120.0,2750,3550,1650,synthetic_benchmark
Hand-Stitched Patchwork Quilt Throw Blanket,Embroidery,760.0,1650,2150,1150,synthetic_benchmark
Handwoven Woolen Kashmiri Pashmina Shawl,Handloom Textile,3260.0,7100,9250,4650,synthetic_benchmark
Handmade Crocheted Cotton Baby Blanket,Embroidery,240.0,1000,1200,450,synthetic_benchmark
Artisan Traditional Temple Jewelry Gold Plated Pendant,Jewelry,1570.0,5200,6900,2300,synthetic_benchmark
Handmade Clay Coffee Mugs Set of 2,Pottery & Clay,340.0,900,1000,600,synthetic_benchmark
Custom Handcrafted Beaded Semi-Precious Stone Bracelet,Jewelry,1570.0,5350,6100,2300,synthetic_benchmark
Premium Artisan Glazed Ceramic Dining Soup Bowls Set of 4,Pottery & Clay,330.0,900,1150,550,synthetic_benchmark
Exquisite Handloom Sambalpuri Silk Traditional Saree,Handloom Textile,1580.0,3300,4250,2300,synthetic_benchmark
Classic Handcrafted Beaded Semi-Precious Stone Bracelet,Jewelry,340.0,1550,2000,600,synthetic_benchmark
Hand-Beaten Brass Dining Platter Thali Set,Metalwork,1790.0,4800,5800,2600,synthetic_benchmark
Handcrafted Bamboo Wood Bluetooth Wireless Speaker,Electronics,1350.0,2800,3300,2000,synthetic_benchmark
Classic Carved Sheesham Wood Elephant Figurine,Woodwork,830.0,2700,3650,1250,synthetic_benchmark
Handmade Mango Wood Candle Stand Pair,Woodwork,870.0,2700,3200,1300,synthetic_benchmark
Eco-Friendly Antique Finish Pure Copper Water Bottle (1 Litre),Metalwork,1020.0,2200,2450,1550,synthetic_benchmark
Exquisite Phulkari Hand-Embroidered Traditional Dupatta,Embroidery,940.0,2300,3000,1400,synthetic_benchmark
Handmade Crocheted Cotton Baby Blanket,Embroidery,1000.0,2100,2600,1500,synthetic_benchmark
USB-C to Lightning Braided Fast Sync Cable,Electronics,1370.0,2800,3550,2000,synthetic_benchmark
Noise Cancelling Over-Ear Studio Headphones,Electronics,750.0,1850,2050,1150,synthetic_benchmark
Artisan Dhokra Brass Hand-Cast Tribal Figurine,Metalwork,1460.0,3250,3900,2150,synthetic_benchmark
Exquisite Premium 60W Fast Charging Laptop Charger Power Adapter,Electronics,1080.0,2250,2950,1600,synthetic_benchmark
Traditional Handcrafted Bamboo Wood Bluetooth Wireless Speaker,Electronics,1110.0,2200,2900,1650,synthetic_benchmark
Authentic 45W Type-C Fast Charger for Ultrasharp Laptops,Electronics,790.0,1850,2100,1200,synthetic_benchmark
Antique Finish Pure Copper Water Bottle (1 Litre),Metalwork,1580.0,4850,6300,2300,synthetic_benchmark
Deluxe Antique Finish Pure Copper Water Bottle (1 Litre),Metalwork,1500.0,3500,4450,2200,synthetic_benchmark
Phulkari Hand-Embroidered Traditional Dupatta,Embroidery,820.0,2650,3250,1250,synthetic_benchmark
Handmade Brass Meenakari Enamel Bangles Set,Jewelry,2020.0,6900,8000,2950,synthetic_benchmark
Antique Finish Pure Copper Water Bottle (1 Litre),Metalwork,740.0,2300,3050,1150,synthetic_benchmark
Artisan Glazed Ceramic Dining Soup Bowls Set of 4,Pottery & Clay,170.0,650,800,350,synthetic_benchmark
Kantha Stitch Embroidered Cotton Cushion Covers Pair,Embroidery,610.0,1600,2150,950,synthetic_benchmark
Handmade Clay Kulhad Chai Cups Set of 6,Pottery & Clay,80.0,450,600,200,synthetic_benchmark
Classic Traditional Handpainted Clay Diya Festive Set,Pottery & Clay,240.0,700,800,450,synthetic_benchmark
Sculpted Clay Floral Vase with Rustic Finish,Pottery & Clay,390.0,1150,1450,650,synthetic_benchmark
Authentic Handmade Teak Wood Kitchen Spatula & Spoon Set,Woodwork,860.0,3100,3700,1300,synthetic_benchmark
Handmade Teak Wood Kitchen Spatula & Spoon Set,Woodwork,680.0,2200,2500,1050,synthetic_benchmark
Artisan Ceramic Planter with Drainage Plate,Pottery & Clay,120.0,350,400,250,synthetic_benchmark
Handmade Crocheted Cotton Baby Blanket,Embroidery,410.0,1400,1550,650,synthetic_benchmark
Handloom Pure Silk Banarasi Saree with Zari Border,Handloom Textile,3240.0,8350,10250,4650,synthetic_benchmark
USB-C to Lightning Braided Fast Sync Cable,Electronics,1400.0,2800,3400,2050,synthetic_benchmark
Handmade Sandalwood Carved Incense Stick Holder,Woodwork,810.0,2000,2350,1250,synthetic_benchmark
Traditional Temple Jewelry Gold Plated Pendant,Jewelry,2170.0,6950,8950,3150,synthetic_benchmark
Eco-Friendly Handcrafted Oxidised 925 Silver Tribal Choker Necklace,Jewelry,1870.0,7500,9750,2700,synthetic_benchmark
Classic Handmade Wooden Coaster Set of 6 with Stand,Woodwork,980.0,2300,2750,1450,synthetic_benchmark
Handmade Antique Finish Pure Copper Water Bottle (1 Litre),Metalwork,940.0,2900,3200,1400,synthetic_benchmark
Handmade Wooden Coaster Set of 6 with Stand,Woodwork,350.0,1400,1700,600,synthetic_benchmark
Hand-Embroidered Chikankari Cotton Kurti,Embroidery,900.0,3200,4100,1350,synthetic_benchmark
USB-C to Lightning Braided Fast Sync Cable,Electronics,610.0,1450,1950,950,synthetic_benchmark
Vintage Handmade Brass Pooja Bell with Peacock Handle,Metalwork,330.0,1000,1300,550,synthetic_benchmark
Traditional Temple Jewelry Gold Plated Pendant,Jewelry,1910.0,6300,8300,2750,synthetic_benchmark
Handcrafted Traditional Handpainted Clay Diya Festive Set,Pottery & Clay,240.0,750,900,450,synthetic_benchmark
Phulkari Hand-Embroidered Traditional Dupatta,Embroidery,880.0,2550,3100,1350,synthetic_benchmark
Handwoven Woolen Kashmiri Pashmina Shawl,Handloom Textile,1520.0,4800,5800,2250,synthetic_benchmark
Custom Handcrafted Oxidised 925 Silver Tribal Choker Necklace,Jewelry,1650.0,5900,7150,2400,synthetic_benchmark
Handmade Teak Wood Kitchen Spatula & Spoon Set,Woodwork,870.0,2150,2700,1300,synthetic_benchmark
Antique Finish Pure Copper Water Bottle (1 Litre),Metalwork,1030.0,2600,3300,1550,synthetic_benchmark
Handcrafted Oxidised 925 Silver Tribal Choker Necklace,Jewelry,1340.0,4900,6200,2000,synthetic_benchmark
Exquisite Artisan Filigree Pure Silver Toe Rings Pair,Jewelry,1140.0,3500,4000,1700,synthetic_benchmark
Handmade Wooden Coaster Set of 6 with Stand,Woodwork,260.0,1050,1300,450,synthetic_benchmark
Custom Noise Cancelling Over-Ear Studio Headphones,Electronics,660.0,1400,1600,1000,synthetic_benchmark
Authentic Artisan Ceramic Planter with Drainage Plate,Pottery & Clay,120.0,600,800,250,synthetic_benchmark
Handcrafted Hand-Stitched Patchwork Quilt Throw Blanket,Embroidery,720.0,1850,2150,1100,synthetic_benchmark
Handmade Brass Meenakari Enamel Bangles Set,Jewelry,1580.0,4600,6050,2300,synthetic_benchmark
Carved Sheesham Wood Elephant Figurine,Woodwork,380.0,1100,1400,650,synthetic_benchmark
Deluxe Mirror Work Kutch Embroidered Wall Tapestry,Embroidery,920.0,2150,2750,1400,synthetic_benchmark
Earthen Clay Cooking Handi Pot,Pottery & Clay,330.0,1000,1300,550,synthetic_benchmark
Handmade Brass Diya Oil Lamp Hanging,Metalwork,520.0,1250,1500,850,synthetic_benchmark
Classic Sandalwood Carved Incense Stick Holder,Woodwork,230.0,950,1200,400,synthetic_benchmark
Vintage Handmade Crocheted Cotton Baby Blanket,Embroidery,490.0,1700,2100,800,synthetic_benchmark
Phulkari Hand-Embroidered Traditional Dupatta,Embroidery,180.0,700,850,350,synthetic_benchmark
Exquisite Organic Handloom Linen Scarf with Tassels,Handloom Textile,1540.0,4350,5250,2250,synthetic_benchmark
Dhokra Brass Hand-Cast Tribal Figurine,Metalwork,1100.0,3200,3800,1650,synthetic_benchmark
Vintage Hand-Embroidered Chikankari Cotton Kurti,Embroidery,920.0,1850,2100,1400,synthetic_benchmark
Sandalwood Carved Incense Stick Holder,Woodwork,400.0,1250,1700,650,synthetic_benchmark
Artisan Ceramic Planter with Drainage Plate,Pottery & Clay,340.0,750,850,600,synthetic_benchmark
Premium Handcrafted Walnut Wood Decorative Serving Tray,Woodwork,930.0,2950,3650,1400,synthetic_benchmark
Handspun Cotton Table Runner with Tribal Motifs,Handloom Textile,960.0,2000,2650,1450,synthetic_benchmark
Handwoven Cotton Chanderi Dupatta with Booti Work,Handloom Textile,1810.0,5700,7200,2650,synthetic_benchmark
Exquisite Pochampally Ikat Handwoven Saree,Handloom Textile,3430.0,9500,11800,4900,synthetic_benchmark
Handloom Pure Silk Banarasi Saree with Zari Border,Handloom Textile,2410.0,5650,6650,3450,synthetic_benchmark
Eco-Friendly Traditional Jamdani Cotton Saree,Handloom Textile,2840.0,6100,7450,4100,synthetic_benchmark
Artisan Authentic Kanjivaram Silk Festive Saree,Handloom Textile,2660.0,6400,8300,3800,synthetic_benchmark
Artisan Handloom Sambalpuri Silk Traditional Saree,Handloom Textile,480.0,1600,2100,750,synthetic_benchmark
USB-C to Lightning Braided Fast Sync Cable,Electronics,1460.0,3500,4100,2150,synthetic_benchmark
Antique Finish Pure Copper Water Bottle (1 Litre),Metalwork,1480.0,3200,4000,2150,synthetic_benchmark
Dhokra Brass Hand-Cast Tribal Figurine,Metalwork,1280.0,2650,2950,1900,synthetic_benchmark
USB-C to Lightning Braided Fast Sync Cable,Electronics,1360.0,3050,4000,2000,synthetic_benchmark
Handcrafted Oxidised 925 Silver Tribal Choker Necklace,Jewelry,1020.0,2550,2850,1550,synthetic_benchmark
Classic 10000mAh Magnetic Wireless Power Bank Fast Charge,Electronics,360.0,850,1100,600,synthetic_benchmark
45W Type-C Fast Charger for Ultrasharp Laptops,Electronics,970.0,2550,3350,1450,synthetic_benchmark
Authentic Terracotta Handpainted Statement Jewelry Set,Jewelry,2270.0,8350,10600,3300,synthetic_benchmark
Handcrafted Handmade Brass Diya Oil Lamp Hanging,Metalwork,1750.0,4000,5050,2550,synthetic_benchmark
Authentic Kanjivaram Silk Festive Saree,Handloom Textile,2770.0,5150,6000,4000,synthetic_benchmark
Authentic Pochampally Ikat Handwoven Saree,Handloom Textile,3110.0,9500,11600,4450,synthetic_benchmark
Artisan Traditional Handpainted Clay Diya Festive Set,Pottery & Clay,330.0,950,1100,550,synthetic_benchmark
Handcrafted Beaded Semi-Precious Stone Bracelet,Jewelry,1210.0,4200,4800,1800,synthetic_benchmark
Exquisite Sculpted Clay Floral Vase with Rustic Finish,Pottery & Clay,300.0,950,1100,500,synthetic_benchmark
Handmade Brass Diya Oil Lamp Hanging,Metalwork,470.0,1250,1600,750,synthetic_benchmark
Antique Finish Pure Copper Water Bottle (1 Litre),Metalwork,1050.0,2250,3000,1550,synthetic_benchmark
Handcrafted Traditional Handpainted Clay Diya Festive Set,Pottery & Clay,200.0,700,850,400,synthetic_benchmark
Sandalwood Carved Incense Stick Holder,Woodwork,920.0,3250,4050,1400,synthetic_benchmark
Custom Mirror Work Kutch Embroidered Wall Tapestry,Embroidery,760.0,2200,2500,1150,synthetic_benchmark
Handspun Cotton Table Runner with Tribal Motifs,Handloom Textile,2070.0,6550,8650,3000,synthetic_benchmark
Artisan Hand-Beaten Brass Dining Platter Thali Set,Metalwork,1320.0,2750,3050,1950,synthetic_benchmark
Kantha Stitch Embroidered Cotton Cushion Covers Pair,Embroidery,330.0,1000,1300,550,synthetic_benchmark
Artisan Filigree Pure Silver Toe Rings Pair,Jewelry,1880.0,5850,7050,2750,synthetic_benchmark
Hand-Beaten Brass Dining Platter Thali Set,Metalwork,500.0,1200,1500,800,synthetic_benchmark
Terracotta Handpainted Statement Jewelry Set,Jewelry,960.0,3450,4150,1450,synthetic_benchmark
Authentic Handwoven Woolen Kashmiri Pashmina Shawl,Handloom Textile,1410.0,3450,4400,2050,synthetic_benchmark
Ergonomic Wireless Silent Optical Mouse,Electronics,440.0,1350,1500,700,synthetic_benchmark
Exquisite Handloom Sambalpuri Silk Traditional Saree,Handloom Textile,2400.0,6000,7300,3450,synthetic_benchmark
Handwoven Cotton Chanderi Dupatta with Booti Work,Handloom Textile,1810.0,3750,4600,2650,synthetic_benchmark
Handmade Clay Kulhad Chai Cups Set of 6,Pottery & Clay,260.0,650,800,450,synthetic_benchmark
Handmade Brass Meenakari Enamel Bangles Set,Jewelry,2490.0,5850,6800,3600,synthetic_benchmark
Cast Iron Artisan Skillet Fry Pan,Metalwork,1490.0,3500,4650,2200,synthetic_benchmark
Handmade Teak Wood Kitchen Spatula & Spoon Set,Woodwork,1000.0,2300,2750,1500,synthetic_benchmark
Cast Iron Artisan Skillet Fry Pan,Metalwork,720.0,1650,2050,1100,synthetic_benchmark
Eco-Friendly Sculpted Clay Floral Vase with Rustic Finish,Pottery & Clay,90.0,400,450,250,synthetic_benchmark
Authentic Handmade Brass Diya Oil Lamp Hanging,Metalwork,1610.0,4150,5250,2350,synthetic_benchmark
Sandalwood Carved Incense Stick Holder,Woodwork,870.0,2300,2850,1300,synthetic_benchmark
Carved Sheesham Wood Elephant Figurine,Woodwork,180.0,800,1000,350,synthetic_benchmark
Artisan Glazed Ceramic Dining Soup Bowls Set of 4,Pottery & Clay,340.0,950,1250,600,synthetic_benchmark
Antique Finish Pure Copper Water Bottle (1 Litre),Metalwork,1010.0,3100,3400,1500,synthetic_benchmark
Handmade Handcrafted Terracotta Water Pitcher with Traditional Lid,Pottery & Clay,80.0,350,400,200,synthetic_benchmark
Handmade Brass Diya Oil Lamp Hanging,Metalwork,800.0,1800,2200,1200,synthetic_benchmark
Pure Bronze Kansa Serving Bowls Set of 2,Metalwork,480.0,1250,1500,750,synthetic_benchmark
Pure Bronze Kansa Serving Bowls Set of 2,Metalwork,790.0,1850,2150,1200,synthetic_benchmark
Handmade Kundan & Pearl Jhumka Earrings,Jewelry,1900.0,6700,7950,2750,synthetic_benchmark
Handmade Kundan & Pearl Jhumka Earrings,Jewelry,970.0,2850,3700,1450,synthetic_benchmark
Handmade Teak Wood Kitchen Spatula & Spoon Set,Woodwork,170.0,900,1050,350,synthetic_benchmark
Traditional Handcrafted Walnut Wood Decorative Serving Tray,Woodwork,840.0,2850,3500,1300,synthetic_benchmark
Sandalwood Carved Incense Stick Holder,Woodwork,490.0,1950,2350,800,synthetic_benchmark
Handmade Wooden Coaster Set of 6 with Stand,Woodwork,730.0,1650,1950,1100,synthetic_benchmark
Traditional Temple Jewelry Gold Plated Pendant,Jewelry,1400.0,5200,6550,2050,synthetic_benchmark
Handloom Pure Silk Banarasi Saree with Zari Border,Handloom Textile,1020.0,2550,2900,1550,synthetic_benchmark
Handwoven Cotton Chanderi Dupatta with Booti Work,Handloom Textile,1640.0,5100,5650,2400,synthetic_benchmark
Handcrafted Terracotta Water Pitcher with Traditional Lid,Pottery & Clay,100.0,350,400,250,synthetic_benchmark
Vintage Handmade Clay Kulhad Chai Cups Set of 6,Pottery & Clay,150.0,450,600,300,synthetic_benchmark
Exquisite Handmade Brass Pooja Bell with Peacock Handle,Metalwork,1640.0,4700,5650,2400,synthetic_benchmark
Hand-Beaten Brass Dining Platter Thali Set,Metalwork,450.0,1200,1500,750,synthetic_benchmark
Traditional Handmade Clay Coffee Mugs Set of 2,Pottery & Clay,220.0,900,1000,400,synthetic_benchmark
Handmade Hand-Embroidered Chikankari Cotton Kurti,Embroidery,770.0,1800,2000,1200,synthetic_benchmark
Pochampally Ikat Handwoven Saree,Handloom Textile,2130.0,5650,6850,3100,synthetic_benchmark
USB-C to Lightning Braided Fast Sync Cable,Electronics,560.0,1000,1250,900,synthetic_benchmark
Ergonomic Wireless Silent Optical Mouse,Electronics,1480.0,2450,3150,2150,synthetic_benchmark
Handmade Antique Finish Pure Copper Water Bottle (1 Litre),Metalwork,1280.0,3400,3800,1900,synthetic_benchmark
Traditional Carved Sheesham Wood Elephant Figurine,Woodwork,180.0,850,950,350,synthetic_benchmark
Kantha Stitch Embroidered Cotton Cushion Covers Pair,Embroidery,990.0,2500,2850,1500,synthetic_benchmark
Earthen Clay Cooking Handi Pot,Pottery & Clay,210.0,650,850,400,synthetic_benchmark
Exquisite Traditional Handpainted Clay Diya Festive Set,Pottery & Clay,180.0,700,850,350,synthetic_benchmark
Eco-Friendly Earthen Clay Cooking Handi Pot,Pottery & Clay,70.0,450,500,200,synthetic_benchmark
Ergonomic Wireless Silent Optical Mouse,Electronics,1250.0,2650,3400,1850,synthetic_benchmark
Traditional Handpainted Clay Diya Festive Set,Pottery & Clay,240.0,900,1050,450,synthetic_benchmark
Handcrafted Handmade Brass Meenakari Enamel Bangles Set,Jewelry,560.0,2050,2700,900,synthetic_benchmark
Artisan Glazed Ceramic Dining Soup Bowls Set of 4,Pottery & Clay,200.0,500,600,400,synthetic_benchmark
Premium 60W Fast Charging Laptop Charger Power Adapter,Electronics,590.0,1750,2300,950,synthetic_benchmark
Handmade Brass Meenakari Enamel Bangles Set,Jewelry,1250.0,3600,4000,1850,synthetic_benchmark
Handmade Soft Stuffed Bunny Toy Holding a Carrot,Embroidery,280.0,1200,1350,500,synthetic_benchmark
Handcrafted Oxidised 925 Silver Tribal Choker Necklace,Jewelry,2330.0,8500,10000,3350,synthetic_benchmark
Classic Handspun Cotton Table Runner with Tribal Motifs,Handloom Textile,1500.0,3450,4600,2200,synthetic_benchmark
Handcrafted Walnut Wood Decorative Serving Tray,Woodwork,660.0,2200,2800,1000,synthetic_benchmark
Handcrafted Carved Sheesham Wood Elephant Figurine,Woodwork,950.0,2300,2650,1450,synthetic_benchmark
Handmade Khadi Cotton Handloom Kurta for Men,Handloom Textile,960.0,2850,3750,1450,synthetic_benchmark
Antique Finish Pure Copper Water Bottle (1 Litre),Metalwork,310.0,950,1150,550,synthetic_benchmark
Traditional 10000mAh Magnetic Wireless Power Bank Fast Charge,Electronics,330.0,600,800,550,synthetic_benchmark
Handmade Soft Stuffed Bunny Toy Holding a Carrot,Embroidery,880.0,1900,2350,1350,synthetic_benchmark
Handmade Clay Kulhad Chai Cups Set of 6,Pottery & Clay,340.0,850,1150,600,synthetic_benchmark
Handmade Brass Pooja Bell with Peacock Handle,Metalwork,530.0,1300,1750,850,synthetic_benchmark
Zardozi Work Hand-Embroidered Velvet Clutch Bag,Embroidery,790.0,1950,2300,1200,synthetic_benchmark
Traditional Temple Jewelry Gold Plated Pendant,Jewelry,1990.0,5200,6050,2900,synthetic_benchmark
Deluxe 100W Type-C Heavy Duty Braided Charging Cable 2m,Electronics,940.0,2050,2450,1400,synthetic_benchmark
Mirror Work Kutch Embroidered Wall Tapestry,Embroidery,150.0,600,800,300,synthetic_benchmark
Hand-Beaten Brass Dining Platter Thali Set,Metalwork,1760.0,4050,4550,2550,synthetic_benchmark
Handcrafted Organic Handloom Linen Scarf with Tassels,Handloom Textile,1900.0,5450,7300,2750,synthetic_benchmark
Handmade Clay Kulhad Chai Cups Set of 6,Pottery & Clay,330.0,850,950,550,synthetic_benchmark
Handcrafted Beaded Semi-Precious Stone Bracelet,Jewelry,1350.0,4300,5500,2000,synthetic_benchmark
Intricately Carved Wooden Jewellery Box with Brass Inlay,Woodwork,920.0,2400,3150,1400,synthetic_benchmark
Custom Hand-Stitched Patchwork Quilt Throw Blanket,Embroidery,440.0,1400,1750,700,synthetic_benchmark
Authentic Kanjivaram Silk Festive Saree,Handloom Textile,1630.0,3450,4100,2400,synthetic_benchmark
Sculpted Clay Floral Vase with Rustic Finish,Pottery & Clay,140.0,650,850,300,synthetic_benchmark
Handcrafted Beaded Semi-Precious Stone Bracelet,Jewelry,2090.0,6900,8600,3050,synthetic_benchmark
Handcrafted Beaded Semi-Precious Stone Bracelet,Jewelry,1950.0,5550,6900,2850,synthetic_benchmark
Handmade Brass Diya Oil Lamp Hanging,Metalwork,1140.0,3550,4500,1700,synthetic_benchmark
Handmade Clay Coffee Mugs Set of 2,Pottery & Clay,240.0,950,1150,450,synthetic_benchmark
Traditional Sculpted Clay Floral Vase with Rustic Finish,Pottery & Clay,310.0,950,1150,550,synthetic_benchmark
Custom USB-C to Lightning Braided Fast Sync Cable,Electronics,320.0,900,1050,550,synthetic_benchmark
Sandalwood Carved Incense Stick Holder,Woodwork,870.0,2300,3100,1300,synthetic_benchmark
Deluxe Handmade Wooden Coaster Set of 6 with Stand,Woodwork,1030.0,3400,3900,1550,synthetic_benchmark
Artisan Handmade Clay Kulhad Chai Cups Set of 6,Pottery & Clay,180.0,700,800,350,synthetic_benchmark
Handmade Crocheted Cotton Baby Blanket,Embroidery,880.0,2100,2300,1350,synthetic_benchmark
Handcrafted Bamboo Wood Bluetooth Wireless Speaker,Electronics,260.0,950,1300,450,synthetic_benchmark
Handmade Soft Stuffed Bunny Toy Holding a Carrot,Embroidery,530.0,1800,2000,850,synthetic_benchmark
Handcrafted Carved Sheesham Wood Elephant Figurine,Woodwork,490.0,1450,1900,800,synthetic_benchmark
Custom 7-in-1 Aluminium USB-C Multiport Hub Adapter,Electronics,1200.0,3200,4300,1800,synthetic_benchmark
Handcrafted Handloom Pure Silk Banarasi Saree with Zari Border,Handloom Textile,600.0,1800,2150,950,synthetic_benchmark
Deluxe Hand-Stitched Patchwork Quilt Throw Blanket,Embroidery,740.0,2300,3000,1150,synthetic_benchmark
Artisan Glazed Ceramic Dining Soup Bowls Set of 4,Pottery & Clay,180.0,650,850,350,synthetic_benchmark
Handwoven Cotton Chanderi Dupatta with Booti Work,Handloom Textile,2120.0,4300,5800,3050,synthetic_benchmark
Artisan Handmade Brass Pooja Bell with Peacock Handle,Metalwork,1080.0,3250,4150,1600,synthetic_benchmark
USB-C to Lightning Braided Fast Sync Cable,Electronics,530.0,1450,1900,850,synthetic_benchmark
USB-C to Lightning Braided Fast Sync Cable,Electronics,610.0,1500,1850,950,synthetic_benchmark
10000mAh Magnetic Wireless Power Bank Fast Charge,Electronics,1210.0,2450,3250,1800,synthetic_benchmark
Handcrafted Beaded Semi-Precious Stone Bracelet,Jewelry,1950.0,5750,6400,2850,synthetic_benchmark
Authentic Noise Cancelling Over-Ear Studio Headphones,Electronics,400.0,750,950,650,synthetic_benchmark
Handcrafted Handmade Brass Meenakari Enamel Bangles Set,Jewelry,610.0,2100,2500,950,synthetic_benchmark
Handcrafted Oxidised 925 Silver Tribal Choker Necklace,Jewelry,2060.0,7600,8850,3000,synthetic_benchmark
Authentic Handmade Brass Meenakari Enamel Bangles Set,Jewelry,1040.0,4050,5150,1550,synthetic_benchmark
Artisan Filigree Pure Silver Toe Rings Pair,Jewelry,1810.0,6850,8700,2650,synthetic_benchmark
Handmade Clay Kulhad Chai Cups Set of 6,Pottery & Clay,340.0,1000,1200,600,synthetic_benchmark
Handmade Teak Wood Kitchen Spatula & Spoon Set,Woodwork,780.0,1900,2500,1200,synthetic_benchmark
Artisan Filigree Pure Silver Toe Rings Pair,Jewelry,860.0,3100,3800,1300,synthetic_benchmark
Artisan Traditional Handpainted Clay Diya Festive Set,Pottery & Clay,260.0,800,1000,450,synthetic_benchmark
Handloom Sambalpuri Silk Traditional Saree,Handloom Textile,2110.0,4200,5300,3050,synthetic_benchmark
Handmade Clay Kulhad Chai Cups Set of 6,Pottery & Clay,190.0,550,650,350,synthetic_benchmark
Organic Handloom Linen Scarf with Tassels,Handloom Textile,3490.0,8350,9950,5000,synthetic_benchmark
Vintage Traditional Handpainted Clay Diya Festive Set,Pottery & Clay,90.0,250,350,250,synthetic_benchmark
Traditional Temple Jewelry Gold Plated Pendant,Jewelry,550.0,1600,2100,850,synthetic_benchmark
Cast Iron Artisan Skillet Fry Pan,Metalwork,1280.0,3700,4250,1900,synthetic_benchmark
Handcrafted Beaded Semi-Precious Stone Bracelet,Jewelry,260.0,850,1050,450,synthetic_benchmark
Authentic Handcrafted Terracotta Water Pitcher with Traditional Lid,Pottery & Clay,210.0,600,700,400,synthetic_benchmark
Authentic Kanjivaram Silk Festive Saree,Handloom Textile,700.0,2400,2700,1100,synthetic_benchmark
Custom Artisan Ceramic Planter with Drainage Plate,Pottery & Clay,200.0,650,850,400,synthetic_benchmark
Handmade Soft Stuffed Bunny Toy Holding a Carrot,Embroidery,320.0,850,1000,550,synthetic_benchmark
Exquisite Hand-Stitched Patchwork Quilt Throw Blanket,Embroidery,480.0,1300,1450,750,synthetic_benchmark
Handmade Kundan & Pearl Jhumka Earrings,Jewelry,330.0,1000,1250,550,synthetic_benchmark
Handmade Clay Coffee Mugs Set of 2,Pottery & Clay,220.0,800,1050,400,synthetic_benchmark
Handcrafted Antique Finish Pure Copper Water Bottle (1 Litre),Metalwork,380.0,950,1250,650,synthetic_benchmark
Deluxe Zardozi Work Hand-Embroidered Velvet Clutch Bag,Embroidery,920.0,2500,3300,1400,synthetic_benchmark
Classic Handcrafted Terracotta Water Pitcher with Traditional Lid,Pottery & Clay,200.0,550,650,400,synthetic_benchmark
Pochampally Ikat Handwoven Saree,Handloom Textile,2640.0,6200,7850,3800,synthetic_benchmark
Artisan Hand-Carved Wooden Wall Panel Relief,Woodwork,1170.0,4150,5550,1750,synthetic_benchmark
Handmade Brass Pooja Bell with Peacock Handle,Metalwork,1460.0,3400,4450,2150,synthetic_benchmark
Handmade Soft Stuffed Bunny Toy Holding a Carrot,Embroidery,560.0,1400,1550,900,synthetic_benchmark
Earthen Clay Cooking Handi Pot,Pottery & Clay,310.0,800,1000,550,synthetic_benchmark
Handmade Terracotta Handpainted Statement Jewelry Set,Jewelry,1260.0,2700,3500,1850,synthetic_benchmark
Handcrafted Bamboo Wood Bluetooth Wireless Speaker,Electronics,400.0,1000,1200,650,synthetic_benchmark
Terracotta Handpainted Statement Jewelry Set,Jewelry,1680.0,6350,7250,2450,synthetic_benchmark
Pure Bronze Kansa Serving Bowls Set of 2,Metalwork,530.0,1750,2350,850,synthetic_benchmark
Exquisite Hand-Beaten Brass Dining Platter Thali Set,Metalwork,670.0,2300,2900,1050,synthetic_benchmark
Noise Cancelling Over-Ear Studio Headphones,Electronics,1480.0,2750,3100,2150,synthetic_benchmark
Handmade Clay Coffee Mugs Set of 2,Pottery & Clay,300.0,900,1200,500,synthetic_benchmark
Handmade Crocheted Cotton Baby Blanket,Embroidery,680.0,1700,2050,1050,synthetic_benchmark
Traditional Handpainted Clay Diya Festive Set,Pottery & Clay,230.0,700,800,400,synthetic_benchmark
Authentic Handcrafted Oxidised 925 Silver Tribal Choker Necklace,Jewelry,1600.0,5050,6700,2350,synthetic_benchmark
Handloom Sambalpuri Silk Traditional Saree,Handloom Textile,2780.0,6050,7000,4000,synthetic_benchmark
Noise Cancelling Over-Ear Studio Headphones,Electronics,860.0,1700,2050,1300,synthetic_benchmark
Exquisite Artisan Filigree Pure Silver Toe Rings Pair,Jewelry,1390.0,3850,4900,2050,synthetic_benchmark
Handmade Clay Kulhad Chai Cups Set of 6,Pottery & Clay,350.0,1000,1100,600,synthetic_benchmark
Handmade Mango Wood Candle Stand Pair,Woodwork,460.0,1500,1800,750,synthetic_benchmark
Exquisite Dhokra Brass Hand-Cast Tribal Figurine,Metalwork,470.0,1650,1950,750,synthetic_benchmark
Vintage Authentic Kanjivaram Silk Festive Saree,Handloom Textile,3360.0,6800,8600,4800,synthetic_benchmark
Khadi Cotton Handloom Kurta for Men,Handloom Textile,3240.0,9200,12000,4650,synthetic_benchmark
Handmade Terracotta Decorative Wall Hanging,Pottery & Clay,350.0,750,950,600,synthetic_benchmark
Traditional Artisan Ceramic Planter with Drainage Plate,Pottery & Clay,120.0,450,550,250,synthetic_benchmark
USB-C to Lightning Braided Fast Sync Cable,Electronics,1080.0,3050,3550,1600,synthetic_benchmark
Premium Handcrafted Terracotta Water Pitcher with Traditional Lid,Pottery & Clay,270.0,700,850,500,synthetic_benchmark
100W Type-C Heavy Duty Braided Charging Cable 2m,Electronics,810.0,1850,2350,1250,synthetic_benchmark
Handmade Kundan & Pearl Jhumka Earrings,Jewelry,1300.0,3950,4950,1900,synthetic_benchmark
Traditional Temple Jewelry Gold Plated Pendant,Jewelry,1970.0,7450,9500,2850,synthetic_benchmark
Handmade Brass Diya Oil Lamp Hanging,Metalwork,1400.0,3700,4450,2050,synthetic_benchmark
Phulkari Hand-Embroidered Traditional Dupatta,Embroidery,380.0,1150,1450,650,synthetic_benchmark
Sculpted Clay Floral Vase with Rustic Finish,Pottery & Clay,110.0,350,400,250,synthetic_benchmark
Handcrafted Handmade Teak Wood Kitchen Spatula & Spoon Set,Woodwork,510.0,1750,2000,800,synthetic_benchmark
Handmade Crocheted Cotton Baby Blanket,Embroidery,970.0,2200,2900,1450,synthetic_benchmark
Authentic Handmade Soft Stuffed Bunny Toy Holding a Carrot,Embroidery,940.0,2200,2750,1400,synthetic_benchmark
Handloom Pure Silk Banarasi Saree with Zari Border,Handloom Textile,2980.0,9350,12250,4250,synthetic_benchmark
Traditional Handpainted Clay Diya Festive Set,Pottery & Clay,340.0,650,800,600,synthetic_benchmark
Traditional Handcrafted Terracotta Water Pitcher with Traditional Lid,Pottery & Clay,230.0,700,900,400,synthetic_benchmark
USB-C to Lightning Braided Fast Sync Cable,Electronics,690.0,1600,1950,1050,synthetic_benchmark
Handmade Clay Coffee Mugs Set of 2,Pottery & Clay,80.0,250,350,200,synthetic_benchmark
Artisan 10000mAh Magnetic Wireless Power Bank Fast Charge,Electronics,910.0,2000,2400,1350,synthetic_benchmark
Handcrafted Beaded Semi-Precious Stone Bracelet,Jewelry,990.0,3400,4000,1500,synthetic_benchmark
Handmade Mango Wood Candle Stand Pair,Woodwork,770.0,2900,3350,1200,synthetic_benchmark
Handcrafted Beaded Semi-Precious Stone Bracelet,Jewelry,2050.0,4550,6050,2950,synthetic_benchmark
Eco-Friendly Sculpted Clay Floral Vase with Rustic Finish,Pottery & Clay,340.0,1050,1350,600,synthetic_benchmark
Traditional Handwoven Woolen Kashmiri Pashmina Shawl,Handloom Textile,2750.0,8600,10750,3950,synthetic_benchmark
7-in-1 Aluminium USB-C Multiport Hub Adapter,Electronics,670.0,1450,1750,1050,synthetic_benchmark
Handmade Wooden Coaster Set of 6 with Stand,Woodwork,880.0,2700,3500,1350,synthetic_benchmark
Authentic Artisan Ceramic Planter with Drainage Plate,Pottery & Clay,260.0,600,750,450,synthetic_benchmark
Hand-Embroidered Chikankari Cotton Kurti,Embroidery,790.0,2150,2700,1200,synthetic_benchmark
Sandalwood Carved Incense Stick Holder,Woodwork,600.0,2200,2500,950,synthetic_benchmark
Artisan Glazed Ceramic Dining Soup Bowls Set of 4,Pottery & Clay,320.0,1100,1450,550,synthetic_benchmark
Handcrafted Walnut Wood Decorative Serving Tray,Woodwork,1030.0,3500,4350,1550,synthetic_benchmark
Vintage Traditional Temple Jewelry Gold Plated Pendant,Jewelry,2260.0,5100,6200,3250,synthetic_benchmark
Handmade Wooden Coaster Set of 6 with Stand,Woodwork,660.0,2450,2800,1000,synthetic_benchmark
Custom Handcrafted Walnut Wood Decorative Serving Tray,Woodwork,420.0,1650,2200,700,synthetic_benchmark
Deluxe Handcrafted Beaded Semi-Precious Stone Bracelet,Jewelry,390.0,1500,1850,650,synthetic_benchmark
Handmade Mango Wood Candle Stand Pair,Woodwork,720.0,2050,2550,1100,synthetic_benchmark
Handcrafted Bamboo Wood Bluetooth Wireless Speaker,Electronics,470.0,1250,1500,750,synthetic_benchmark
Traditional Handcrafted Walnut Wood Decorative Serving Tray,Woodwork,1030.0,2750,3450,1550,synthetic_benchmark
Pure Bronze Kansa Serving Bowls Set of 2,Metalwork,400.0,1100,1450,650,synthetic_benchmark
Authentic Hand-Beaten Brass Dining Platter Thali Set,Metalwork,1510.0,4300,5650,2200,synthetic_benchmark
Premium Handmade Clay Kulhad Chai Cups Set of 6,Pottery & Clay,270.0,700,750,500,synthetic_benchmark
Artisan Hand-Carved Wooden Wall Panel Relief,Woodwork,830.0,2300,3000,1250,synthetic_benchmark
Classic Ergonomic Wireless Silent Optical Mouse,Electronics,1210.0,2800,3250,1800,synthetic_benchmark
Handwoven Cotton Chanderi Dupatta with Booti Work,Handloom Textile,2770.0,7350,8450,4000,synthetic_benchmark
Custom Handmade Teak Wood Kitchen Spatula & Spoon Set,Woodwork,260.0,1000,1150,450,synthetic_benchmark
Phulkari Hand-Embroidered Traditional Dupatta,Embroidery,420.0,1450,1800,700,synthetic_benchmark
7-in-1 Aluminium USB-C Multiport Hub Adapter,Electronics,640.0,1000,1300,1000,synthetic_benchmark
Authentic Sandalwood Carved Incense Stick Holder,Woodwork,710.0,1700,2100,1100,synthetic_benchmark
Handcrafted Walnut Wood Decorative Serving Tray,Woodwork,1140.0,3750,5050,1700,synthetic_benchmark
Handcrafted Terracotta Handpainted Statement Jewelry Set,Jewelry,2300.0,7050,9050,3300,synthetic_benchmark
Traditional 65W GaN USB-C Fast Charger with Foldable Plug,Electronics,900.0,2350,3000,1350,synthetic_benchmark
Deluxe Sculpted Clay Floral Vase with Rustic Finish,Pottery & Clay,80.0,350,400,200,synthetic_benchmark
Exquisite Handmade Crocheted Cotton Baby Blanket,Embroidery,570.0,1850,2150,900,synthetic_benchmark
Classic Handcrafted Terracotta Water Pitcher with Traditional Lid,Pottery & Clay,70.0,450,500,200,synthetic_benchmark
Handmade Soft Stuffed Bunny Toy Holding a Carrot,Embroidery,680.0,2000,2400,1050,synthetic_benchmark
Premium Handmade Mango Wood Candle Stand Pair,Woodwork,990.0,2950,3500,1500,synthetic_benchmark
Handmade Wooden Coaster Set of 6 with Stand,Woodwork,170.0,550,650,350,synthetic_benchmark
Handmade Teak Wood Kitchen Spatula & Spoon Set,Woodwork,270.0,1100,1300,500,synthetic_benchmark
Hand-Beaten Brass Dining Platter Thali Set,Metalwork,1030.0,2350,2900,1550,synthetic_benchmark
Khadi Cotton Handloom Kurta for Men,Handloom Textile,2260.0,5900,7550,3250,synthetic_benchmark
Handloom Sambalpuri Silk Traditional Saree,Handloom Textile,2920.0,8100,9300,4200,synthetic_benchmark
Zardozi Work Hand-Embroidered Velvet Clutch Bag,Embroidery,160.0,700,800,300,synthetic_benchmark
Cast Iron Artisan Skillet Fry Pan,Metalwork,1290.0,3050,3500,1900,synthetic_benchmark
Handcrafted Oxidised 925 Silver Tribal Choker Necklace,Jewelry,300.0,1300,1550,500,synthetic_benchmark
Sandalwood Carved Incense Stick Holder,Woodwork,1150.0,3500,4450,1700,synthetic_benchmark
Artisan 7-in-1 Aluminium USB-C Multiport Hub Adapter,Electronics,1430.0,2400,3050,2100,synthetic_benchmark
Hand-Beaten Brass Dining Platter Thali Set,Metalwork,390.0,1150,1400,650,synthetic_benchmark
Handwoven Woolen Kashmiri Pashmina Shawl,Handloom Textile,1520.0,4950,5900,2250,synthetic_benchmark
Handmade Zardozi Work Hand-Embroidered Velvet Clutch Bag,Embroidery,970.0,2150,2400,1450,synthetic_benchmark
Eco-Friendly Organic Handloom Linen Scarf with Tassels,Handloom Textile,970.0,2900,3750,1450,synthetic_benchmark
Deluxe Handcrafted Terracotta Water Pitcher with Traditional Lid,Pottery & Clay,190.0,750,1000,350,synthetic_benchmark
Exquisite Handmade Clay Coffee Mugs Set of 2,Pottery & Clay,60.0,300,350,200,synthetic_benchmark
Handmade Wooden Coaster Set of 6 with Stand,Woodwork,720.0,2000,2400,1100,synthetic_benchmark
Handmade Soft Stuffed Bunny Toy Holding a Carrot,Embroidery,410.0,1400,1550,650,synthetic_benchmark
Exquisite Hand-Stitched Patchwork Quilt Throw Blanket,Embroidery,860.0,1900,2400,1300,synthetic_benchmark
Handcrafted Bamboo Wood Bluetooth Wireless Speaker,Electronics,720.0,1850,2100,1100,synthetic_benchmark
Vintage Handmade Wooden Coaster Set of 6 with Stand,Woodwork,990.0,3200,4150,1500,synthetic_benchmark
Authentic Handwoven Woolen Kashmiri Pashmina Shawl,Handloom Textile,2410.0,5750,7550,3450,synthetic_benchmark
Carved Sheesham Wood Elephant Figurine,Woodwork,880.0,2800,3300,1350,synthetic_benchmark
10000mAh Magnetic Wireless Power Bank Fast Charge,Electronics,280.0,550,750,500,synthetic_benchmark
Artisan Filigree Pure Silver Toe Rings Pair,Jewelry,950.0,4000,4400,1450,synthetic_benchmark
Custom Handmade Clay Kulhad Chai Cups Set of 6,Pottery & Clay,150.0,350,400,300,synthetic_benchmark
Handmade Brass Meenakari Enamel Bangles Set,Jewelry,320.0,1350,1650,550,synthetic_benchmark
Traditional Jamdani Cotton Saree,Handloom Textile,1760.0,5150,6500,2550,synthetic_benchmark
Phulkari Hand-Embroidered Traditional Dupatta,Embroidery,260.0,950,1200,450,synthetic_benchmark
Handcrafted Intricately Carved Wooden Jewellery Box with Brass Inlay,Woodwork,380.0,1100,1450,650,synthetic_benchmark
10000mAh Magnetic Wireless Power Bank Fast Charge,Electronics,1340.0,2350,2800,2000,synthetic_benchmark
Deluxe Organic Handloom Linen Scarf with Tassels,Handloom Textile,840.0,2550,3000,1300,synthetic_benchmark
Mirror Work Kutch Embroidered Wall Tapestry,Embroidery,300.0,1200,1500,500,synthetic_benchmark
Premium 60W Fast Charging Laptop Charger Power Adapter,Electronics,790.0,1650,1800,1200,synthetic_benchmark
Khadi Cotton Handloom Kurta for Men,Handloom Textile,400.0,1250,1400,650,synthetic_benchmark
Handmade Wooden Coaster Set of 6 with Stand,Woodwork,520.0,2050,2700,850,synthetic_benchmark
Vintage Sculpted Clay Floral Vase with Rustic Finish,Pottery & Clay,160.0,600,750,300,synthetic_benchmark
Deluxe Handmade Mango Wood Candle Stand Pair,Woodwork,920.0,2250,2650,1400,synthetic_benchmark
Authentic Phulkari Hand-Embroidered Traditional Dupatta,Embroidery,550.0,1800,2250,850,synthetic_benchmark
Dhokra Brass Hand-Cast Tribal Figurine,Metalwork,1540.0,3150,3950,2250,synthetic_benchmark
Hand-Beaten Brass Dining Platter Thali Set,Metalwork,1100.0,2500,2950,1650,synthetic_benchmark
Eco-Friendly Sandalwood Carved Incense Stick Holder,Woodwork,360.0,1450,1600,600,synthetic_benchmark
Traditional Pochampally Ikat Handwoven Saree,Handloom Textile,2990.0,8350,11150,4300,synthetic_benchmark
Hand-Embroidered Chikankari Cotton Kurti,Embroidery,410.0,1600,1800,650,synthetic_benchmark
Handmade Carved Sheesham Wood Elephant Figurine,Woodwork,250.0,750,850,450,synthetic_benchmark
Handcrafted Bamboo Wood Bluetooth Wireless Speaker,Electronics,950.0,2350,2600,1450,synthetic_benchmark
Sculpted Clay Floral Vase with Rustic Finish,Pottery & Clay,390.0,1000,1100,650,synthetic_benchmark
45W Type-C Fast Charger for Ultrasharp Laptops,Electronics,1210.0,2600,3300,1800,synthetic_benchmark
Custom 7-in-1 Aluminium USB-C Multiport Hub Adapter,Electronics,610.0,1150,1350,950,synthetic_benchmark
Zardozi Work Hand-Embroidered Velvet Clutch Bag,Embroidery,430.0,1300,1450,700,synthetic_benchmark
Authentic Handmade Brass Pooja Bell with Peacock Handle,Metalwork,950.0,2100,2450,1450,synthetic_benchmark
Handmade Mango Wood Candle Stand Pair,Woodwork,910.0,2700,3400,1350,synthetic_benchmark
Traditional Terracotta Handpainted Statement Jewelry Set,Jewelry,860.0,3400,4550,1300,synthetic_benchmark
Handmade Soft Stuffed Bunny Toy Holding a Carrot,Embroidery,630.0,1800,2350,1000,synthetic_benchmark
Traditional USB-C to Lightning Braided Fast Sync Cable,Electronics,1450.0,2300,2750,2150,synthetic_benchmark
Terracotta Handpainted Statement Jewelry Set,Jewelry,1590.0,5450,6300,2350,synthetic_benchmark
Hand-Stitched Patchwork Quilt Throw Blanket,Embroidery,750.0,1750,2300,1150,synthetic_benchmark
Handmade Wooden Coaster Set of 6 with Stand,Woodwork,1000.0,2800,3600,1500,synthetic_benchmark
Eco-Friendly Handcrafted Oxidised 925 Silver Tribal Choker Necklace,Jewelry,730.0,2500,2950,1100,synthetic_benchmark
Handloom Pure Silk Banarasi Saree with Zari Border,Handloom Textile,2420.0,5150,6250,3500,synthetic_benchmark
Eco-Friendly Terracotta Handpainted Statement Jewelry Set,Jewelry,1810.0,5150,6700,2650,synthetic_benchmark
Handcrafted Beaded Semi-Precious Stone Bracelet,Jewelry,2060.0,5450,6700,3000,synthetic_benchmark
7-in-1 Aluminium USB-C Multiport Hub Adapter,Electronics,1260.0,2550,3250,1850,synthetic_benchmark
Pochampally Ikat Handwoven Saree,Handloom Textile,2140.0,6300,7800,3100,synthetic_benchmark
Handmade Clay Coffee Mugs Set of 2,Pottery & Clay,280.0,800,950,500,synthetic_benchmark
Organic Handloom Linen Scarf with Tassels,Handloom Textile,640.0,1750,1950,1000,synthetic_benchmark
Handmade Terracotta Decorative Wall Hanging,Pottery & Clay,100.0,450,500,250,synthetic_benchmark
Phulkari Hand-Embroidered Traditional Dupatta,Embroidery,280.0,1000,1150,500,synthetic_benchmark
Classic Hand-Stitched Patchwork Quilt Throw Blanket,Embroidery,800.0,2100,2350,1200,synthetic_benchmark
Artisan Handcrafted Walnut Wood Decorative Serving Tray,Woodwork,610.0,1750,2200,950,synthetic_benchmark
Cast Iron Artisan Skillet Fry Pan,Metalwork,390.0,1350,1600,650,synthetic_benchmark
Traditional Earthen Clay Cooking Handi Pot,Pottery & Clay,300.0,900,1100,500,synthetic_benchmark
Vintage Zardozi Work Hand-Embroidered Velvet Clutch Bag,Embroidery,790.0,2350,2950,1200,synthetic_benchmark
Deluxe 65W GaN USB-C Fast Charger with Foldable Plug,Electronics,530.0,1350,1750,850,synthetic_benchmark
Vintage Handmade Kundan & Pearl Jhumka Earrings,Jewelry,2290.0,5150,6550,3300,synthetic_benchmark
Sculpted Clay Floral Vase with Rustic Finish,Pottery & Clay,200.0,800,1000,400,synthetic_benchmark
Handmade Brass Diya Oil Lamp Hanging,Metalwork,860.0,2200,2800,1300,synthetic_benchmark
Hand-Beaten Brass Dining Platter Thali Set,Metalwork,1630.0,3550,4050,2400,synthetic_benchmark
Artisan Glazed Ceramic Dining Soup Bowls Set of 4,Pottery & Clay,330.0,800,1000,550,synthetic_benchmark
Authentic Antique Finish Pure Copper Water Bottle (1 Litre),Metalwork,380.0,1100,1400,650,synthetic_benchmark
Handmade Brass Meenakari Enamel Bangles Set,Jewelry,2110.0,5150,6850,3050,synthetic_benchmark
Handmade Handwoven Cotton Chanderi Dupatta with Booti Work,Handloom Textile,2900.0,8400,10250,4150,synthetic_benchmark
Phulkari Hand-Embroidered Traditional Dupatta,Embroidery,940.0,3250,4300,1400,synthetic_benchmark
Handcrafted Walnut Wood Decorative Serving Tray,Woodwork,540.0,1800,2200,850,synthetic_benchmark
Handmade Soft Stuffed Bunny Toy Holding a Carrot,Embroidery,670.0,2250,2550,1050,synthetic_benchmark
Custom Handmade Mango Wood Candle Stand Pair,Woodwork,390.0,1250,1650,650,synthetic_benchmark
Deluxe Sculpted Clay Floral Vase with Rustic Finish,Pottery & Clay,320.0,1150,1300,550,synthetic_benchmark
Premium Dhokra Brass Hand-Cast Tribal Figurine,Metalwork,1060.0,3450,3950,1600,synthetic_benchmark
Custom Handmade Soft Stuffed Bunny Toy Holding a Carrot,Embroidery,660.0,2050,2650,1000,synthetic_benchmark
Exquisite Zardozi Work Hand-Embroidered Velvet Clutch Bag,Embroidery,880.0,2200,2850,1350,synthetic_benchmark
Artisan 65W GaN USB-C Fast Charger with Foldable Plug,Electronics,590.0,1400,1850,950,synthetic_benchmark
Custom Kantha Stitch Embroidered Cotton Cushion Covers Pair,Embroidery,170.0,700,850,350,synthetic_benchmark
Handmade Brass Diya Oil Lamp Hanging,Metalwork,1620.0,4300,5200,2350,synthetic_benchmark
Handspun Cotton Table Runner with Tribal Motifs,Handloom Textile,2690.0,6050,8000,3850,synthetic_benchmark
Artisan Hand-Carved Wooden Wall Panel Relief,Woodwork,360.0,1000,1350,600,synthetic_benchmark
Premium 60W Fast Charging Laptop Charger Power Adapter,Electronics,700.0,1850,2200,1100,synthetic_benchmark
Carved Sheesham Wood Elephant Figurine,Woodwork,250.0,1050,1200,450,synthetic_benchmark
Handspun Cotton Table Runner with Tribal Motifs,Handloom Textile,2900.0,6500,8450,4150,synthetic_benchmark
Sandalwood Carved Incense Stick Holder,Woodwork,330.0,1000,1300,550,synthetic_benchmark
Traditional Dhokra Brass Hand-Cast Tribal Figurine,Metalwork,930.0,2650,3300,1400,synthetic_benchmark
Authentic Handmade Brass Meenakari Enamel Bangles Set,Jewelry,1010.0,2400,2650,1500,synthetic_benchmark
Hand-Embroidered Chikankari Cotton Kurti,Embroidery,710.0,2100,2550,1100,synthetic_benchmark
Handmade Clay Kulhad Chai Cups Set of 6,Pottery & Clay,110.0,400,450,250,synthetic_benchmark
Handwoven Woolen Kashmiri Pashmina Shawl,Handloom Textile,1560.0,3350,4200,2300,synthetic_benchmark
Handmade Clay Coffee Mugs Set of 2,Pottery & Clay,120.0,550,700,250,synthetic_benchmark
Handcrafted Bamboo Wood Bluetooth Wireless Speaker,Electronics,770.0,1450,1700,1200,synthetic_benchmark
Carved Sheesham Wood Elephant Figurine,Woodwork,310.0,1200,1550,550,synthetic_benchmark
Pochampally Ikat Handwoven Saree,Handloom Textile,1810.0,4450,5150,2650,synthetic_benchmark
Handcrafted 45W Type-C Fast Charger for Ultrasharp Laptops,Electronics,560.0,1200,1500,900,synthetic_benchmark
Authentic Kanjivaram Silk Festive Saree,Handloom Textile,1740.0,3850,4900,2550,synthetic_benchmark
Artisan Handmade Mango Wood Candle Stand Pair,Woodwork,590.0,1700,1900,950,synthetic_benchmark
Artisan Antique Finish Pure Copper Water Bottle (1 Litre),Metalwork,1770.0,5250,6150,2600,synthetic_benchmark
Artisan Filigree Pure Silver Toe Rings Pair,Jewelry,1220.0,4350,5100,1800,synthetic_benchmark
Eco-Friendly Noise Cancelling Over-Ear Studio Headphones,Electronics,650.0,1500,1900,1000,synthetic_benchmark
Handmade Brass Diya Oil Lamp Hanging,Metalwork,1410.0,4150,4750,2050,synthetic_benchmark
Artisan Handwoven Woolen Kashmiri Pashmina Shawl,Handloom Textile,1500.0,4550,5950,2200,synthetic_benchmark
Terracotta Handpainted Statement Jewelry Set,Jewelry,2210.0,5350,6300,3200,synthetic_benchmark
Exquisite Khadi Cotton Handloom Kurta for Men,Handloom Textile,2720.0,5350,6800,3900,synthetic_benchmark
Exquisite Pochampally Ikat Handwoven Saree,Handloom Textile,2360.0,5400,7100,3400,synthetic_benchmark
Handcrafted Oxidised 925 Silver Tribal Choker Necklace,Jewelry,1630.0,6050,7050,2400,synthetic_benchmark
10000mAh Magnetic Wireless Power Bank Fast Charge,Electronics,1250.0,2600,2950,1850,synthetic_benchmark
Handmade Carved Sheesham Wood Elephant Figurine,Woodwork,740.0,2500,2800,1150,synthetic_benchmark
Artisan Filigree Pure Silver Toe Rings Pair,Jewelry,2150.0,7500,9150,3100,synthetic_benchmark
Traditional Temple Jewelry Gold Plated Pendant,Jewelry,1280.0,4650,6150,1900,synthetic_benchmark
Handloom Pure Silk Banarasi Saree with Zari Border,Handloom Textile,2030.0,6150,7000,2950,synthetic_benchmark
Handcrafted Walnut Wood Decorative Serving Tray,Woodwork,720.0,2650,3550,1100,synthetic_benchmark
Classic Organic Handloom Linen Scarf with Tassels,Handloom Textile,2610.0,7350,8800,3750,synthetic_benchmark
Handmade Wooden Coaster Set of 6 with Stand,Woodwork,940.0,3150,3650,1400,synthetic_benchmark
Handmade Brass Meenakari Enamel Bangles Set,Jewelry,430.0,1500,2000,700,synthetic_benchmark
Vintage Handcrafted Beaded Semi-Precious Stone Bracelet,Jewelry,1740.0,4950,5750,2550,synthetic_benchmark
Intricately Carved Wooden Jewellery Box with Brass Inlay,Woodwork,970.0,2450,3000,1450,synthetic_benchmark
Deluxe Handspun Cotton Table Runner with Tribal Motifs,Handloom Textile,1840.0,4300,4800,2700,synthetic_benchmark
Handmade Kundan & Pearl Jhumka Earrings,Jewelry,680.0,1800,2200,1050,synthetic_benchmark
Handloom Sambalpuri Silk Traditional Saree,Handloom Textile,3100.0,9250,11200,4450,synthetic_benchmark
Terracotta Handpainted Statement Jewelry Set,Jewelry,1830.0,4250,4900,2650,synthetic_benchmark
Handmade Brass Meenakari Enamel Bangles Set,Jewelry,830.0,2050,2450,1250,synthetic_benchmark
Ergonomic Wireless Silent Optical Mouse,Electronics,870.0,1550,1750,1300,synthetic_benchmark
Premium Artisan Glazed Ceramic Dining Soup Bowls Set of 4,Pottery & Clay,390.0,800,1100,650,synthetic_benchmark
Hand-Stitched Patchwork Quilt Throw Blanket,Embroidery,980.0,3050,3400,1450,synthetic_benchmark
Artisan Handmade Soft Stuffed Bunny Toy Holding a Carrot,Embroidery,170.0,750,950,350,synthetic_benchmark
45W Type-C Fast Charger for Ultrasharp Laptops,Electronics,1030.0,2350,2650,1550,synthetic_benchmark
Handcrafted Oxidised 925 Silver Tribal Choker Necklace,Jewelry,1740.0,7100,8550,2550,synthetic_benchmark
Classic Carved Sheesham Wood Elephant Figurine,Woodwork,190.0,750,950,350,synthetic_benchmark
Handmade Brass Diya Oil Lamp Hanging,Metalwork,950.0,2350,2850,1450,synthetic_benchmark
Handmade Brass Pooja Bell with Peacock Handle,Metalwork,1610.0,3350,4300,2350,synthetic_benchmark
Traditional Handmade Brass Diya Oil Lamp Hanging,Metalwork,370.0,1450,1900,600,synthetic_benchmark
Artisan Ceramic Planter with Drainage Plate,Pottery & Clay,120.0,500,600,250,synthetic_benchmark
Custom Handwoven Woolen Kashmiri Pashmina Shawl,Handloom Textile,3490.0,8900,9900,5000,synthetic_benchmark
Earthen Clay Cooking Handi Pot,Pottery & Clay,160.0,600,800,300,synthetic_benchmark
Handcrafted Beaded Semi-Precious Stone Bracelet,Jewelry,1100.0,4100,4600,1650,synthetic_benchmark
Artisan Ceramic Planter with Drainage Plate,Pottery & Clay,170.0,400,550,350,synthetic_benchmark
Hand-Beaten Brass Dining Platter Thali Set,Metalwork,1150.0,2650,3450,1700,synthetic_benchmark
Khadi Cotton Handloom Kurta for Men,Handloom Textile,1400.0,3000,3750,2050,synthetic_benchmark
Handmade 100W Type-C Heavy Duty Braided Charging Cable 2m,Electronics,720.0,1950,2550,1100,synthetic_benchmark
Handwoven Cotton Chanderi Dupatta with Booti Work,Handloom Textile,3420.0,7100,8850,4900,synthetic_benchmark
Noise Cancelling Over-Ear Studio Headphones,Electronics,340.0,850,1100,600,synthetic_benchmark
7-in-1 Aluminium USB-C Multiport Hub Adapter,Electronics,1250.0,2550,3100,1850,synthetic_benchmark
Authentic 100W Type-C Heavy Duty Braided Charging Cable 2m,Electronics,1160.0,2950,3850,1700,synthetic_benchmark
Traditional 10000mAh Magnetic Wireless Power Bank Fast Charge,Electronics,930.0,1400,1900,1400,synthetic_benchmark
Traditional Jamdani Cotton Saree,Handloom Textile,1290.0,4000,5250,1900,synthetic_benchmark
Zardozi Work Hand-Embroidered Velvet Clutch Bag,Embroidery,240.0,650,850,450,synthetic_benchmark
Custom Organic Handloom Linen Scarf with Tassels,Handloom Textile,3130.0,6350,8000,4500,synthetic_benchmark
Deluxe Intricately Carved Wooden Jewellery Box with Brass Inlay,Woodwork,950.0,3000,3350,1450,synthetic_benchmark
Handmade Brass Diya Oil Lamp Hanging,Metalwork,950.0,2550,3200,1450,synthetic_benchmark
Khadi Cotton Handloom Kurta for Men,Handloom Textile,1750.0,5000,6000,2550,synthetic_benchmark
Exquisite Traditional Jamdani Cotton Saree,Handloom Textile,1590.0,3750,4550,2350,synthetic_benchmark
Handmade Crocheted Cotton Baby Blanket,Embroidery,490.0,1550,1750,800,synthetic_benchmark
Vintage Sculpted Clay Floral Vase with Rustic Finish,Pottery & Clay,310.0,850,1000,550,synthetic_benchmark
Deluxe Zardozi Work Hand-Embroidered Velvet Clutch Bag,Embroidery,290.0,950,1200,500,synthetic_benchmark
Eco-Friendly Intricately Carved Wooden Jewellery Box with Brass Inlay,Woodwork,190.0,900,1200,350,synthetic_benchmark
Intricately Carved Wooden Jewellery Box with Brass Inlay,Woodwork,200.0,650,750,400,synthetic_benchmark
Handmade Kundan & Pearl Jhumka Earrings,Jewelry,1930.0,5500,6150,2800,synthetic_benchmark
Handmade Clay Coffee Mugs Set of 2,Pottery & Clay,320.0,900,1050,550,synthetic_benchmark
Handwoven Woolen Kashmiri Pashmina Shawl,Handloom Textile,1030.0,3100,3400,1550,synthetic_benchmark
Handmade Kundan & Pearl Jhumka Earrings,Jewelry,1180.0,4600,6150,1750,synthetic_benchmark
Organic Handloom Linen Scarf with Tassels,Handloom Textile,1640.0,4650,5400,2400,synthetic_benchmark
Premium Sculpted Clay Floral Vase with Rustic Finish,Pottery & Clay,310.0,900,1000,550,synthetic_benchmark
Handmade Wooden Coaster Set of 6 with Stand,Woodwork,230.0,1000,1300,400,synthetic_benchmark
Hand-Stitched Patchwork Quilt Throw Blanket,Embroidery,170.0,550,750,350,synthetic_benchmark
Cast Iron Artisan Skillet Fry Pan,Metalwork,1070.0,3250,4350,1600,synthetic_benchmark
Hand-Beaten Brass Dining Platter Thali Set,Metalwork,1030.0,3250,4000,1550,synthetic_benchmark
10000mAh Magnetic Wireless Power Bank Fast Charge,Electronics,320.0,900,1000,550,synthetic_benchmark
Premium Sandalwood Carved Incense Stick Holder,Woodwork,500.0,1950,2600,800,synthetic_benchmark
Pochampally Ikat Handwoven Saree,Handloom Textile,920.0,3150,3650,1400,synthetic_benchmark
100W Type-C Heavy Duty Braided Charging Cable 2m,Electronics,860.0,2250,2550,1300,synthetic_benchmark
Organic Handloom Linen Scarf with Tassels,Handloom Textile,350.0,1500,1700,600,synthetic_benchmark
Phulkari Hand-Embroidered Traditional Dupatta,Embroidery,700.0,2450,2800,1100,synthetic_benchmark
Noise Cancelling Over-Ear Studio Headphones,Electronics,820.0,1900,2550,1250,synthetic_benchmark
Earthen Clay Cooking Handi Pot,Pottery & Clay,120.0,600,700,250,synthetic_benchmark
Classic Handwoven Cotton Chanderi Dupatta with Booti Work,Handloom Textile,730.0,2250,2800,1100,synthetic_benchmark
Premium Zardozi Work Hand-Embroidered Velvet Clutch Bag,Embroidery,350.0,1150,1300,600,synthetic_benchmark
Khadi Cotton Handloom Kurta for Men,Handloom Textile,800.0,1750,1950,1200,synthetic_benchmark
Authentic Dhokra Brass Hand-Cast Tribal Figurine,Metalwork,1800.0,3950,4900,2600,synthetic_benchmark
Organic Handloom Linen Scarf with Tassels,Handloom Textile,2290.0,6600,8350,3300,synthetic_benchmark
Handcrafted Walnut Wood Decorative Serving Tray,Woodwork,970.0,3000,3550,1450,synthetic_benchmark
Handmade Teak Wood Kitchen Spatula & Spoon Set,Woodwork,910.0,2550,3000,1350,synthetic_benchmark
Pochampally Ikat Handwoven Saree,Handloom Textile,2960.0,6050,7000,4250,synthetic_benchmark
Custom Handmade Brass Pooja Bell with Peacock Handle,Metalwork,1590.0,4900,5650,2350,synthetic_benchmark
Handmade Brass Meenakari Enamel Bangles Set,Jewelry,230.0,750,900,400,synthetic_benchmark
Artisan Handcrafted Walnut Wood Decorative Serving Tray,Woodwork,510.0,1550,1900,800,synthetic_benchmark
Exquisite Pure Bronze Kansa Serving Bowls Set of 2,Metalwork,1260.0,3850,4550,1850,synthetic_benchmark
100W Type-C Heavy Duty Braided Charging Cable 2m,Electronics,850.0,1900,2550,1300,synthetic_benchmark
Exquisite Artisan Filigree Pure Silver Toe Rings Pair,Jewelry,600.0,1750,2250,950,synthetic_benchmark
Traditional Artisan Hand-Carved Wooden Wall Panel Relief,Woodwork,620.0,1700,2200,950,synthetic_benchmark
Handmade Brass Diya Oil Lamp Hanging,Metalwork,600.0,1700,1950,950,synthetic_benchmark
Handcrafted Bamboo Wood Bluetooth Wireless Speaker,Electronics,1350.0,2300,3000,2000,synthetic_benchmark
Classic Handmade Wooden Coaster Set of 6 with Stand,Woodwork,760.0,3000,3750,1150,synthetic_benchmark
Hand-Stitched Patchwork Quilt Throw Blanket,Embroidery,750.0,2350,2900,1150,synthetic_benchmark
Handcrafted Walnut Wood Decorative Serving Tray,Woodwork,490.0,1350,1550,800,synthetic_benchmark
Hand-Beaten Brass Dining Platter Thali Set,Metalwork,280.0,1050,1350,500,synthetic_benchmark
Artisan Intricately Carved Wooden Jewellery Box with Brass Inlay,Woodwork,1010.0,2400,3000,1500,synthetic_benchmark
Handspun Cotton Table Runner with Tribal Motifs,Handloom Textile,400.0,950,1200,650,synthetic_benchmark
Authentic Handmade Brass Meenakari Enamel Bangles Set,Jewelry,1820.0,7350,9750,2650,synthetic_benchmark
Vintage Kantha Stitch Embroidered Cotton Cushion Covers Pair,Embroidery,350.0,1300,1450,600,synthetic_benchmark
65W GaN USB-C Fast Charger with Foldable Plug,Electronics,1180.0,2150,2750,1750,synthetic_benchmark
Traditional Handmade Teak Wood Kitchen Spatula & Spoon Set,Woodwork,1150.0,2650,3050,1700,synthetic_benchmark
Classic Sculpted Clay Floral Vase with Rustic Finish,Pottery & Clay,90.0,300,400,250,synthetic_benchmark
Premium 60W Fast Charging Laptop Charger Power Adapter,Electronics,770.0,2050,2450,1200,synthetic_benchmark
Hand-Beaten Brass Dining Platter Thali Set,Metalwork,680.0,2000,2550,1050,synthetic_benchmark
Handcrafted Beaded Semi-Precious Stone Bracelet,Jewelry,2370.0,8100,10600,3400,synthetic_benchmark
Hand-Stitched Patchwork Quilt Throw Blanket,Embroidery,280.0,1050,1300,500,synthetic_benchmark
Earthen Clay Cooking Handi Pot,Pottery & Clay,270.0,1000,1150,500,synthetic_benchmark
Phulkari Hand-Embroidered Traditional Dupatta,Embroidery,830.0,1900,2150,1250,synthetic_benchmark
Classic Handloom Sambalpuri Silk Traditional Saree,Handloom Textile,1310.0,3250,3800,1950,synthetic_benchmark
Handcrafted Oxidised 925 Silver Tribal Choker Necklace,Jewelry,2070.0,5950,6800,3000,synthetic_benchmark
Handmade Wooden Coaster Set of 6 with Stand,Woodwork,600.0,1650,2150,950,synthetic_benchmark
Premium Kantha Stitch Embroidered Cotton Cushion Covers Pair,Embroidery,890.0,2600,2900,1350,synthetic_benchmark
Antique Finish Pure Copper Water Bottle (1 Litre),Metalwork,1520.0,4650,5400,2250,synthetic_benchmark
Phulkari Hand-Embroidered Traditional Dupatta,Embroidery,290.0,1000,1100,500,synthetic_benchmark
Handmade Brass Diya Oil Lamp Hanging,Metalwork,1230.0,2700,3150,1800,synthetic_benchmark
Earthen Clay Cooking Handi Pot,Pottery & Clay,150.0,450,550,300,synthetic_benchmark
Handcrafted Terracotta Water Pitcher with Traditional Lid,Pottery & Clay,370.0,1050,1400,600,synthetic_benchmark
Zardozi Work Hand-Embroidered Velvet Clutch Bag,Embroidery,360.0,1050,1200,600,synthetic_benchmark
Custom Handwoven Cotton Chanderi Dupatta with Booti Work,Handloom Textile,1320.0,2850,3350,1950,synthetic_benchmark
Traditional Jamdani Cotton Saree,Handloom Textile,480.0,1500,1900,750,synthetic_benchmark
Handcrafted Oxidised 925 Silver Tribal Choker Necklace,Jewelry,1100.0,3550,4300,1650,synthetic_benchmark
Premium Sandalwood Carved Incense Stick Holder,Woodwork,380.0,1550,1900,650,synthetic_benchmark
10000mAh Magnetic Wireless Power Bank Fast Charge,Electronics,980.0,1950,2400,1450,synthetic_benchmark
Handmade Terracotta Decorative Wall Hanging,Pottery & Clay,340.0,1050,1150,600,synthetic_benchmark
Authentic Kanjivaram Silk Festive Saree,Handloom Textile,2170.0,6300,7850,3150,synthetic_benchmark
Handcrafted Beaded Semi-Precious Stone Bracelet,Jewelry,1030.0,2650,3250,1550,synthetic_benchmark
Kantha Stitch Embroidered Cotton Cushion Covers Pair,Embroidery,680.0,2450,3000,1050,synthetic_benchmark
Handmade Sandalwood Carved Incense Stick Holder,Woodwork,190.0,750,850,350,synthetic_benchmark
Pochampally Ikat Handwoven Saree,Handloom Textile,2510.0,6500,8050,3600,synthetic_benchmark
Traditional Temple Jewelry Gold Plated Pendant,Jewelry,900.0,2600,2950,1350,synthetic_benchmark
Kantha Stitch Embroidered Cotton Cushion Covers Pair,Embroidery,910.0,2200,2950,1350,synthetic_benchmark
Handcrafted Oxidised 925 Silver Tribal Choker Necklace,Jewelry,1760.0,6200,7900,2550,synthetic_benchmark
Premium Authentic Kanjivaram Silk Festive Saree,Handloom Textile,1280.0,3750,4750,1900,synthetic_benchmark
Deluxe Handwoven Woolen Kashmiri Pashmina Shawl,Handloom Textile,2330.0,5550,7450,3350,synthetic_benchmark
Artisan 7-in-1 Aluminium USB-C Multiport Hub Adapter,Electronics,600.0,1750,2150,950,synthetic_benchmark
Deluxe Noise Cancelling Over-Ear Studio Headphones,Electronics,850.0,1600,1850,1300,synthetic_benchmark
Eco-Friendly USB-C to Lightning Braided Fast Sync Cable,Electronics,470.0,1050,1250,750,synthetic_benchmark
Handwoven Cotton Chanderi Dupatta with Booti Work,Handloom Textile,450.0,1100,1250,750,synthetic_benchmark
Deluxe Handmade Mango Wood Candle Stand Pair,Woodwork,830.0,2250,2650,1250,synthetic_benchmark
Intricately Carved Wooden Jewellery Box with Brass Inlay,Woodwork,670.0,1600,2150,1050,synthetic_benchmark
Terracotta Handpainted Statement Jewelry Set,Jewelry,1220.0,4800,6100,1800,synthetic_benchmark
Handmade Brass Meenakari Enamel Bangles Set,Jewelry,1880.0,5050,5950,2750,synthetic_benchmark
Artisan Hand-Carved Wooden Wall Panel Relief,Woodwork,190.0,850,1050,350,synthetic_benchmark
Handmade Kundan & Pearl Jhumka Earrings,Jewelry,880.0,3200,3750,1350,synthetic_benchmark
Handloom Sambalpuri Silk Traditional Saree,Handloom Textile,3340.0,9500,12150,4800,synthetic_benchmark
Dhokra Brass Hand-Cast Tribal Figurine,Metalwork,1520.0,4500,5000,2250,synthetic_benchmark
Eco-Friendly Handmade Brass Meenakari Enamel Bangles Set,Jewelry,1340.0,4950,5800,2000,synthetic_benchmark
Deluxe Handloom Sambalpuri Silk Traditional Saree,Handloom Textile,2000.0,5200,6400,2900,synthetic_benchmark
Eco-Friendly 45W Type-C Fast Charger for Ultrasharp Laptops,Electronics,1060.0,2650,3500,1600,synthetic_benchmark
Handcrafted Oxidised 925 Silver Tribal Choker Necklace,Jewelry,780.0,3350,4400,1200,synthetic_benchmark
Artisan Ceramic Planter with Drainage Plate,Pottery & Clay,340.0,1050,1350,600,synthetic_benchmark
Authentic Handwoven Cotton Chanderi Dupatta with Booti Work,Handloom Textile,1740.0,4850,6050,2550,synthetic_benchmark
Handloom Pure Silk Banarasi Saree with Zari Border,Handloom Textile,1120.0,2950,4000,1650,synthetic_benchmark
Artisan Filigree Pure Silver Toe Rings Pair,Jewelry,1950.0,4350,5250,2850,synthetic_benchmark
Handmade Kundan & Pearl Jhumka Earrings,Jewelry,800.0,2550,3100,1200,synthetic_benchmark
Mirror Work Kutch Embroidered Wall Tapestry,Embroidery,670.0,1400,1550,1050,synthetic_benchmark
Authentic Carved Sheesham Wood Elephant Figurine,Woodwork,550.0,2200,2550,850,synthetic_benchmark
Custom Traditional Temple Jewelry Gold Plated Pendant,Jewelry,1180.0,3300,4350,1750,synthetic_benchmark
Noise Cancelling Over-Ear Studio Headphones,Electronics,1160.0,2600,3250,1700,synthetic_benchmark
Artisan Intricately Carved Wooden Jewellery Box with Brass Inlay,Woodwork,550.0,1850,2100,850,synthetic_benchmark
Handspun Cotton Table Runner with Tribal Motifs,Handloom Textile,1170.0,4000,4950,1750,synthetic_benchmark
Handcrafted Authentic Kanjivaram Silk Festive Saree,Handloom Textile,3160.0,8200,9100,4500,synthetic_benchmark
Classic Phulkari Hand-Embroidered Traditional Dupatta,Embroidery,660.0,1450,1700,1000,synthetic_benchmark
Traditional Intricately Carved Wooden Jewellery Box with Brass Inlay,Woodwork,270.0,1150,1450,500,synthetic_benchmark
Custom Carved Sheesham Wood Elephant Figurine,Woodwork,800.0,2600,3500,1200,synthetic_benchmark
Handmade Brass Meenakari Enamel Bangles Set,Jewelry,2410.0,6050,7250,3450,synthetic_benchmark
Terracotta Handpainted Statement Jewelry Set,Jewelry,370.0,1400,1600,600,synthetic_benchmark
Exquisite Artisan Glazed Ceramic Dining Soup Bowls Set of 4,Pottery & Clay,90.0,300,400,250,synthetic_benchmark
Artisan Filigree Pure Silver Toe Rings Pair,Jewelry,1100.0,3850,4350,1650,synthetic_benchmark
Noise Cancelling Over-Ear Studio Headphones,Electronics,730.0,1850,2450,1100,synthetic_benchmark
Eco-Friendly Phulkari Hand-Embroidered Traditional Dupatta,Embroidery,170.0,550,700,350,synthetic_benchmark
Premium Hand-Stitched Patchwork Quilt Throw Blanket,Embroidery,220.0,650,750,400,synthetic_benchmark
Artisan Sculpted Clay Floral Vase with Rustic Finish,Pottery & Clay,390.0,1100,1250,650,synthetic_benchmark
Zardozi Work Hand-Embroidered Velvet Clutch Bag,Embroidery,830.0,2050,2650,1250,synthetic_benchmark
Artisan Filigree Pure Silver Toe Rings Pair,Jewelry,560.0,1650,1950,900,synthetic_benchmark
7-in-1 Aluminium USB-C Multiport Hub Adapter,Electronics,1300.0,2700,3100,1900,synthetic_benchmark
Handmade Kundan & Pearl Jhumka Earrings,Jewelry,1070.0,4050,4950,1600,synthetic_benchmark
Hand-Embroidered Chikankari Cotton Kurti,Embroidery,820.0,2000,2500,1250,synthetic_benchmark
Handmade Brass Diya Oil Lamp Hanging,Metalwork,1590.0,3650,4250,2350,synthetic_benchmark
Premium Pure Bronze Kansa Serving Bowls Set of 2,Metalwork,610.0,1450,1650,950,synthetic_benchmark
Handmade Brass Meenakari Enamel Bangles Set,Jewelry,210.0,950,1200,400,synthetic_benchmark
Vintage Handmade Soft Stuffed Bunny Toy Holding a Carrot,Embroidery,410.0,1150,1500,650,synthetic_benchmark
Traditional Earthen Clay Cooking Handi Pot,Pottery & Clay,70.0,350,400,200,synthetic_benchmark
Custom Phulkari Hand-Embroidered Traditional Dupatta,Embroidery,290.0,850,1100,500,synthetic_benchmark
Handmade Brass Diya Oil Lamp Hanging,Metalwork,1370.0,3950,4950,2000,synthetic_benchmark
Handmade Clay Kulhad Chai Cups Set of 6,Pottery & Clay,350.0,950,1100,600,synthetic_benchmark
Vintage 45W Type-C Fast Charger for Ultrasharp Laptops,Electronics,1200.0,3300,4200,1800,synthetic_benchmark
Hand-Stitched Patchwork Quilt Throw Blanket,Embroidery,840.0,2750,3300,1300,synthetic_benchmark
Authentic Kanjivaram Silk Festive Saree,Handloom Textile,1250.0,3100,3850,1850,synthetic_benchmark
Ergonomic Wireless Silent Optical Mouse,Electronics,1270.0,3000,3550,1900,synthetic_benchmark
Traditional Handpainted Clay Diya Festive Set,Pottery & Clay,220.0,750,850,400,synthetic_benchmark
Handcrafted Beaded Semi-Precious Stone Bracelet,Jewelry,2320.0,5050,5900,3350,synthetic_benchmark
Handcrafted Oxidised 925 Silver Tribal Choker Necklace,Jewelry,430.0,1450,1900,700,synthetic_benchmark
Antique Finish Pure Copper Water Bottle (1 Litre),Metalwork,1500.0,2900,3800,2200,synthetic_benchmark
Cast Iron Artisan Skillet Fry Pan,Metalwork,1520.0,3250,4350,2250,synthetic_benchmark
Handcrafted Oxidised 925 Silver Tribal Choker Necklace,Jewelry,1310.0,3650,4900,1950,synthetic_benchmark
65W GaN USB-C Fast Charger with Foldable Plug,Electronics,1020.0,1950,2550,1550,synthetic_benchmark
Custom Handmade Clay Kulhad Chai Cups Set of 6,Pottery & Clay,390.0,1050,1300,650,synthetic_benchmark
Handloom Pure Silk Banarasi Saree with Zari Border,Handloom Textile,2370.0,4800,6250,3400,synthetic_benchmark
Handmade Brass Pooja Bell with Peacock Handle,Metalwork,1610.0,4750,5450,2350,synthetic_benchmark
Antique Finish Pure Copper Water Bottle (1 Litre),Metalwork,260.0,1050,1150,450,synthetic_benchmark
Handwoven Cotton Chanderi Dupatta with Booti Work,Handloom Textile,1080.0,3050,3800,1600,synthetic_benchmark
Traditional Temple Jewelry Gold Plated Pendant,Jewelry,1120.0,2900,3400,1650,synthetic_benchmark
Handspun Cotton Table Runner with Tribal Motifs,Handloom Textile,3300.0,9500,10900,4700,synthetic_benchmark
Authentic Handwoven Woolen Kashmiri Pashmina Shawl,Handloom Textile,430.0,1500,1850,700,synthetic_benchmark
Intricately Carved Wooden Jewellery Box with Brass Inlay,Woodwork,380.0,1350,1700,650,synthetic_benchmark
Mirror Work Kutch Embroidered Wall Tapestry,Embroidery,360.0,1400,1650,600,synthetic_benchmark
Handwoven Cotton Chanderi Dupatta with Booti Work,Handloom Textile,710.0,2000,2350,1100,synthetic_benchmark
Classic Antique Finish Pure Copper Water Bottle (1 Litre),Metalwork,1340.0,3950,4800,2000,synthetic_benchmark
Handcrafted Terracotta Water Pitcher with Traditional Lid,Pottery & Clay,100.0,400,550,250,synthetic_benchmark
Handcrafted Artisan Ceramic Planter with Drainage Plate,Pottery & Clay,270.0,650,800,500,synthetic_benchmark
Premium Traditional Handpainted Clay Diya Festive Set,Pottery & Clay,280.0,850,1050,500,synthetic_benchmark
Handmade Clay Coffee Mugs Set of 2,Pottery & Clay,320.0,950,1300,550,synthetic_benchmark
100W Type-C Heavy Duty Braided Charging Cable 2m,Electronics,890.0,1900,2150,1350,synthetic_benchmark
Handloom Sambalpuri Silk Traditional Saree,Handloom Textile,1080.0,3200,4050,1600,synthetic_benchmark
Authentic Sandalwood Carved Incense Stick Holder,Woodwork,520.0,1550,2050,850,synthetic_benchmark
Artisan Glazed Ceramic Dining Soup Bowls Set of 4,Pottery & Clay,220.0,650,750,400,synthetic_benchmark
Artisan Handcrafted Walnut Wood Decorative Serving Tray,Woodwork,320.0,1200,1350,550,synthetic_benchmark
Traditional Jamdani Cotton Saree,Handloom Textile,3440.0,6550,7950,4900,synthetic_benchmark
Handmade Clay Coffee Mugs Set of 2,Pottery & Clay,180.0,650,800,350,synthetic_benchmark
Traditional Temple Jewelry Gold Plated Pendant,Jewelry,1270.0,4150,4850,1900,synthetic_benchmark
Handmade Terracotta Decorative Wall Hanging,Pottery & Clay,280.0,1000,1250,500,synthetic_benchmark
Handmade Brass Meenakari Enamel Bangles Set,Jewelry,2200.0,5500,6800,3200,synthetic_benchmark
Premium Cast Iron Artisan Skillet Fry Pan,Metalwork,1160.0,3700,4550,1700,synthetic_benchmark
Handmade Clay Coffee Mugs Set of 2,Pottery & Clay,70.0,400,500,200,synthetic_benchmark
Handmade Wooden Coaster Set of 6 with Stand,Woodwork,520.0,1650,2050,850,synthetic_benchmark
Phulkari Hand-Embroidered Traditional Dupatta,Embroidery,970.0,2150,2850,1450,synthetic_benchmark
Handmade Mango Wood Candle Stand Pair,Woodwork,550.0,1650,2200,850,synthetic_benchmark
Handmade 10000mAh Magnetic Wireless Power Bank Fast Charge,Electronics,1020.0,1600,1900,1550,synthetic_benchmark
Handmade Mango Wood Candle Stand Pair,Woodwork,550.0,1450,1700,850,synthetic_benchmark
Organic Handloom Linen Scarf with Tassels,Handloom Textile,660.0,2300,2650,1000,synthetic_benchmark
Handmade Clay Kulhad Chai Cups Set of 6,Pottery & Clay,390.0,900,1100,650,synthetic_benchmark
Vintage Artisan Hand-Carved Wooden Wall Panel Relief,Woodwork,740.0,1850,2150,1150,synthetic_benchmark
Handspun Cotton Table Runner with Tribal Motifs,Handloom Textile,530.0,1650,1900,850,synthetic_benchmark
Handcrafted Oxidised 925 Silver Tribal Choker Necklace,Jewelry,720.0,2850,3350,1100,synthetic_benchmark
Premium Dhokra Brass Hand-Cast Tribal Figurine,Metalwork,680.0,1850,2350,1050,synthetic_benchmark
Handcrafted Walnut Wood Decorative Serving Tray,Woodwork,400.0,1300,1550,650,synthetic_benchmark
Artisan Filigree Pure Silver Toe Rings Pair,Jewelry,2230.0,6250,8250,3200,synthetic_benchmark
7-in-1 Aluminium USB-C Multiport Hub Adapter,Electronics,990.0,2350,2650,1500,synthetic_benchmark
Handmade Kundan & Pearl Jhumka Earrings,Jewelry,350.0,1050,1250,600,synthetic_benchmark
Handcrafted Beaded Semi-Precious Stone Bracelet,Jewelry,620.0,2150,2750,950,synthetic_benchmark
Pure Bronze Kansa Serving Bowls Set of 2,Metalwork,630.0,1900,2100,1000,synthetic_benchmark
Premium 60W Fast Charging Laptop Charger Power Adapter,Electronics,1410.0,3500,4400,2050,synthetic_benchmark
Handcrafted Bamboo Wood Bluetooth Wireless Speaker,Electronics,1410.0,3050,3800,2050,synthetic_benchmark
Authentic Kanjivaram Silk Festive Saree,Handloom Textile,2340.0,6850,8500,3400,synthetic_benchmark
Pure Bronze Kansa Serving Bowls Set of 2,Metalwork,1030.0,2750,3400,1550,synthetic_benchmark
Handcrafted Oxidised 925 Silver Tribal Choker Necklace,Jewelry,840.0,3550,4600,1300,synthetic_benchmark
Handmade Mango Wood Candle Stand Pair,Woodwork,770.0,2400,2950,1200,synthetic_benchmark
Exquisite Pure Bronze Kansa Serving Bowls Set of 2,Metalwork,1230.0,3100,4100,1800,synthetic_benchmark
Phulkari Hand-Embroidered Traditional Dupatta,Embroidery,230.0,900,1100,400,synthetic_benchmark
Sandalwood Carved Incense Stick Holder,Woodwork,960.0,2150,2500,1450,synthetic_benchmark
Handcrafted Walnut Wood Decorative Serving Tray,Woodwork,370.0,1300,1450,600,synthetic_benchmark
Terracotta Handpainted Statement Jewelry Set,Jewelry,1550.0,5700,7300,2250,synthetic_benchmark
Intricately Carved Wooden Jewellery Box with Brass Inlay,Woodwork,890.0,2800,3200,1350,synthetic_benchmark
Classic Sculpted Clay Floral Vase with Rustic Finish,Pottery & Clay,340.0,1000,1200,600,synthetic_benchmark
Hand-Embroidered Chikankari Cotton Kurti,Embroidery,490.0,1450,1600,800,synthetic_benchmark
65W GaN USB-C Fast Charger with Foldable Plug,Electronics,330.0,600,800,550,synthetic_benchmark
Terracotta Handpainted Statement Jewelry Set,Jewelry,1800.0,5650,6700,2600,synthetic_benchmark
Zardozi Work Hand-Embroidered Velvet Clutch Bag,Embroidery,540.0,1750,2250,850,synthetic_benchmark
Exquisite Handmade Clay Coffee Mugs Set of 2,Pottery & Clay,310.0,850,1000,550,synthetic_benchmark
Ergonomic Wireless Silent Optical Mouse,Electronics,1420.0,3350,4100,2100,synthetic_benchmark
Handmade Teak Wood Kitchen Spatula & Spoon Set,Woodwork,1070.0,3600,4200,1600,synthetic_benchmark
Premium Handmade Mango Wood Candle Stand Pair,Woodwork,330.0,800,950,550,synthetic_benchmark
Traditional Jamdani Cotton Saree,Handloom Textile,2550.0,6200,7300,3650,synthetic_benchmark
65W GaN USB-C Fast Charger with Foldable Plug,Electronics,1480.0,3200,3600,2150,synthetic_benchmark
Artisan Cast Iron Artisan Skillet Fry Pan,Metalwork,1540.0,4350,5500,2250,synthetic_benchmark
Mirror Work Kutch Embroidered Wall Tapestry,Embroidery,540.0,1350,1600,850,synthetic_benchmark
Handwoven Cotton Chanderi Dupatta with Booti Work,Handloom Textile,600.0,2050,2300,950,synthetic_benchmark
Authentic Handmade Brass Pooja Bell with Peacock Handle,Metalwork,1020.0,3050,3500,1550,synthetic_benchmark
Sandalwood Carved Incense Stick Holder,Woodwork,750.0,2900,3600,1150,synthetic_benchmark
Terracotta Handpainted Statement Jewelry Set,Jewelry,1400.0,4150,5550,2050,synthetic_benchmark
Authentic Kanjivaram Silk Festive Saree,Handloom Textile,2460.0,5350,7100,3550,synthetic_benchmark
Custom Artisan Ceramic Planter with Drainage Plate,Pottery & Clay,50.0,300,350,150,synthetic_benchmark
Handcrafted Traditional Temple Jewelry Gold Plated Pendant,Jewelry,2060.0,7500,8700,3000,synthetic_benchmark
Eco-Friendly Hand-Embroidered Chikankari Cotton Kurti,Embroidery,950.0,2450,3300,1450,synthetic_benchmark
Artisan Ceramic Planter with Drainage Plate,Pottery & Clay,160.0,500,600,300,synthetic_benchmark
Artisan Ceramic Planter with Drainage Plate,Pottery & Clay,380.0,800,900,650,synthetic_benchmark
Kantha Stitch Embroidered Cotton Cushion Covers Pair,Embroidery,520.0,1700,2250,850,synthetic_benchmark
Handmade Terracotta Decorative Wall Hanging,Pottery & Clay,290.0,750,950,500,synthetic_benchmark
Sculpted Clay Floral Vase with Rustic Finish,Pottery & Clay,370.0,1050,1350,600,synthetic_benchmark
Kantha Stitch Embroidered Cotton Cushion Covers Pair,Embroidery,590.0,1800,2050,950,synthetic_benchmark
Handcrafted Terracotta Water Pitcher with Traditional Lid,Pottery & Clay,240.0,750,900,450,synthetic_benchmark
Vintage 100W Type-C Heavy Duty Braided Charging Cable 2m,Electronics,1050.0,1950,2250,1550,synthetic_benchmark
Handcrafted Terracotta Water Pitcher with Traditional Lid,Pottery & Clay,380.0,1200,1400,650,synthetic_benchmark
Classic Handmade Brass Pooja Bell with Peacock Handle,Metalwork,720.0,1800,2400,1100,synthetic_benchmark
Handmade Mango Wood Candle Stand Pair,Woodwork,720.0,2050,2500,1100,synthetic_benchmark
Deluxe Handmade Terracotta Decorative Wall Hanging,Pottery & Clay,80.0,350,450,200,synthetic_benchmark
Exquisite Handmade Brass Meenakari Enamel Bangles Set,Jewelry,1710.0,5000,6150,2500,synthetic_benchmark
Authentic Artisan Ceramic Planter with Drainage Plate,Pottery & Clay,90.0,500,600,250,synthetic_benchmark
Handmade Mango Wood Candle Stand Pair,Woodwork,870.0,3300,4200,1300,synthetic_benchmark
65W GaN USB-C Fast Charger with Foldable Plug,Electronics,890.0,2400,2650,1350,synthetic_benchmark
Handmade Brass Pooja Bell with Peacock Handle,Metalwork,1360.0,3150,3700,2000,synthetic_benchmark
Authentic Handmade Teak Wood Kitchen Spatula & Spoon Set,Woodwork,180.0,550,700,350,synthetic_benchmark
Traditional Handpainted Clay Diya Festive Set,Pottery & Clay,160.0,650,800,300,synthetic_benchmark
Kantha Stitch Embroidered Cotton Cushion Covers Pair,Embroidery,490.0,1050,1250,800,synthetic_benchmark
Classic Hand-Stitched Patchwork Quilt Throw Blanket,Embroidery,950.0,2500,3100,1450,synthetic_benchmark
Handspun Cotton Table Runner with Tribal Motifs,Handloom Textile,2540.0,6300,7350,3650,synthetic_benchmark
Handmade Mango Wood Candle Stand Pair,Woodwork,1070.0,2450,3200,1600,synthetic_benchmark
Earthen Clay Cooking Handi Pot,Pottery & Clay,170.0,750,900,350,synthetic_benchmark
Antique Finish Pure Copper Water Bottle (1 Litre),Metalwork,1290.0,3850,4400,1900,synthetic_benchmark
Dhokra Brass Hand-Cast Tribal Figurine,Metalwork,900.0,2250,2950,1350,synthetic_benchmark
Carved Sheesham Wood Elephant Figurine,Woodwork,280.0,950,1200,500,synthetic_benchmark
Custom Handmade Terracotta Decorative Wall Hanging,Pottery & Clay,320.0,900,1200,550,synthetic_benchmark
Custom Handmade Wooden Coaster Set of 6 with Stand,Woodwork,1100.0,3450,3800,1650,synthetic_benchmark
Exquisite Ergonomic Wireless Silent Optical Mouse,Electronics,1020.0,2100,2650,1550,synthetic_benchmark
Exquisite Pure Bronze Kansa Serving Bowls Set of 2,Metalwork,430.0,1150,1350,700,synthetic_benchmark
Handwoven Cotton Chanderi Dupatta with Booti Work,Handloom Textile,370.0,1050,1200,600,synthetic_benchmark
Custom Handwoven Woolen Kashmiri Pashmina Shawl,Handloom Textile,520.0,1700,2100,850,synthetic_benchmark
Carved Sheesham Wood Elephant Figurine,Woodwork,1140.0,2850,3150,1700,synthetic_benchmark
Handcrafted Beaded Semi-Precious Stone Bracelet,Jewelry,2370.0,5450,7200,3400,synthetic_benchmark
Handmade Brass Diya Oil Lamp Hanging,Metalwork,1470.0,2850,3700,2150,synthetic_benchmark
Handcrafted Antique Finish Pure Copper Water Bottle (1 Litre),Metalwork,830.0,2150,2700,1250,synthetic_benchmark
Handmade Clay Coffee Mugs Set of 2,Pottery & Clay,120.0,450,550,250,synthetic_benchmark
Hand-Embroidered Chikankari Cotton Kurti,Embroidery,910.0,2700,3600,1350,synthetic_benchmark
Handmade Terracotta Decorative Wall Hanging,Pottery & Clay,150.0,500,650,300,synthetic_benchmark
Handmade Terracotta Handpainted Statement Jewelry Set,Jewelry,1240.0,3250,3850,1850,synthetic_benchmark
Earthen Clay Cooking Handi Pot,Pottery & Clay,170.0,700,850,350,synthetic_benchmark
Artisan Filigree Pure Silver Toe Rings Pair,Jewelry,1560.0,4400,5450,2300,synthetic_benchmark
Handmade Clay Coffee Mugs Set of 2,Pottery & Clay,160.0,700,900,300,synthetic_benchmark
Intricately Carved Wooden Jewellery Box with Brass Inlay,Woodwork,740.0,1750,2300,1150,synthetic_benchmark
Handloom Pure Silk Banarasi Saree with Zari Border,Handloom Textile,2880.0,6900,9150,4150,synthetic_benchmark
Handmade Brass Meenakari Enamel Bangles Set,Jewelry,1960.0,7500,9900,2850,synthetic_benchmark
Artisan Glazed Ceramic Dining Soup Bowls Set of 4,Pottery & Clay,90.0,550,750,250,synthetic_benchmark
Handcrafted Terracotta Water Pitcher with Traditional Lid,Pottery & Clay,210.0,700,850,400,synthetic_benchmark
Zardozi Work Hand-Embroidered Velvet Clutch Bag,Embroidery,600.0,1400,1700,950,synthetic_benchmark
Kantha Stitch Embroidered Cotton Cushion Covers Pair,Embroidery,930.0,1950,2600,1400,synthetic_benchmark
Carved Sheesham Wood Elephant Figurine,Woodwork,1090.0,3900,4350,1650,synthetic_benchmark
USB-C to Lightning Braided Fast Sync Cable,Electronics,1020.0,2650,3200,1550,synthetic_benchmark
Premium 60W Fast Charging Laptop Charger Power Adapter,Electronics,1390.0,2950,3800,2050,synthetic_benchmark
Carved Sheesham Wood Elephant Figurine,Woodwork,1060.0,3400,3900,1600,synthetic_benchmark
Custom Handmade Clay Coffee Mugs Set of 2,Pottery & Clay,240.0,700,850,450,synthetic_benchmark
Handmade Brass Diya Oil Lamp Hanging,Metalwork,390.0,1250,1500,650,synthetic_benchmark
Traditional Jamdani Cotton Saree,Handloom Textile,3130.0,6500,7800,4500,synthetic_benchmark
Eco-Friendly Khadi Cotton Handloom Kurta for Men,Handloom Textile,1150.0,2400,3050,1700,synthetic_benchmark
Handspun Cotton Table Runner with Tribal Motifs,Handloom Textile,3220.0,9500,12400,4600,synthetic_benchmark
Carved Sheesham Wood Elephant Figurine,Woodwork,180.0,550,700,350,synthetic_benchmark
Hand-Stitched Patchwork Quilt Throw Blanket,Embroidery,610.0,1650,2000,950,synthetic_benchmark
Handmade Clay Kulhad Chai Cups Set of 6,Pottery & Clay,170.0,650,800,350,synthetic_benchmark
Traditional Handmade Brass Meenakari Enamel Bangles Set,Jewelry,1280.0,3350,3700,1900,synthetic_benchmark
Authentic Carved Sheesham Wood Elephant Figurine,Woodwork,470.0,1700,2050,750,synthetic_benchmark
Handcrafted Beaded Semi-Precious Stone Bracelet,Jewelry,2090.0,6800,7700,3050,synthetic_benchmark
Handmade Antique Finish Pure Copper Water Bottle (1 Litre),Metalwork,270.0,1050,1250,500,synthetic_benchmark
65W GaN USB-C Fast Charger with Foldable Plug,Electronics,1270.0,3150,3850,1900,synthetic_benchmark
45W Type-C Fast Charger for Ultrasharp Laptops,Electronics,370.0,900,1100,600,synthetic_benchmark
Traditional Pure Bronze Kansa Serving Bowls Set of 2,Metalwork,1780.0,5400,6450,2600,synthetic_benchmark
Artisan Glazed Ceramic Dining Soup Bowls Set of 4,Pottery & Clay,250.0,950,1200,450,synthetic_benchmark
Vintage Intricately Carved Wooden Jewellery Box with Brass Inlay,Woodwork,520.0,1850,2250,850,synthetic_benchmark
Handmade Kundan & Pearl Jhumka Earrings,Jewelry,1510.0,3700,4300,2200,synthetic_benchmark
Authentic Kanjivaram Silk Festive Saree,Handloom Textile,1400.0,3550,4550,2050,synthetic_benchmark
Handloom Pure Silk Banarasi Saree with Zari Border,Handloom Textile,1270.0,2950,3400,1900,synthetic_benchmark
Custom Artisan Hand-Carved Wooden Wall Panel Relief,Woodwork,370.0,1250,1500,600,synthetic_benchmark
Kantha Stitch Embroidered Cotton Cushion Covers Pair,Embroidery,600.0,2000,2300,950,synthetic_benchmark
Traditional Artisan Glazed Ceramic Dining Soup Bowls Set of 4,Pottery & Clay,280.0,850,1050,500,synthetic_benchmark
Classic Handcrafted Beaded Semi-Precious Stone Bracelet,Jewelry,1680.0,5100,6050,2450,synthetic_benchmark
Handmade Zardozi Work Hand-Embroidered Velvet Clutch Bag,Embroidery,290.0,1000,1200,500,synthetic_benchmark
Handcrafted Walnut Wood Decorative Serving Tray,Woodwork,280.0,950,1250,500,synthetic_benchmark
Handmade Brass Diya Oil Lamp Hanging,Metalwork,480.0,1300,1750,750,synthetic_benchmark
Organic Handloom Linen Scarf with Tassels,Handloom Textile,610.0,1750,2100,950,synthetic_benchmark
Handmade Brass Meenakari Enamel Bangles Set,Jewelry,1610.0,4750,5250,2350,synthetic_benchmark
Authentic Kanjivaram Silk Festive Saree,Handloom Textile,2860.0,8800,11250,4100,synthetic_benchmark
Traditional Jamdani Cotton Saree,Handloom Textile,3310.0,9400,11100,4750,synthetic_benchmark
Artisan Filigree Pure Silver Toe Rings Pair,Jewelry,2240.0,8500,9750,3250,synthetic_benchmark
Handcrafted Terracotta Water Pitcher with Traditional Lid,Pottery & Clay,190.0,650,850,350,synthetic_benchmark
Eco-Friendly Premium 60W Fast Charging Laptop Charger Power Adapter,Electronics,330.0,1100,1400,550,synthetic_benchmark
Handmade Crocheted Cotton Baby Blanket,Embroidery,500.0,1300,1600,800,synthetic_benchmark
Antique Finish Pure Copper Water Bottle (1 Litre),Metalwork,1150.0,3050,3950,1700,synthetic_benchmark
Handmade Clay Kulhad Chai Cups Set of 6,Pottery & Clay,360.0,950,1200,600,synthetic_benchmark
Authentic Handcrafted Beaded Semi-Precious Stone Bracelet,Jewelry,1620.0,5050,6300,2350,synthetic_benchmark
Artisan Terracotta Handpainted Statement Jewelry Set,Jewelry,1070.0,2850,3700,1600,synthetic_benchmark
Pochampally Ikat Handwoven Saree,Handloom Textile,1310.0,3000,3800,1950,synthetic_benchmark
Handmade Crocheted Cotton Baby Blanket,Embroidery,420.0,1500,1750,700,synthetic_benchmark
Pure Bronze Kansa Serving Bowls Set of 2,Metalwork,1760.0,3500,4100,2550,synthetic_benchmark
Handcrafted Bamboo Wood Bluetooth Wireless Speaker,Electronics,760.0,1650,1950,1150,synthetic_benchmark
Exquisite Handmade Brass Diya Oil Lamp Hanging,Metalwork,1260.0,3500,4000,1850,synthetic_benchmark
Vintage Handcrafted Beaded Semi-Precious Stone Bracelet,Jewelry,1400.0,5350,5900,2050,synthetic_benchmark
Sculpted Clay Floral Vase with Rustic Finish,Pottery & Clay,70.0,550,750,200,synthetic_benchmark
Handcrafted Authentic Kanjivaram Silk Festive Saree,Handloom Textile,1970.0,6350,8300,2850,synthetic_benchmark
Ergonomic Wireless Silent Optical Mouse,Electronics,620.0,1150,1500,950,synthetic_benchmark
Earthen Clay Cooking Handi Pot,Pottery & Clay,130.0,650,850,300,synthetic_benchmark
Cast Iron Artisan Skillet Fry Pan,Metalwork,1730.0,3600,4000,2500,synthetic_benchmark
Handcrafted Handmade Clay Coffee Mugs Set of 2,Pottery & Clay,220.0,600,650,400,synthetic_benchmark
Cast Iron Artisan Skillet Fry Pan,Metalwork,820.0,2750,3600,1250,synthetic_benchmark
Handmade 7-in-1 Aluminium USB-C Multiport Hub Adapter,Electronics,900.0,1950,2400,1350,synthetic_benchmark
Exquisite Handmade Crocheted Cotton Baby Blanket,Embroidery,840.0,2400,2800,1300,synthetic_benchmark
Artisan Glazed Ceramic Dining Soup Bowls Set of 4,Pottery & Clay,280.0,700,900,500,synthetic_benchmark
Traditional Handcrafted Terracotta Water Pitcher with Traditional Lid,Pottery & Clay,350.0,900,1150,600,synthetic_benchmark
Handmade Brass Pooja Bell with Peacock Handle,Metalwork,620.0,1650,1950,950,synthetic_benchmark
Zardozi Work Hand-Embroidered Velvet Clutch Bag,Embroidery,750.0,2150,2700,1150,synthetic_benchmark
Handloom Sambalpuri Silk Traditional Saree,Handloom Textile,3280.0,8050,9450,4700,synthetic_benchmark
Handcrafted Oxidised 925 Silver Tribal Choker Necklace,Jewelry,940.0,3600,4700,1400,synthetic_benchmark
Vintage Organic Handloom Linen Scarf with Tassels,Handloom Textile,2150.0,5800,6900,3100,synthetic_benchmark
Zardozi Work Hand-Embroidered Velvet Clutch Bag,Embroidery,500.0,1850,2200,800,synthetic_benchmark
Artisan 45W Type-C Fast Charger for Ultrasharp Laptops,Electronics,800.0,1850,2250,1200,synthetic_benchmark
Handcrafted Beaded Semi-Precious Stone Bracelet,Jewelry,310.0,1400,1700,550,synthetic_benchmark
Authentic Traditional Jamdani Cotton Saree,Handloom Textile,620.0,2050,2450,950,synthetic_benchmark
Terracotta Handpainted Statement Jewelry Set,Jewelry,2430.0,7100,8400,3500,synthetic_benchmark
Pochampally Ikat Handwoven Saree,Handloom Textile,2070.0,5050,5650,3000,synthetic_benchmark
Noise Cancelling Over-Ear Studio Headphones,Electronics,1440.0,3500,4650,2100,synthetic_benchmark
Ergonomic Wireless Silent Optical Mouse,Electronics,350.0,1000,1200,600,synthetic_benchmark
Handmade Terracotta Handpainted Statement Jewelry Set,Jewelry,910.0,2650,3050,1350,synthetic_benchmark
Vintage Artisan Filigree Pure Silver Toe Rings Pair,Jewelry,1730.0,5900,7500,2500,synthetic_benchmark
45W Type-C Fast Charger for Ultrasharp Laptops,Electronics,320.0,650,750,550,synthetic_benchmark
Handmade Brass Pooja Bell with Peacock Handle,Metalwork,1150.0,3550,4100,1700,synthetic_benchmark
Intricately Carved Wooden Jewellery Box with Brass Inlay,Woodwork,160.0,750,900,300,synthetic_benchmark
100W Type-C Heavy Duty Braided Charging Cable 2m,Electronics,340.0,800,950,600,synthetic_benchmark
Hand-Embroidered Chikankari Cotton Kurti,Embroidery,650.0,1450,1950,1000,synthetic_benchmark
Kantha Stitch Embroidered Cotton Cushion Covers Pair,Embroidery,710.0,2250,2700,1100,synthetic_benchmark
Premium Organic Handloom Linen Scarf with Tassels,Handloom Textile,1040.0,2250,2800,1550,synthetic_benchmark
Traditional Jamdani Cotton Saree,Handloom Textile,3200.0,6000,6800,4600,synthetic_benchmark
Handcrafted Oxidised 925 Silver Tribal Choker Necklace,Jewelry,390.0,1200,1550,650,synthetic_benchmark
Earthen Clay Cooking Handi Pot,Pottery & Clay,180.0,600,750,350,synthetic_benchmark
7-in-1 Aluminium USB-C Multiport Hub Adapter,Electronics,520.0,1200,1600,850,synthetic_benchmark
Exquisite Handcrafted Beaded Semi-Precious Stone Bracelet,Jewelry,440.0,1350,1550,700,synthetic_benchmark
Premium Handcrafted Oxidised 925 Silver Tribal Choker Necklace,Jewelry,830.0,2000,2650,1250,synthetic_benchmark
Deluxe Handwoven Cotton Chanderi Dupatta with Booti Work,Handloom Textile,910.0,2650,3100,1350,synthetic_benchmark
Eco-Friendly Hand-Beaten Brass Dining Platter Thali Set,Metalwork,330.0,750,1000,550,synthetic_benchmark
Exquisite 7-in-1 Aluminium USB-C Multiport Hub Adapter,Electronics,700.0,1700,2250,1100,synthetic_benchmark
Premium Hand-Beaten Brass Dining Platter Thali Set,Metalwork,1100.0,3250,4050,1650,synthetic_benchmark
Handcrafted Bamboo Wood Bluetooth Wireless Speaker,Electronics,1300.0,3050,3900,1900,synthetic_benchmark
Intricately Carved Wooden Jewellery Box with Brass Inlay,Woodwork,670.0,2250,2500,1050,synthetic_benchmark
Artisan Handmade Crocheted Cotton Baby Blanket,Embroidery,820.0,2000,2450,1250,synthetic_benchmark
Artisan Filigree Pure Silver Toe Rings Pair,Jewelry,1020.0,3550,3950,1550,synthetic_benchmark
Artisan Ceramic Planter with Drainage Plate,Pottery & Clay,210.0,900,1000,400,synthetic_benchmark
Exquisite Handwoven Woolen Kashmiri Pashmina Shawl,Handloom Textile,1220.0,2850,3500,1800,synthetic_benchmark
Hand-Stitched Patchwork Quilt Throw Blanket,Embroidery,560.0,1400,1600,900,synthetic_benchmark
Mirror Work Kutch Embroidered Wall Tapestry,Embroidery,600.0,1900,2250,950,synthetic_benchmark
Handcrafted Oxidised 925 Silver Tribal Choker Necklace,Jewelry,1490.0,4250,4750,2200,synthetic_benchmark
Vintage Hand-Embroidered Chikankari Cotton Kurti,Embroidery,180.0,500,650,350,synthetic_benchmark
Mirror Work Kutch Embroidered Wall Tapestry,Embroidery,520.0,1800,2050,850,synthetic_benchmark
Zardozi Work Hand-Embroidered Velvet Clutch Bag,Embroidery,450.0,1400,1550,750,synthetic_benchmark
Sculpted Clay Floral Vase with Rustic Finish,Pottery & Clay,230.0,750,950,400,synthetic_benchmark
Authentic Kanjivaram Silk Festive Saree,Handloom Textile,1600.0,4950,5700,2350,synthetic_benchmark
Earthen Clay Cooking Handi Pot,Pottery & Clay,360.0,1200,1500,600,synthetic_benchmark
Hand-Stitched Patchwork Quilt Throw Blanket,Embroidery,610.0,1900,2450,950,synthetic_benchmark
Handmade Mango Wood Candle Stand Pair,Woodwork,1180.0,4200,4900,1750,synthetic_benchmark
Handmade Clay Kulhad Chai Cups Set of 6,Pottery & Clay,260.0,750,900,450,synthetic_benchmark
Handspun Cotton Table Runner with Tribal Motifs,Handloom Textile,2630.0,8300,10850,3800,synthetic_benchmark
Pochampally Ikat Handwoven Saree,Handloom Textile,3110.0,7050,8750,4450,synthetic_benchmark
Premium Artisan Filigree Pure Silver Toe Rings Pair,Jewelry,2130.0,7450,9000,3100,synthetic_benchmark
Premium Handmade Mango Wood Candle Stand Pair,Woodwork,580.0,1700,2000,900,synthetic_benchmark
Handloom Pure Silk Banarasi Saree with Zari Border,Handloom Textile,1570.0,4700,5800,2300,synthetic_benchmark
Deluxe Carved Sheesham Wood Elephant Figurine,Woodwork,740.0,2950,3900,1150,synthetic_benchmark
Cast Iron Artisan Skillet Fry Pan,Metalwork,1740.0,5000,6100,2550,synthetic_benchmark
Zardozi Work Hand-Embroidered Velvet Clutch Bag,Embroidery,990.0,3050,4000,1500,synthetic_benchmark
Eco-Friendly Mirror Work Kutch Embroidered Wall Tapestry,Embroidery,890.0,2250,2550,1350,synthetic_benchmark
Artisan Ceramic Planter with Drainage Plate,Pottery & Clay,230.0,650,850,400,synthetic_benchmark
Ergonomic Wireless Silent Optical Mouse,Electronics,390.0,1250,1400,650,synthetic_benchmark
Handmade Brass Diya Oil Lamp Hanging,Metalwork,860.0,1650,2150,1300,synthetic_benchmark
Exquisite Pochampally Ikat Handwoven Saree,Handloom Textile,1370.0,3050,3450,2000,synthetic_benchmark
Earthen Clay Cooking Handi Pot,Pottery & Clay,240.0,650,800,450,synthetic_benchmark
Sandalwood Carved Incense Stick Holder,Woodwork,820.0,2200,2700,1250,synthetic_benchmark
Zardozi Work Hand-Embroidered Velvet Clutch Bag,Embroidery,620.0,1750,2250,950,synthetic_benchmark
Premium Handwoven Woolen Kashmiri Pashmina Shawl,Handloom Textile,700.0,1950,2250,1100,synthetic_benchmark
Zardozi Work Hand-Embroidered Velvet Clutch Bag,Embroidery,700.0,2000,2650,1100,synthetic_benchmark
Traditional Handmade Brass Meenakari Enamel Bangles Set,Jewelry,1160.0,3350,4050,1700,synthetic_benchmark
Premium Antique Finish Pure Copper Water Bottle (1 Litre),Metalwork,1740.0,5150,5750,2550,synthetic_benchmark
Handcrafted Oxidised 925 Silver Tribal Choker Necklace,Jewelry,1000.0,3500,4500,1500,synthetic_benchmark
Artisan Glazed Ceramic Dining Soup Bowls Set of 4,Pottery & Clay,180.0,750,900,350,synthetic_benchmark
USB-C to Lightning Braided Fast Sync Cable,Electronics,1080.0,2150,2850,1600,synthetic_benchmark
65W GaN USB-C Fast Charger with Foldable Plug,Electronics,290.0,700,800,500,synthetic_benchmark
Handcrafted Oxidised 925 Silver Tribal Choker Necklace,Jewelry,1860.0,5900,6900,2700,synthetic_benchmark
100W Type-C Heavy Duty Braided Charging Cable 2m,Electronics,1260.0,2500,3250,1850,synthetic_benchmark
Deluxe Dhokra Brass Hand-Cast Tribal Figurine,Metalwork,1130.0,3750,4250,1700,synthetic_benchmark
Handmade Brass Diya Oil Lamp Hanging,Metalwork,1400.0,4250,4800,2050,synthetic_benchmark
100W Type-C Heavy Duty Braided Charging Cable 2m,Electronics,390.0,950,1250,650,synthetic_benchmark
Premium Handmade Mango Wood Candle Stand Pair,Woodwork,540.0,1600,2000,850,synthetic_benchmark
Handmade Pure Bronze Kansa Serving Bowls Set of 2,Metalwork,970.0,2100,2350,1450,synthetic_benchmark
Handspun Cotton Table Runner with Tribal Motifs,Handloom Textile,2260.0,5500,7150,3250,synthetic_benchmark
Authentic Kanjivaram Silk Festive Saree,Handloom Textile,430.0,1250,1450,700,synthetic_benchmark
Handmade Soft Stuffed Bunny Toy Holding a Carrot,Embroidery,790.0,1700,1900,1200,synthetic_benchmark
Authentic Noise Cancelling Over-Ear Studio Headphones,Electronics,1490.0,2600,3100,2200,synthetic_benchmark
Authentic Sandalwood Carved Incense Stick Holder,Woodwork,840.0,1900,2550,1300,synthetic_benchmark
Premium Kantha Stitch Embroidered Cotton Cushion Covers Pair,Embroidery,850.0,2450,3050,1300,synthetic_benchmark
Hand-Embroidered Chikankari Cotton Kurti,Embroidery,250.0,950,1100,450,synthetic_benchmark
Handcrafted Walnut Wood Decorative Serving Tray,Woodwork,1110.0,2950,3800,1650,synthetic_benchmark
Traditional 65W GaN USB-C Fast Charger with Foldable Plug,Electronics,860.0,2000,2700,1300,synthetic_benchmark
Handwoven Cotton Chanderi Dupatta with Booti Work,Handloom Textile,1920.0,4000,4450,2800,synthetic_benchmark
Handcrafted Walnut Wood Decorative Serving Tray,Woodwork,530.0,1800,2400,850,synthetic_benchmark
Traditional Temple Jewelry Gold Plated Pendant,Jewelry,210.0,750,850,400,synthetic_benchmark
Artisan Hand-Carved Wooden Wall Panel Relief,Woodwork,290.0,900,1000,500,synthetic_benchmark
Pochampally Ikat Handwoven Saree,Handloom Textile,3350.0,8300,10250,4800,synthetic_benchmark
Handmade Crocheted Cotton Baby Blanket,Embroidery,750.0,2000,2500,1150,synthetic_benchmark
Premium Ergonomic Wireless Silent Optical Mouse,Electronics,1460.0,3450,4450,2150,synthetic_benchmark
Classic Hand-Beaten Brass Dining Platter Thali Set,Metalwork,1710.0,4650,5350,2500,synthetic_benchmark
Handmade Brass Diya Oil Lamp Hanging,Metalwork,1740.0,4100,5450,2550,synthetic_benchmark
Authentic Handmade Wooden Coaster Set of 6 with Stand,Woodwork,730.0,1950,2550,1100,synthetic_benchmark
Vintage Handwoven Cotton Chanderi Dupatta with Booti Work,Handloom Textile,1640.0,4750,5500,2400,synthetic_benchmark
Carved Sheesham Wood Elephant Figurine,Woodwork,430.0,1400,1800,700,synthetic_benchmark
Artisan Handmade Brass Pooja Bell with Peacock Handle,Metalwork,1510.0,4700,5800,2200,synthetic_benchmark
Earthen Clay Cooking Handi Pot,Pottery & Clay,280.0,1100,1450,500,synthetic_benchmark
Handcrafted Traditional Temple Jewelry Gold Plated Pendant,Jewelry,1050.0,3750,4300,1550,synthetic_benchmark
Artisan Glazed Ceramic Dining Soup Bowls Set of 4,Pottery & Clay,170.0,750,1000,350,synthetic_benchmark
Pochampally Ikat Handwoven Saree,Handloom Textile,3490.0,8050,9850,5000,synthetic_benchmark
Artisan Mirror Work Kutch Embroidered Wall Tapestry,Embroidery,310.0,950,1250,550,synthetic_benchmark
Classic Hand-Beaten Brass Dining Platter Thali Set,Metalwork,370.0,1250,1550,600,synthetic_benchmark
Pure Bronze Kansa Serving Bowls Set of 2,Metalwork,820.0,2500,3100,1250,synthetic_benchmark
Artisan Handcrafted Beaded Semi-Precious Stone Bracelet,Jewelry,330.0,1200,1400,550,synthetic_benchmark
Dhokra Brass Hand-Cast Tribal Figurine,Metalwork,600.0,1450,1750,950,synthetic_benchmark
Premium Handcrafted Beaded Semi-Precious Stone Bracelet,Jewelry,1510.0,3800,4800,2200,synthetic_benchmark
Antique Finish Pure Copper Water Bottle (1 Litre),Metalwork,530.0,1500,1650,850,synthetic_benchmark
Vintage Zardozi Work Hand-Embroidered Velvet Clutch Bag,Embroidery,190.0,600,700,350,synthetic_benchmark
Artisan Hand-Carved Wooden Wall Panel Relief,Woodwork,410.0,1000,1200,650,synthetic_benchmark
Artisan Dhokra Brass Hand-Cast Tribal Figurine,Metalwork,680.0,1500,1800,1050,synthetic_benchmark
Classic Pure Bronze Kansa Serving Bowls Set of 2,Metalwork,330.0,950,1250,550,synthetic_benchmark
Artisan Glazed Ceramic Dining Soup Bowls Set of 4,Pottery & Clay,360.0,900,1200,600,synthetic_benchmark
Deluxe USB-C to Lightning Braided Fast Sync Cable,Electronics,340.0,850,1000,600,synthetic_benchmark
Premium Handcrafted Bamboo Wood Bluetooth Wireless Speaker,Electronics,710.0,1650,2100,1100,synthetic_benchmark
Eco-Friendly Sculpted Clay Floral Vase with Rustic Finish,Pottery & Clay,220.0,800,1100,400,synthetic_benchmark
Authentic 45W Type-C Fast Charger for Ultrasharp Laptops,Electronics,1210.0,1950,2350,1800,synthetic_benchmark
Handmade Clay Coffee Mugs Set of 2,Pottery & Clay,340.0,900,1100,600,synthetic_benchmark
Cast Iron Artisan Skillet Fry Pan,Metalwork,950.0,2700,3100,1450,synthetic_benchmark
Deluxe Noise Cancelling Over-Ear Studio Headphones,Electronics,1250.0,3350,4400,1850,synthetic_benchmark
Exquisite Handcrafted Oxidised 925 Silver Tribal Choker Necklace,Jewelry,880.0,3250,4050,1350,synthetic_benchmark
Handmade Wooden Coaster Set of 6 with Stand,Woodwork,590.0,1850,2250,950,synthetic_benchmark
Organic Handloom Linen Scarf with Tassels,Handloom Textile,2720.0,7000,7700,3900,synthetic_benchmark
Authentic Mirror Work Kutch Embroidered Wall Tapestry,Embroidery,160.0,700,950,300,synthetic_benchmark
Artisan Glazed Ceramic Dining Soup Bowls Set of 4,Pottery & Clay,170.0,550,600,350,synthetic_benchmark
Handcrafted Sculpted Clay Floral Vase with Rustic Finish,Pottery & Clay,360.0,1050,1250,600,synthetic_benchmark
Terracotta Handpainted Statement Jewelry Set,Jewelry,1020.0,4100,5150,1550,synthetic_benchmark
Handmade Kundan & Pearl Jhumka Earrings,Jewelry,1190.0,2900,3800,1750,synthetic_benchmark
Classic Phulkari Hand-Embroidered Traditional Dupatta,Embroidery,320.0,1150,1400,550,synthetic_benchmark
Authentic Antique Finish Pure Copper Water Bottle (1 Litre),Metalwork,560.0,1550,1800,900,synthetic_benchmark
Vintage Artisan Hand-Carved Wooden Wall Panel Relief,Woodwork,960.0,2950,3300,1450,synthetic_benchmark
Exquisite Khadi Cotton Handloom Kurta for Men,Handloom Textile,2830.0,6550,7750,4050,synthetic_benchmark
Kantha Stitch Embroidered Cotton Cushion Covers Pair,Embroidery,950.0,2650,3250,1450,synthetic_benchmark
Handcrafted Terracotta Water Pitcher with Traditional Lid,Pottery & Clay,160.0,450,550,300,synthetic_benchmark
Artisan Ceramic Planter with Drainage Plate,Pottery & Clay,330.0,700,950,550,synthetic_benchmark
Mirror Work Kutch Embroidered Wall Tapestry,Embroidery,300.0,1100,1350,500,synthetic_benchmark
Handwoven Cotton Chanderi Dupatta with Booti Work,Handloom Textile,1720.0,5450,6200,2500,synthetic_benchmark
Custom Handmade Brass Meenakari Enamel Bangles Set,Jewelry,730.0,2500,3050,1100,synthetic_benchmark
Handmade Brass Pooja Bell with Peacock Handle,Metalwork,1500.0,3950,4900,2200,synthetic_benchmark
Handcrafted Bamboo Wood Bluetooth Wireless Speaker,Electronics,500.0,1500,1750,800,synthetic_benchmark
Handmade Clay Kulhad Chai Cups Set of 6,Pottery & Clay,340.0,800,950,600,synthetic_benchmark
Ergonomic Wireless Silent Optical Mouse,Electronics,1180.0,2450,3300,1750,synthetic_benchmark
7-in-1 Aluminium USB-C Multiport Hub Adapter,Electronics,1230.0,2950,3400,1800,synthetic_benchmark
Handmade Noise Cancelling Over-Ear Studio Headphones,Electronics,610.0,1700,1950,950,synthetic_benchmark
Handcrafted Beaded Semi-Precious Stone Bracelet,Jewelry,1260.0,3700,4600,1850,synthetic_benchmark
Handmade Traditional Temple Jewelry Gold Plated Pendant,Jewelry,1170.0,4600,5300,1750,synthetic_benchmark
Premium Traditional Jamdani Cotton Saree,Handloom Textile,2070.0,4000,4650,3000,synthetic_benchmark
Pure Bronze Kansa Serving Bowls Set of 2,Metalwork,1730.0,5000,6100,2500,synthetic_benchmark
Handcrafted Bamboo Wood Bluetooth Wireless Speaker,Electronics,280.0,1000,1150,500,synthetic_benchmark
Mirror Work Kutch Embroidered Wall Tapestry,Embroidery,420.0,1150,1500,700,synthetic_benchmark
Eco-Friendly Handmade Terracotta Decorative Wall Hanging,Pottery & Clay,160.0,700,800,300,synthetic_benchmark
Pure Bronze Kansa Serving Bowls Set of 2,Metalwork,1370.0,3050,3600,2000,synthetic_benchmark
Artisan Filigree Pure Silver Toe Rings Pair,Jewelry,1700.0,5100,5700,2500,synthetic_benchmark
Authentic USB-C to Lightning Braided Fast Sync Cable,Electronics,550.0,1100,1300,850,synthetic_benchmark
Handspun Cotton Table Runner with Tribal Motifs,Handloom Textile,670.0,2250,3000,1050,synthetic_benchmark
Zardozi Work Hand-Embroidered Velvet Clutch Bag,Embroidery,480.0,1800,2250,750,synthetic_benchmark
Premium Handmade Brass Meenakari Enamel Bangles Set,Jewelry,1080.0,3350,3850,1600,synthetic_benchmark
Eco-Friendly Handcrafted Walnut Wood Decorative Serving Tray,Woodwork,160.0,600,800,300,synthetic_benchmark
Traditional Handpainted Clay Diya Festive Set,Pottery & Clay,160.0,400,550,300,synthetic_benchmark
Vintage Hand-Stitched Patchwork Quilt Throw Blanket,Embroidery,640.0,2050,2750,1000,synthetic_benchmark
Handcrafted Beaded Semi-Precious Stone Bracelet,Jewelry,2300.0,7100,8200,3300,synthetic_benchmark
Handcrafted Terracotta Water Pitcher with Traditional Lid,Pottery & Clay,90.0,500,550,250,synthetic_benchmark
Classic Handcrafted Beaded Semi-Precious Stone Bracelet,Jewelry,210.0,600,750,400,synthetic_benchmark
Custom Intricately Carved Wooden Jewellery Box with Brass Inlay,Woodwork,1130.0,3050,3750,1700,synthetic_benchmark
Handmade 45W Type-C Fast Charger for Ultrasharp Laptops,Electronics,1450.0,3150,3700,2150,synthetic_benchmark
Handmade Brass Pooja Bell with Peacock Handle,Metalwork,460.0,1700,1950,750,synthetic_benchmark
Organic Handloom Linen Scarf with Tassels,Handloom Textile,970.0,2150,2650,1450,synthetic_benchmark
Ergonomic Wireless Silent Optical Mouse,Electronics,340.0,800,900,600,synthetic_benchmark
Artisan Filigree Pure Silver Toe Rings Pair,Jewelry,1460.0,4600,5850,2150,synthetic_benchmark
Custom Handwoven Cotton Chanderi Dupatta with Booti Work,Handloom Textile,1770.0,4000,5150,2600,synthetic_benchmark
Noise Cancelling Over-Ear Studio Headphones,Electronics,960.0,2300,2800,1450,synthetic_benchmark
Handcrafted Phulkari Hand-Embroidered Traditional Dupatta,Embroidery,300.0,800,900,500,synthetic_benchmark
Classic 7-in-1 Aluminium USB-C Multiport Hub Adapter,Electronics,1010.0,2600,3350,1500,synthetic_benchmark
Carved Sheesham Wood Elephant Figurine,Woodwork,620.0,1500,1850,950,synthetic_benchmark
Artisan Handmade Brass Pooja Bell with Peacock Handle,Metalwork,530.0,1900,2250,850,synthetic_benchmark
Authentic Intricately Carved Wooden Jewellery Box with Brass Inlay,Woodwork,150.0,700,900,300,synthetic_benchmark
Handcrafted Oxidised 925 Silver Tribal Choker Necklace,Jewelry,1860.0,5400,6300,2700,synthetic_benchmark
Handwoven Cotton Chanderi Dupatta with Booti Work,Handloom Textile,1470.0,3250,4100,2150,synthetic_benchmark
Handcrafted Handmade Clay Kulhad Chai Cups Set of 6,Pottery & Clay,220.0,800,900,400,synthetic_benchmark
100W Type-C Heavy Duty Braided Charging Cable 2m,Electronics,260.0,800,900,450,synthetic_benchmark
Handmade Mango Wood Candle Stand Pair,Woodwork,1070.0,2450,3300,1600,synthetic_benchmark
Eco-Friendly Traditional Handpainted Clay Diya Festive Set,Pottery & Clay,370.0,1100,1300,600,synthetic_benchmark
Handcrafted Terracotta Handpainted Statement Jewelry Set,Jewelry,660.0,2050,2500,1000,synthetic_benchmark
Carved Sheesham Wood Elephant Figurine,Woodwork,230.0,850,1050,400,synthetic_benchmark
Mirror Work Kutch Embroidered Wall Tapestry,Embroidery,690.0,2250,2850,1050,synthetic_benchmark
Vintage Hand-Embroidered Chikankari Cotton Kurti,Embroidery,360.0,1000,1300,600,synthetic_benchmark
Sandalwood Carved Incense Stick Holder,Woodwork,940.0,2750,3250,1400,synthetic_benchmark
Handloom Sambalpuri Silk Traditional Saree,Handloom Textile,2580.0,5100,6500,3700,synthetic_benchmark
Handmade Brass Meenakari Enamel Bangles Set,Jewelry,1690.0,6050,7900,2450,synthetic_benchmark
Handmade Soft Stuffed Bunny Toy Holding a Carrot,Embroidery,640.0,2200,2950,1000,synthetic_benchmark
Premium Handloom Pure Silk Banarasi Saree with Zari Border,Handloom Textile,790.0,2150,2650,1200,synthetic_benchmark
Terracotta Handpainted Statement Jewelry Set,Jewelry,780.0,2200,2650,1200,synthetic_benchmark
Handmade Sculpted Clay Floral Vase with Rustic Finish,Pottery & Clay,270.0,750,900,500,synthetic_benchmark
Traditional 10000mAh Magnetic Wireless Power Bank Fast Charge,Electronics,380.0,1050,1200,650,synthetic_benchmark
Premium Sandalwood Carved Incense Stick Holder,Woodwork,1160.0,2900,3350,1700,synthetic_benchmark
Handmade Brass Diya Oil Lamp Hanging,Metalwork,750.0,2150,2500,1150,synthetic_benchmark
Classic Ergonomic Wireless Silent Optical Mouse,Electronics,860.0,2350,2750,1300,synthetic_benchmark
Handcrafted Bamboo Wood Bluetooth Wireless Speaker,Electronics,410.0,1050,1400,650,synthetic_benchmark
Traditional Temple Jewelry Gold Plated Pendant,Jewelry,610.0,2550,3150,950,synthetic_benchmark
Eco-Friendly Intricately Carved Wooden Jewellery Box with Brass Inlay,Woodwork,220.0,750,1000,400,synthetic_benchmark
Mirror Work Kutch Embroidered Wall Tapestry,Embroidery,420.0,1500,1800,700,synthetic_benchmark
Hand-Embroidered Chikankari Cotton Kurti,Embroidery,400.0,1400,1650,650,synthetic_benchmark
Traditional 65W GaN USB-C Fast Charger with Foldable Plug,Electronics,420.0,1150,1300,700,synthetic_benchmark
Handcrafted Beaded Semi-Precious Stone Bracelet,Jewelry,670.0,1800,2300,1050,synthetic_benchmark
Handcrafted Bamboo Wood Bluetooth Wireless Speaker,Electronics,1470.0,2650,3200,2150,synthetic_benchmark
Noise Cancelling Over-Ear Studio Headphones,Electronics,1130.0,2300,2600,1700,synthetic_benchmark
Mirror Work Kutch Embroidered Wall Tapestry,Embroidery,810.0,2400,3200,1250,synthetic_benchmark
Handmade Pochampally Ikat Handwoven Saree,Handloom Textile,3070.0,6900,9000,4400,synthetic_benchmark
Deluxe USB-C to Lightning Braided Fast Sync Cable,Electronics,1150.0,2000,2700,1700,synthetic_benchmark
Traditional 65W GaN USB-C Fast Charger with Foldable Plug,Electronics,520.0,1450,1700,850,synthetic_benchmark
Handloom Sambalpuri Silk Traditional Saree,Handloom Textile,3430.0,9500,11700,4900,synthetic_benchmark
Artisan Handcrafted Bamboo Wood Bluetooth Wireless Speaker,Electronics,310.0,850,1050,550,synthetic_benchmark
Custom Hand-Embroidered Chikankari Cotton Kurti,Embroidery,490.0,1150,1300,800,synthetic_benchmark
Premium Artisan Filigree Pure Silver Toe Rings Pair,Jewelry,2090.0,5650,6350,3050,synthetic_benchmark
Authentic Kanjivaram Silk Festive Saree,Handloom Textile,3330.0,9500,10650,4750,synthetic_benchmark
Sculpted Clay Floral Vase with Rustic Finish,Pottery & Clay,210.0,850,950,400,synthetic_benchmark
Traditional Terracotta Handpainted Statement Jewelry Set,Jewelry,830.0,2150,2450,1250,synthetic_benchmark
Dhokra Brass Hand-Cast Tribal Figurine,Metalwork,320.0,950,1250,550,synthetic_benchmark
Eco-Friendly Handmade Crocheted Cotton Baby Blanket,Embroidery,720.0,1800,2200,1100,synthetic_benchmark
Handcrafted Walnut Wood Decorative Serving Tray,Woodwork,660.0,1900,2250,1000,synthetic_benchmark
Handcrafted Premium 60W Fast Charging Laptop Charger Power Adapter,Electronics,620.0,1150,1350,950,synthetic_benchmark
Pure Bronze Kansa Serving Bowls Set of 2,Metalwork,1630.0,3350,4450,2400,synthetic_benchmark
Deluxe Hand-Beaten Brass Dining Platter Thali Set,Metalwork,420.0,1150,1400,700,synthetic_benchmark
Handmade Clay Kulhad Chai Cups Set of 6,Pottery & Clay,100.0,500,550,250,synthetic_benchmark
Premium Handmade Teak Wood Kitchen Spatula & Spoon Set,Woodwork,350.0,1350,1600,600,synthetic_benchmark
Custom Handcrafted Oxidised 925 Silver Tribal Choker Necklace,Jewelry,420.0,1500,2000,700,synthetic_benchmark
Handmade Brass Meenakari Enamel Bangles Set,Jewelry,420.0,1700,1900,700,synthetic_benchmark
Artisan Antique Finish Pure Copper Water Bottle (1 Litre),Metalwork,960.0,2350,2950,1450,synthetic_benchmark
Handcrafted Walnut Wood Decorative Serving Tray,Woodwork,1090.0,3600,4150,1650,synthetic_benchmark
Handcrafted Beaded Semi-Precious Stone Bracelet,Jewelry,1780.0,6200,8000,2600,synthetic_benchmark
Custom Artisan Filigree Pure Silver Toe Rings Pair,Jewelry,600.0,1700,1900,950,synthetic_benchmark
Traditional Temple Jewelry Gold Plated Pendant,Jewelry,870.0,1950,2350,1300,synthetic_benchmark
Authentic Artisan Filigree Pure Silver Toe Rings Pair,Jewelry,1150.0,4200,4800,1700,synthetic_benchmark
7-in-1 Aluminium USB-C Multiport Hub Adapter,Electronics,960.0,1650,2050,1450,synthetic_benchmark
Vintage Artisan Filigree Pure Silver Toe Rings Pair,Jewelry,580.0,1800,2000,900,synthetic_benchmark
Exquisite Pochampally Ikat Handwoven Saree,Handloom Textile,2040.0,4450,5300,2950,synthetic_benchmark
Handmade Brass Pooja Bell with Peacock Handle,Metalwork,1030.0,2150,2700,1550,synthetic_benchmark
45W Type-C Fast Charger for Ultrasharp Laptops,Electronics,640.0,1400,1650,1000,synthetic_benchmark
Exquisite Khadi Cotton Handloom Kurta for Men,Handloom Textile,1530.0,4800,5650,2250,synthetic_benchmark
Artisan Filigree Pure Silver Toe Rings Pair,Jewelry,1230.0,3550,4200,1800,synthetic_benchmark
Dhokra Brass Hand-Cast Tribal Figurine,Metalwork,1220.0,3600,4250,1800,synthetic_benchmark
Hand-Stitched Patchwork Quilt Throw Blanket,Embroidery,860.0,2200,2850,1300,synthetic_benchmark
Terracotta Handpainted Statement Jewelry Set,Jewelry,1070.0,4200,4800,1600,synthetic_benchmark
Traditional Dhokra Brass Hand-Cast Tribal Figurine,Metalwork,1710.0,4600,5550,2500,synthetic_benchmark
Eco-Friendly Traditional Handpainted Clay Diya Festive Set,Pottery & Clay,230.0,750,1000,400,synthetic_benchmark
Intricately Carved Wooden Jewellery Box with Brass Inlay,Woodwork,1170.0,2650,3050,1750,synthetic_benchmark
Handmade Terracotta Decorative Wall Hanging,Pottery & Clay,350.0,850,1100,600,synthetic_benchmark
Traditional Temple Jewelry Gold Plated Pendant,Jewelry,1370.0,3200,3850,2000,synthetic_benchmark
Handcrafted Bamboo Wood Bluetooth Wireless Speaker,Electronics,300.0,950,1100,500,synthetic_benchmark
Custom Artisan Hand-Carved Wooden Wall Panel Relief,Woodwork,1170.0,3350,3900,1750,synthetic_benchmark
USB-C to Lightning Braided Fast Sync Cable,Electronics,1180.0,2400,2900,1750,synthetic_benchmark
Handmade Brass Diya Oil Lamp Hanging,Metalwork,930.0,2050,2300,1400,synthetic_benchmark
Handwoven Cotton Chanderi Dupatta with Booti Work,Handloom Textile,2640.0,6250,8100,3800,synthetic_benchmark
Intricately Carved Wooden Jewellery Box with Brass Inlay,Woodwork,790.0,1950,2600,1200,synthetic_benchmark
Artisan Pochampally Ikat Handwoven Saree,Handloom Textile,570.0,2100,2800,900,synthetic_benchmark
Handcrafted Artisan Glazed Ceramic Dining Soup Bowls Set of 4,Pottery & Clay,330.0,1150,1450,550,synthetic_benchmark
Handmade Brass Meenakari Enamel Bangles Set,Jewelry,1580.0,3550,4400,2300,synthetic_benchmark
Hand-Embroidered Chikankari Cotton Kurti,Embroidery,690.0,2000,2450,1050,synthetic_benchmark
10000mAh Magnetic Wireless Power Bank Fast Charge,Electronics,460.0,1500,2000,750,synthetic_benchmark
Handcrafted Oxidised 925 Silver Tribal Choker Necklace,Jewelry,2320.0,6450,8400,3350,synthetic_benchmark
Vintage Hand-Embroidered Chikankari Cotton Kurti,Embroidery,450.0,1150,1500,750,synthetic_benchmark
Handcrafted Walnut Wood Decorative Serving Tray,Woodwork,800.0,2100,2350,1200,synthetic_benchmark
Intricately Carved Wooden Jewellery Box with Brass Inlay,Woodwork,860.0,2800,3150,1300,synthetic_benchmark
Handcrafted Handloom Pure Silk Banarasi Saree with Zari Border,Handloom Textile,580.0,1650,2200,900,synthetic_benchmark
Handcrafted Bamboo Wood Bluetooth Wireless Speaker,Electronics,1430.0,3500,4500,2100,synthetic_benchmark
Cast Iron Artisan Skillet Fry Pan,Metalwork,830.0,2400,2900,1250,synthetic_benchmark
Khadi Cotton Handloom Kurta for Men,Handloom Textile,1480.0,4000,5400,2150,synthetic_benchmark
Hand-Embroidered Chikankari Cotton Kurti,Embroidery,740.0,1750,2000,1150,synthetic_benchmark
Handcrafted Artisan Filigree Pure Silver Toe Rings Pair,Jewelry,1180.0,3850,4750,1750,synthetic_benchmark
Pure Bronze Kansa Serving Bowls Set of 2,Metalwork,650.0,2100,2350,1000,synthetic_benchmark
Handmade Teak Wood Kitchen Spatula & Spoon Set,Woodwork,600.0,1650,2150,950,synthetic_benchmark
Handmade Crocheted Cotton Baby Blanket,Embroidery,930.0,2050,2350,1400,synthetic_benchmark
Noise Cancelling Over-Ear Studio Headphones,Electronics,420.0,1200,1500,700,synthetic_benchmark
Vintage Traditional Temple Jewelry Gold Plated Pendant,Jewelry,930.0,3800,4450,1400,synthetic_benchmark
Eco-Friendly Pure Bronze Kansa Serving Bowls Set of 2,Metalwork,1210.0,3200,3750,1800,synthetic_benchmark
Handmade Brass Pooja Bell with Peacock Handle,Metalwork,1470.0,4200,5150,2150,synthetic_benchmark
Intricately Carved Wooden Jewellery Box with Brass Inlay,Woodwork,970.0,2900,3400,1450,synthetic_benchmark
Mirror Work Kutch Embroidered Wall Tapestry,Embroidery,640.0,1300,1600,1000,synthetic_benchmark
Vintage Sandalwood Carved Incense Stick Holder,Woodwork,510.0,1450,1750,800,synthetic_benchmark
Antique Finish Pure Copper Water Bottle (1 Litre),Metalwork,500.0,1200,1500,800,synthetic_benchmark
Handmade Wooden Coaster Set of 6 with Stand,Woodwork,530.0,2050,2450,850,synthetic_benchmark
Intricately Carved Wooden Jewellery Box with Brass Inlay,Woodwork,990.0,3700,4300,1500,synthetic_benchmark
Artisan Ceramic Planter with Drainage Plate,Pottery & Clay,260.0,750,900,450,synthetic_benchmark
Handmade Brass Diya Oil Lamp Hanging,Metalwork,850.0,2150,2500,1300,synthetic_benchmark
Sculpted Clay Floral Vase with Rustic Finish,Pottery & Clay,120.0,650,850,250,synthetic_benchmark
Handmade Brass Diya Oil Lamp Hanging,Metalwork,1750.0,4150,5150,2550,synthetic_benchmark
Handcrafted Walnut Wood Decorative Serving Tray,Woodwork,1050.0,3400,4500,1550,synthetic_benchmark
Organic Handloom Linen Scarf with Tassels,Handloom Textile,2130.0,4500,5000,3100,synthetic_benchmark
Handmade Clay Kulhad Chai Cups Set of 6,Pottery & Clay,140.0,700,900,300,synthetic_benchmark
Handcrafted Terracotta Water Pitcher with Traditional Lid,Pottery & Clay,160.0,550,650,300,synthetic_benchmark
Handwoven Woolen Kashmiri Pashmina Shawl,Handloom Textile,2310.0,7050,9350,3350,synthetic_benchmark
Premium Handmade Mango Wood Candle Stand Pair,Woodwork,1160.0,3750,4350,1700,synthetic_benchmark
Sculpted Clay Floral Vase with Rustic Finish,Pottery & Clay,50.0,400,450,150,synthetic_benchmark
Antique Finish Pure Copper Water Bottle (1 Litre),Metalwork,1340.0,3000,3550,2000,synthetic_benchmark
Noise Cancelling Over-Ear Studio Headphones,Electronics,1400.0,3250,3900,2050,synthetic_benchmark
Handcrafted Walnut Wood Decorative Serving Tray,Woodwork,990.0,2700,3200,1500,synthetic_benchmark
Classic Antique Finish Pure Copper Water Bottle (1 Litre),Metalwork,850.0,2000,2700,1300,synthetic_benchmark
Phulkari Hand-Embroidered Traditional Dupatta,Embroidery,850.0,2600,3150,1300,synthetic_benchmark
Artisan Hand-Carved Wooden Wall Panel Relief,Woodwork,630.0,1650,2050,1000,synthetic_benchmark
Exquisite Handcrafted Beaded Semi-Precious Stone Bracelet,Jewelry,740.0,3150,4200,1150,synthetic_benchmark
Authentic Carved Sheesham Wood Elephant Figurine,Woodwork,670.0,1800,2400,1050,synthetic_benchmark
Handmade Soft Stuffed Bunny Toy Holding a Carrot,Embroidery,280.0,1000,1300,500,synthetic_benchmark
Eco-Friendly 7-in-1 Aluminium USB-C Multiport Hub Adapter,Electronics,1290.0,2850,3600,1900,synthetic_benchmark
Hand-Beaten Brass Dining Platter Thali Set,Metalwork,310.0,1150,1300,550,synthetic_benchmark
Sculpted Clay Floral Vase with Rustic Finish,Pottery & Clay,80.0,550,750,200,synthetic_benchmark
Sandalwood Carved Incense Stick Holder,Woodwork,440.0,1050,1200,700,synthetic_benchmark
Handmade Brass Diya Oil Lamp Hanging,Metalwork,920.0,2600,3400,1400,synthetic_benchmark
Earthen Clay Cooking Handi Pot,Pottery & Clay,370.0,750,850,600,synthetic_benchmark
Exquisite Handcrafted Walnut Wood Decorative Serving Tray,Woodwork,280.0,950,1050,500,synthetic_benchmark
Kantha Stitch Embroidered Cotton Cushion Covers Pair,Embroidery,960.0,2150,2550,1450,synthetic_benchmark
Authentic Traditional Temple Jewelry Gold Plated Pendant,Jewelry,730.0,2950,3650,1100,synthetic_benchmark
Handmade Kundan & Pearl Jhumka Earrings,Jewelry,570.0,1550,1850,900,synthetic_benchmark
Artisan Ceramic Planter with Drainage Plate,Pottery & Clay,310.0,750,850,550,synthetic_benchmark
Handmade Wooden Coaster Set of 6 with Stand,Woodwork,530.0,1950,2400,850,synthetic_benchmark
Sandalwood Carved Incense Stick Holder,Woodwork,1040.0,3500,4300,1550,synthetic_benchmark
Handcrafted Pure Bronze Kansa Serving Bowls Set of 2,Metalwork,520.0,1400,1550,850,synthetic_benchmark
Traditional Artisan Hand-Carved Wooden Wall Panel Relief,Woodwork,790.0,2200,2800,1200,synthetic_benchmark
Earthen Clay Cooking Handi Pot,Pottery & Clay,320.0,850,950,550,synthetic_benchmark
65W GaN USB-C Fast Charger with Foldable Plug,Electronics,1440.0,3050,3600,2100,synthetic_benchmark
Hand-Embroidered Chikankari Cotton Kurti,Embroidery,400.0,1400,1600,650,synthetic_benchmark
Deluxe Hand-Beaten Brass Dining Platter Thali Set,Metalwork,1300.0,3850,4850,1900,synthetic_benchmark
Handwoven Woolen Kashmiri Pashmina Shawl,Handloom Textile,390.0,1200,1450,650,synthetic_benchmark
Deluxe Handmade Brass Diya Oil Lamp Hanging,Metalwork,1040.0,3150,4000,1550,synthetic_benchmark
Handmade Clay Kulhad Chai Cups Set of 6,Pottery & Clay,290.0,800,1050,500,synthetic_benchmark
Eco-Friendly Premium 60W Fast Charging Laptop Charger Power Adapter,Electronics,400.0,1100,1250,650,synthetic_benchmark
Handcrafted Sculpted Clay Floral Vase with Rustic Finish,Pottery & Clay,130.0,550,650,300,synthetic_benchmark
Classic Handcrafted Beaded Semi-Precious Stone Bracelet,Jewelry,1150.0,4300,4850,1700,synthetic_benchmark
Handcrafted Bamboo Wood Bluetooth Wireless Speaker,Electronics,560.0,1700,2050,900,synthetic_benchmark
Eco-Friendly Dhokra Brass Hand-Cast Tribal Figurine,Metalwork,770.0,2500,2750,1200,synthetic_benchmark
Exquisite Handmade Kundan & Pearl Jhumka Earrings,Jewelry,1130.0,4350,5850,1700,synthetic_benchmark
Handmade Brass Diya Oil Lamp Hanging,Metalwork,1100.0,2500,3100,1650,synthetic_benchmark
Exquisite 100W Type-C Heavy Duty Braided Charging Cable 2m,Electronics,890.0,2300,2950,1350,synthetic_benchmark
Hand-Beaten Brass Dining Platter Thali Set,Metalwork,1330.0,2950,3350,1950,synthetic_benchmark
Handcrafted Terracotta Handpainted Statement Jewelry Set,Jewelry,2010.0,4700,5750,2900,synthetic_benchmark
Traditional Jamdani Cotton Saree,Handloom Textile,920.0,2400,3050,1400,synthetic_benchmark
Handcrafted Walnut Wood Decorative Serving Tray,Woodwork,200.0,550,700,400,synthetic_benchmark
Exquisite Hand-Embroidered Chikankari Cotton Kurti,Embroidery,660.0,1600,2050,1000,synthetic_benchmark
Vintage 45W Type-C Fast Charger for Ultrasharp Laptops,Electronics,910.0,1750,2350,1350,synthetic_benchmark
Eco-Friendly USB-C to Lightning Braided Fast Sync Cable,Electronics,730.0,1500,1700,1100,synthetic_benchmark
Hand-Stitched Patchwork Quilt Throw Blanket,Embroidery,370.0,1450,1750,600,synthetic_benchmark
Handmade Teak Wood Kitchen Spatula & Spoon Set,Woodwork,910.0,2500,2900,1350,synthetic_benchmark
Artisan Ceramic Planter with Drainage Plate,Pottery & Clay,250.0,800,1000,450,synthetic_benchmark
Authentic Terracotta Handpainted Statement Jewelry Set,Jewelry,860.0,2750,3350,1300,synthetic_benchmark
Handcrafted Beaded Semi-Precious Stone Bracelet,Jewelry,980.0,3350,4250,1450,synthetic_benchmark
Eco-Friendly Handcrafted Bamboo Wood Bluetooth Wireless Speaker,Electronics,520.0,1200,1450,850,synthetic_benchmark
Handmade Brass Pooja Bell with Peacock Handle,Metalwork,530.0,1600,2100,850,synthetic_benchmark
Carved Sheesham Wood Elephant Figurine,Woodwork,880.0,2500,3200,1350,synthetic_benchmark
Classic Ergonomic Wireless Silent Optical Mouse,Electronics,1220.0,1900,2400,1800,synthetic_benchmark
Noise Cancelling Over-Ear Studio Headphones,Electronics,1090.0,2400,3100,1650,synthetic_benchmark
Sandalwood Carved Incense Stick Holder,Woodwork,1190.0,3500,4600,1750,synthetic_benchmark
Artisan Glazed Ceramic Dining Soup Bowls Set of 4,Pottery & Clay,360.0,1050,1300,600,synthetic_benchmark
Artisan Organic Handloom Linen Scarf with Tassels,Handloom Textile,3070.0,8800,10900,4400,synthetic_benchmark
Handmade Teak Wood Kitchen Spatula & Spoon Set,Woodwork,290.0,1200,1350,500,synthetic_benchmark
Terracotta Handpainted Statement Jewelry Set,Jewelry,520.0,2400,3150,850,synthetic_benchmark
Custom Carved Sheesham Wood Elephant Figurine,Woodwork,440.0,1700,2000,700,synthetic_benchmark
Handmade Mango Wood Candle Stand Pair,Woodwork,390.0,1000,1350,650,synthetic_benchmark
Vintage Intricately Carved Wooden Jewellery Box with Brass Inlay,Woodwork,890.0,2150,2550,1350,synthetic_benchmark
Handcrafted Authentic Kanjivaram Silk Festive Saree,Handloom Textile,2840.0,6850,8850,4100,synthetic_benchmark
Handcrafted Bamboo Wood Bluetooth Wireless Speaker,Electronics,650.0,1300,1450,1000,synthetic_benchmark
Carved Sheesham Wood Elephant Figurine,Woodwork,680.0,2150,2550,1050,synthetic_benchmark
Handmade Terracotta Decorative Wall Hanging,Pottery & Clay,390.0,1000,1200,650,synthetic_benchmark
Classic Handmade Brass Meenakari Enamel Bangles Set,Jewelry,1770.0,6100,7050,2600,synthetic_benchmark
Handmade Wooden Coaster Set of 6 with Stand,Woodwork,700.0,2450,2900,1100,synthetic_benchmark
Zardozi Work Hand-Embroidered Velvet Clutch Bag,Embroidery,840.0,2300,2950,1300,synthetic_benchmark
Handmade Mango Wood Candle Stand Pair,Woodwork,310.0,1100,1250,550,synthetic_benchmark
Intricately Carved Wooden Jewellery Box with Brass Inlay,Woodwork,790.0,2800,3750,1200,synthetic_benchmark
Earthen Clay Cooking Handi Pot,Pottery & Clay,260.0,600,750,450,synthetic_benchmark
Mirror Work Kutch Embroidered Wall Tapestry,Embroidery,720.0,2300,3000,1100,synthetic_benchmark
65W GaN USB-C Fast Charger with Foldable Plug,Electronics,890.0,1950,2550,1350,synthetic_benchmark
Mirror Work Kutch Embroidered Wall Tapestry,Embroidery,580.0,1900,2150,900,synthetic_benchmark
Traditional Mirror Work Kutch Embroidered Wall Tapestry,Embroidery,280.0,1100,1250,500,synthetic_benchmark
Handmade Soft Stuffed Bunny Toy Holding a Carrot,Embroidery,450.0,1000,1200,750,synthetic_benchmark
Vintage Handloom Pure Silk Banarasi Saree with Zari Border,Handloom Textile,2830.0,8800,10350,4050,synthetic_benchmark
Pochampally Ikat Handwoven Saree,Handloom Textile,2270.0,7450,8450,3300,synthetic_benchmark
Noise Cancelling Over-Ear Studio Headphones,Electronics,1340.0,3000,4000,2000,synthetic_benchmark
Handmade Clay Kulhad Chai Cups Set of 6,Pottery & Clay,270.0,850,1000,500,synthetic_benchmark
Dhokra Brass Hand-Cast Tribal Figurine,Metalwork,570.0,1800,2150,900,synthetic_benchmark
Classic Artisan Ceramic Planter with Drainage Plate,Pottery & Clay,300.0,950,1150,500,synthetic_benchmark
Handmade Crocheted Cotton Baby Blanket,Embroidery,700.0,1700,2000,1100,synthetic_benchmark
Dhokra Brass Hand-Cast Tribal Figurine,Metalwork,320.0,1000,1300,550,synthetic_benchmark
Cast Iron Artisan Skillet Fry Pan,Metalwork,1220.0,3400,4550,1800,synthetic_benchmark
Handloom Pure Silk Banarasi Saree with Zari Border,Handloom Textile,1780.0,3600,4500,2600,synthetic_benchmark
Organic Handloom Linen Scarf with Tassels,Handloom Textile,3120.0,8300,9500,4450,synthetic_benchmark
Handloom Pure Silk Banarasi Saree with Zari Border,Handloom Textile,1390.0,3200,3800,2050,synthetic_benchmark
Zardozi Work Hand-Embroidered Velvet Clutch Bag,Embroidery,180.0,700,850,350,synthetic_benchmark
Handwoven Woolen Kashmiri Pashmina Shawl,Handloom Textile,1870.0,3600,4050,2700,synthetic_benchmark
Handspun Cotton Table Runner with Tribal Motifs,Handloom Textile,1510.0,4250,5350,2200,synthetic_benchmark
Handmade Terracotta Decorative Wall Hanging,Pottery & Clay,210.0,450,500,400,synthetic_benchmark
Eco-Friendly Hand-Beaten Brass Dining Platter Thali Set,Metalwork,1100.0,3700,4900,1650,synthetic_benchmark
Eco-Friendly Mirror Work Kutch Embroidered Wall Tapestry,Embroidery,570.0,1850,2100,900,synthetic_benchmark
Artisan Ceramic Planter with Drainage Plate,Pottery & Clay,370.0,1300,1600,600,synthetic_benchmark
Cast Iron Artisan Skillet Fry Pan,Metalwork,470.0,1450,1900,750,synthetic_benchmark
Handcrafted Handloom Sambalpuri Silk Traditional Saree,Handloom Textile,1310.0,2750,3400,1950,synthetic_benchmark
Handcrafted Handmade Clay Coffee Mugs Set of 2,Pottery & Clay,60.0,250,300,200,synthetic_benchmark
Handmade Brass Pooja Bell with Peacock Handle,Metalwork,330.0,1250,1650,550,synthetic_benchmark
Handmade Traditional Temple Jewelry Gold Plated Pendant,Jewelry,760.0,3250,4050,1150,synthetic_benchmark
Handmade Mango Wood Candle Stand Pair,Woodwork,900.0,2400,3150,1350,synthetic_benchmark
Handcrafted Beaded Semi-Precious Stone Bracelet,Jewelry,390.0,1150,1450,650,synthetic_benchmark
Handcrafted Oxidised 925 Silver Tribal Choker Necklace,Jewelry,2480.0,5800,6950,3550,synthetic_benchmark
Pure Bronze Kansa Serving Bowls Set of 2,Metalwork,1460.0,2850,3700,2150,synthetic_benchmark
Handmade Teak Wood Kitchen Spatula & Spoon Set,Woodwork,1090.0,2350,3000,1650,synthetic_benchmark
Exquisite 65W GaN USB-C Fast Charger with Foldable Plug,Electronics,1070.0,2000,2450,1600,synthetic_benchmark
Handcrafted Walnut Wood Decorative Serving Tray,Woodwork,1170.0,2900,3700,1750,synthetic_benchmark
Dhokra Brass Hand-Cast Tribal Figurine,Metalwork,1540.0,3250,3600,2250,synthetic_benchmark
7-in-1 Aluminium USB-C Multiport Hub Adapter,Electronics,430.0,1200,1500,700,synthetic_benchmark
Exquisite Earthen Clay Cooking Handi Pot,Pottery & Clay,120.0,400,500,250,synthetic_benchmark
Traditional Temple Jewelry Gold Plated Pendant,Jewelry,950.0,3300,3950,1450,synthetic_benchmark
Handcrafted Terracotta Handpainted Statement Jewelry Set,Jewelry,1240.0,2950,3600,1850,synthetic_benchmark
Eco-Friendly Ergonomic Wireless Silent Optical Mouse,Electronics,990.0,1650,2150,1500,synthetic_benchmark
Handmade Teak Wood Kitchen Spatula & Spoon Set,Woodwork,620.0,1650,2050,950,synthetic_benchmark
Exquisite Handmade Wooden Coaster Set of 6 with Stand,Woodwork,280.0,1000,1350,500,synthetic_benchmark
Handcrafted Beaded Semi-Precious Stone Bracelet,Jewelry,430.0,1150,1500,700,synthetic_benchmark
Handmade Teak Wood Kitchen Spatula & Spoon Set,Woodwork,970.0,2550,3200,1450,synthetic_benchmark
Artisan Hand-Beaten Brass Dining Platter Thali Set,Metalwork,690.0,2100,2450,1050,synthetic_benchmark
10000mAh Magnetic Wireless Power Bank Fast Charge,Electronics,1110.0,1950,2350,1650,synthetic_benchmark
Authentic Pure Bronze Kansa Serving Bowls Set of 2,Metalwork,690.0,2300,2850,1050,synthetic_benchmark
Hand-Embroidered Chikankari Cotton Kurti,Embroidery,220.0,900,1100,400,synthetic_benchmark
Handcrafted Zardozi Work Hand-Embroidered Velvet Clutch Bag,Embroidery,360.0,1250,1500,600,synthetic_benchmark
Vintage Handmade Terracotta Decorative Wall Hanging,Pottery & Clay,250.0,900,1000,450,synthetic_benchmark
Phulkari Hand-Embroidered Traditional Dupatta,Embroidery,630.0,2200,2950,1000,synthetic_benchmark
Handcrafted Walnut Wood Decorative Serving Tray,Woodwork,500.0,1550,1950,800,synthetic_benchmark
Artisan Glazed Ceramic Dining Soup Bowls Set of 4,Pottery & Clay,330.0,1050,1250,550,synthetic_benchmark
Authentic Noise Cancelling Over-Ear Studio Headphones,Electronics,1240.0,3250,3850,1850,synthetic_benchmark
Handloom Pure Silk Banarasi Saree with Zari Border,Handloom Textile,2470.0,6100,7050,3550,synthetic_benchmark
Authentic Handwoven Woolen Kashmiri Pashmina Shawl,Handloom Textile,3370.0,8600,10000,4800,synthetic_benchmark
Vintage Handmade Mango Wood Candle Stand Pair,Woodwork,290.0,1000,1350,500,synthetic_benchmark
Handcrafted Oxidised 925 Silver Tribal Choker Necklace,Jewelry,1580.0,5350,6850,2300,synthetic_benchmark
Custom Handmade Brass Meenakari Enamel Bangles Set,Jewelry,610.0,2150,2600,950,synthetic_benchmark
Exquisite Mirror Work Kutch Embroidered Wall Tapestry,Embroidery,450.0,1600,2050,750,synthetic_benchmark
Traditional Jamdani Cotton Saree,Handloom Textile,1360.0,4100,5450,2000,synthetic_benchmark
Traditional Handpainted Clay Diya Festive Set,Pottery & Clay,80.0,500,650,200,synthetic_benchmark
Handcrafted Walnut Wood Decorative Serving Tray,Woodwork,400.0,1550,1900,650,synthetic_benchmark
10000mAh Magnetic Wireless Power Bank Fast Charge,Electronics,870.0,1850,2450,1300,synthetic_benchmark
Deluxe Ergonomic Wireless Silent Optical Mouse,Electronics,780.0,1650,1850,1200,synthetic_benchmark
Artisan Hand-Carved Wooden Wall Panel Relief,Woodwork,390.0,1400,1650,650,synthetic_benchmark
Handmade Crocheted Cotton Baby Blanket,Embroidery,440.0,1350,1600,700,synthetic_benchmark
Traditional Cast Iron Artisan Skillet Fry Pan,Metalwork,1070.0,3200,4000,1600,synthetic_benchmark
10000mAh Magnetic Wireless Power Bank Fast Charge,Electronics,760.0,1700,2250,1150,synthetic_benchmark
Handmade Brass Meenakari Enamel Bangles Set,Jewelry,1550.0,3800,5100,2250,synthetic_benchmark
Premium Noise Cancelling Over-Ear Studio Headphones,Electronics,580.0,1300,1600,900,synthetic_benchmark
Cast Iron Artisan Skillet Fry Pan,Metalwork,1330.0,2850,3750,1950,synthetic_benchmark
Authentic Artisan Glazed Ceramic Dining Soup Bowls Set of 4,Pottery & Clay,180.0,500,650,350,synthetic_benchmark
Carved Sheesham Wood Elephant Figurine,Woodwork,310.0,1050,1200,550,synthetic_benchmark
Handmade Hand-Embroidered Chikankari Cotton Kurti,Embroidery,520.0,1750,2000,850,synthetic_benchmark
Exquisite Handloom Pure Silk Banarasi Saree with Zari Border,Handloom Textile,3020.0,8500,9700,4350,synthetic_benchmark
Handcrafted Oxidised 925 Silver Tribal Choker Necklace,Jewelry,2040.0,6950,7700,2950,synthetic_benchmark
Handmade Mango Wood Candle Stand Pair,Woodwork,880.0,2650,3200,1350,synthetic_benchmark
Authentic Zardozi Work Hand-Embroidered Velvet Clutch Bag,Embroidery,970.0,2700,3600,1450,synthetic_benchmark
Eco-Friendly Hand-Embroidered Chikankari Cotton Kurti,Embroidery,360.0,1050,1300,600,synthetic_benchmark
Khadi Cotton Handloom Kurta for Men,Handloom Textile,1360.0,2750,3650,2000,synthetic_benchmark
Premium Pochampally Ikat Handwoven Saree,Handloom Textile,1690.0,4950,6200,2450,synthetic_benchmark
Vintage Handwoven Cotton Chanderi Dupatta with Booti Work,Handloom Textile,2330.0,7750,8950,3350,synthetic_benchmark
Khadi Cotton Handloom Kurta for Men,Handloom Textile,3430.0,8700,10500,4900,synthetic_benchmark
Handcrafted Antique Finish Pure Copper Water Bottle (1 Litre),Metalwork,1700.0,4300,4950,2500,synthetic_benchmark
Handcrafted Earthen Clay Cooking Handi Pot,Pottery & Clay,250.0,650,750,450,synthetic_benchmark
Custom Mirror Work Kutch Embroidered Wall Tapestry,Embroidery,970.0,2100,2500,1450,synthetic_benchmark
Intricately Carved Wooden Jewellery Box with Brass Inlay,Woodwork,580.0,2100,2750,900,synthetic_benchmark
Artisan Handmade Crocheted Cotton Baby Blanket,Embroidery,900.0,3100,4050,1350,synthetic_benchmark
Handcrafted Oxidised 925 Silver Tribal Choker Necklace,Jewelry,1240.0,3250,4350,1850,synthetic_benchmark
Zardozi Work Hand-Embroidered Velvet Clutch Bag,Embroidery,390.0,1000,1300,650,synthetic_benchmark
Premium Handmade Brass Diya Oil Lamp Hanging,Metalwork,730.0,2300,2700,1100,synthetic_benchmark
Hand-Embroidered Chikankari Cotton Kurti,Embroidery,930.0,3050,3750,1400,synthetic_benchmark
Vintage Handmade Teak Wood Kitchen Spatula & Spoon Set,Woodwork,340.0,1100,1500,600,synthetic_benchmark
Handmade Teak Wood Kitchen Spatula & Spoon Set,Woodwork,1000.0,3350,4300,1500,synthetic_benchmark
Intricately Carved Wooden Jewellery Box with Brass Inlay,Woodwork,940.0,3450,4500,1400,synthetic_benchmark
Exquisite Handcrafted Walnut Wood Decorative Serving Tray,Woodwork,850.0,2350,2800,1300,synthetic_benchmark
Handcrafted Walnut Wood Decorative Serving Tray,Woodwork,910.0,2800,3200,1350,synthetic_benchmark
65W GaN USB-C Fast Charger with Foldable Plug,Electronics,550.0,1400,1650,850,synthetic_benchmark
Handmade Brass Pooja Bell with Peacock Handle,Metalwork,680.0,2050,2550,1050,synthetic_benchmark
Handmade Teak Wood Kitchen Spatula & Spoon Set,Woodwork,640.0,2250,2550,1000,synthetic_benchmark
Handspun Cotton Table Runner with Tribal Motifs,Handloom Textile,1200.0,3750,4700,1800,synthetic_benchmark
Handmade Artisan Filigree Pure Silver Toe Rings Pair,Jewelry,860.0,2800,3500,1300,synthetic_benchmark
Artisan 100W Type-C Heavy Duty Braided Charging Cable 2m,Electronics,1190.0,2200,2850,1750,synthetic_benchmark
Handcrafted Mirror Work Kutch Embroidered Wall Tapestry,Embroidery,390.0,1100,1350,650,synthetic_benchmark
Pure Bronze Kansa Serving Bowls Set of 2,Metalwork,1420.0,3350,3950,2100,synthetic_benchmark
Hand-Stitched Patchwork Quilt Throw Blanket,Embroidery,750.0,2000,2250,1150,synthetic_benchmark
Carved Sheesham Wood Elephant Figurine,Woodwork,220.0,800,950,400,synthetic_benchmark
Custom Authentic Kanjivaram Silk Festive Saree,Handloom Textile,2010.0,5800,7500,2900,synthetic_benchmark
Handmade Soft Stuffed Bunny Toy Holding a Carrot,Embroidery,720.0,2400,3000,1100,synthetic_benchmark
Exquisite Khadi Cotton Handloom Kurta for Men,Handloom Textile,2300.0,4900,5400,3300,synthetic_benchmark
Traditional 7-in-1 Aluminium USB-C Multiport Hub Adapter,Electronics,660.0,1500,2000,1000,synthetic_benchmark
Handmade Mango Wood Candle Stand Pair,Woodwork,190.0,800,1000,350,synthetic_benchmark
Handcrafted Oxidised 925 Silver Tribal Choker Necklace,Jewelry,1280.0,3700,4650,1900,synthetic_benchmark
Custom Pochampally Ikat Handwoven Saree,Handloom Textile,490.0,1700,1950,800,synthetic_benchmark
Handmade Mango Wood Candle Stand Pair,Woodwork,240.0,1000,1200,450,synthetic_benchmark
Handmade Brass Pooja Bell with Peacock Handle,Metalwork,1430.0,4350,5000,2100,synthetic_benchmark
Handmade Crocheted Cotton Baby Blanket,Embroidery,340.0,1400,1600,600,synthetic_benchmark
Earthen Clay Cooking Handi Pot,Pottery & Clay,280.0,900,1150,500,synthetic_benchmark
Deluxe 45W Type-C Fast Charger for Ultrasharp Laptops,Electronics,330.0,850,1050,550,synthetic_benchmark
Khadi Cotton Handloom Kurta for Men,Handloom Textile,1110.0,3050,3750,1650,synthetic_benchmark
Eco-Friendly Handmade Mango Wood Candle Stand Pair,Woodwork,390.0,1400,1800,650,synthetic_benchmark
Zardozi Work Hand-Embroidered Velvet Clutch Bag,Embroidery,520.0,1550,1850,850,synthetic_benchmark
Handcrafted Terracotta Handpainted Statement Jewelry Set,Jewelry,2130.0,5500,7050,3100,synthetic_benchmark
Hand-Stitched Patchwork Quilt Throw Blanket,Embroidery,660.0,2200,2500,1000,synthetic_benchmark
Artisan Filigree Pure Silver Toe Rings Pair,Jewelry,1470.0,4650,6200,2150,synthetic_benchmark
Custom Handmade Crocheted Cotton Baby Blanket,Embroidery,730.0,1700,2250,1100,synthetic_benchmark
Exquisite Antique Finish Pure Copper Water Bottle (1 Litre),Metalwork,650.0,2100,2500,1000,synthetic_benchmark
Vintage Hand-Stitched Patchwork Quilt Throw Blanket,Embroidery,630.0,1800,2200,1000,synthetic_benchmark
Handmade Brass Pooja Bell with Peacock Handle,Metalwork,800.0,2050,2350,1200,synthetic_benchmark
Handcrafted Beaded Semi-Precious Stone Bracelet,Jewelry,520.0,1550,1700,850,synthetic_benchmark
Handmade Brass Pooja Bell with Peacock Handle,Metalwork,320.0,1050,1400,550,synthetic_benchmark
Handcrafted Oxidised 925 Silver Tribal Choker Necklace,Jewelry,260.0,850,1000,450,synthetic_benchmark
Handmade Pochampally Ikat Handwoven Saree,Handloom Textile,2870.0,9100,10350,4100,synthetic_benchmark
Handmade Teak Wood Kitchen Spatula & Spoon Set,Woodwork,760.0,2500,3100,1150,synthetic_benchmark
Handcrafted Handmade Wooden Coaster Set of 6 with Stand,Woodwork,660.0,2700,3250,1000,synthetic_benchmark
Handmade Brass Diya Oil Lamp Hanging,Metalwork,370.0,1100,1350,600,synthetic_benchmark
Ergonomic Wireless Silent Optical Mouse,Electronics,930.0,1500,1750,1400,synthetic_benchmark
Handcrafted Hand-Embroidered Chikankari Cotton Kurti,Embroidery,400.0,1150,1550,650,synthetic_benchmark
100W Type-C Heavy Duty Braided Charging Cable 2m,Electronics,1340.0,2500,3250,2000,synthetic_benchmark
Mirror Work Kutch Embroidered Wall Tapestry,Embroidery,650.0,1500,1900,1000,synthetic_benchmark
Hand-Stitched Patchwork Quilt Throw Blanket,Embroidery,640.0,1800,2100,1000,synthetic_benchmark
Exquisite Sculpted Clay Floral Vase with Rustic Finish,Pottery & Clay,90.0,500,650,250,synthetic_benchmark
Handmade Mango Wood Candle Stand Pair,Woodwork,930.0,2400,2850,1400,synthetic_benchmark
Hand-Stitched Patchwork Quilt Throw Blanket,Embroidery,450.0,1350,1550,750,synthetic_benchmark
Handmade Brass Diya Oil Lamp Hanging,Metalwork,1420.0,4000,5150,2100,synthetic_benchmark
Vintage Handmade Clay Coffee Mugs Set of 2,Pottery & Clay,270.0,850,1150,500,synthetic_benchmark
Handmade Clay Coffee Mugs Set of 2,Pottery & Clay,370.0,950,1200,600,synthetic_benchmark
Premium 60W Fast Charging Laptop Charger Power Adapter,Electronics,370.0,900,1050,600,synthetic_benchmark
Handcrafted Walnut Wood Decorative Serving Tray,Woodwork,920.0,2300,2850,1400,synthetic_benchmark
Phulkari Hand-Embroidered Traditional Dupatta,Embroidery,390.0,1150,1450,650,synthetic_benchmark
Artisan Hand-Carved Wooden Wall Panel Relief,Woodwork,410.0,1550,1800,650,synthetic_benchmark
Artisan Handmade Soft Stuffed Bunny Toy Holding a Carrot,Embroidery,280.0,950,1200,500,synthetic_benchmark
Handmade Brass Meenakari Enamel Bangles Set,Jewelry,1340.0,3100,3650,2000,synthetic_benchmark
Vintage Handcrafted Terracotta Water Pitcher with Traditional Lid,Pottery & Clay,240.0,950,1100,450,synthetic_benchmark
Handmade Brass Meenakari Enamel Bangles Set,Jewelry,550.0,1750,2050,850,synthetic_benchmark
Handmade Kundan & Pearl Jhumka Earrings,Jewelry,1990.0,5200,6050,2900,synthetic_benchmark
Pure Bronze Kansa Serving Bowls Set of 2,Metalwork,290.0,950,1100,500,synthetic_benchmark
Phulkari Hand-Embroidered Traditional Dupatta,Embroidery,630.0,1500,1750,1000,synthetic_benchmark
Handcrafted Handmade Wooden Coaster Set of 6 with Stand,Woodwork,580.0,1400,1850,900,synthetic_benchmark
45W Type-C Fast Charger for Ultrasharp Laptops,Electronics,1170.0,2400,2750,1750,synthetic_benchmark
Handmade Brass Diya Oil Lamp Hanging,Metalwork,1790.0,3750,4950,2600,synthetic_benchmark
Classic Organic Handloom Linen Scarf with Tassels,Handloom Textile,2780.0,8200,9950,4000,synthetic_benchmark
Handcrafted Khadi Cotton Handloom Kurta for Men,Handloom Textile,900.0,2650,3000,1350,synthetic_benchmark
Artisan Ceramic Planter with Drainage Plate,Pottery & Clay,90.0,350,450,250,synthetic_benchmark
Carved Sheesham Wood Elephant Figurine,Woodwork,590.0,1850,2500,950,synthetic_benchmark
Mirror Work Kutch Embroidered Wall Tapestry,Embroidery,510.0,1500,1850,800,synthetic_benchmark
Classic Handcrafted Beaded Semi-Precious Stone Bracelet,Jewelry,2200.0,7600,9450,3200,synthetic_benchmark
Custom Handloom Sambalpuri Silk Traditional Saree,Handloom Textile,2140.0,6100,7650,3100,synthetic_benchmark
Traditional Handmade Wooden Coaster Set of 6 with Stand,Woodwork,350.0,1500,2000,600,synthetic_benchmark
Hand-Stitched Patchwork Quilt Throw Blanket,Embroidery,740.0,2350,3050,1150,synthetic_benchmark
Khadi Cotton Handloom Kurta for Men,Handloom Textile,1700.0,3950,5000,2500,synthetic_benchmark
Handmade Handloom Sambalpuri Silk Traditional Saree,Handloom Textile,3140.0,8350,9800,4500,synthetic_benchmark
Handcrafted Sculpted Clay Floral Vase with Rustic Finish,Pottery & Clay,160.0,650,800,300,synthetic_benchmark
Authentic Terracotta Handpainted Statement Jewelry Set,Jewelry,380.0,1150,1550,650,synthetic_benchmark
Sandalwood Carved Incense Stick Holder,Woodwork,170.0,700,900,350,synthetic_benchmark
Handmade Teak Wood Kitchen Spatula & Spoon Set,Woodwork,460.0,1700,2050,750,synthetic_benchmark
Exquisite Noise Cancelling Over-Ear Studio Headphones,Electronics,420.0,750,950,700,synthetic_benchmark
Handmade Soft Stuffed Bunny Toy Holding a Carrot,Embroidery,990.0,2250,2800,1500,synthetic_benchmark
Premium Handwoven Woolen Kashmiri Pashmina Shawl,Handloom Textile,430.0,1250,1550,700,synthetic_benchmark
7-in-1 Aluminium USB-C Multiport Hub Adapter,Electronics,400.0,1200,1400,650,synthetic_benchmark
Traditional USB-C to Lightning Braided Fast Sync Cable,Electronics,560.0,1500,1650,900,synthetic_benchmark
Traditional Handcrafted Walnut Wood Decorative Serving Tray,Woodwork,320.0,1200,1450,550,synthetic_benchmark
Premium Handmade Crocheted Cotton Baby Blanket,Embroidery,200.0,850,1050,400,synthetic_benchmark
7-in-1 Aluminium USB-C Multiport Hub Adapter,Electronics,930.0,1950,2350,1400,synthetic_benchmark
Pure Bronze Kansa Serving Bowls Set of 2,Metalwork,320.0,950,1250,550,synthetic_benchmark
Noise Cancelling Over-Ear Studio Headphones,Electronics,1230.0,3100,4100,1800,synthetic_benchmark
Authentic Artisan Ceramic Planter with Drainage Plate,Pottery & Clay,120.0,500,650,250,synthetic_benchmark
Carved Sheesham Wood Elephant Figurine,Woodwork,870.0,2550,3350,1300,synthetic_benchmark
Handmade Brass Diya Oil Lamp Hanging,Metalwork,1700.0,3400,4550,2500,synthetic_benchmark
Artisan Hand-Carved Wooden Wall Panel Relief,Woodwork,280.0,800,1000,500,synthetic_benchmark
Exquisite Hand-Stitched Patchwork Quilt Throw Blanket,Embroidery,970.0,3150,3850,1450,synthetic_benchmark
Mirror Work Kutch Embroidered Wall Tapestry,Embroidery,770.0,2350,3100,1200,synthetic_benchmark
Eco-Friendly Khadi Cotton Handloom Kurta for Men,Handloom Textile,1070.0,3000,3950,1600,synthetic_benchmark
Handspun Cotton Table Runner with Tribal Motifs,Handloom Textile,730.0,2300,2550,1100,synthetic_benchmark
Noise Cancelling Over-Ear Studio Headphones,Electronics,950.0,1900,2450,1450,synthetic_benchmark
Handmade Teak Wood Kitchen Spatula & Spoon Set,Woodwork,590.0,1950,2400,950,synthetic_benchmark
Intricately Carved Wooden Jewellery Box with Brass Inlay,Woodwork,660.0,1700,2150,1000,synthetic_benchmark
45W Type-C Fast Charger for Ultrasharp Laptops,Electronics,480.0,900,1100,750,synthetic_benchmark
Mirror Work Kutch Embroidered Wall Tapestry,Embroidery,850.0,2000,2600,1300,synthetic_benchmark
Handmade Handcrafted Beaded Semi-Precious Stone Bracelet,Jewelry,1860.0,6900,8000,2700,synthetic_benchmark
Hand-Embroidered Chikankari Cotton Kurti,Embroidery,960.0,3000,3750,1450,synthetic_benchmark
Traditional Jamdani Cotton Saree,Handloom Textile,880.0,2050,2750,1350,synthetic_benchmark
Exquisite Handmade Teak Wood Kitchen Spatula & Spoon Set,Woodwork,260.0,750,950,450,synthetic_benchmark
Handmade Cast Iron Artisan Skillet Fry Pan,Metalwork,620.0,2000,2400,950,synthetic_benchmark
Deluxe Kantha Stitch Embroidered Cotton Cushion Covers Pair,Embroidery,450.0,1250,1650,750,synthetic_benchmark
Deluxe Handmade Teak Wood Kitchen Spatula & Spoon Set,Woodwork,1010.0,3600,4100,1500,synthetic_benchmark
Premium 60W Fast Charging Laptop Charger Power Adapter,Electronics,920.0,1950,2400,1400,synthetic_benchmark
Handloom Sambalpuri Silk Traditional Saree,Handloom Textile,1550.0,4600,5950,2250,synthetic_benchmark
Pure Bronze Kansa Serving Bowls Set of 2,Metalwork,500.0,1750,1950,800,synthetic_benchmark
Eco-Friendly Authentic Kanjivaram Silk Festive Saree,Handloom Textile,3470.0,9500,12100,4950,synthetic_benchmark
Exquisite Artisan Hand-Carved Wooden Wall Panel Relief,Woodwork,540.0,1900,2300,850,synthetic_benchmark
Classic Sandalwood Carved Incense Stick Holder,Woodwork,900.0,3200,3750,1350,synthetic_benchmark
Ergonomic Wireless Silent Optical Mouse,Electronics,890.0,1450,1850,1350,synthetic_benchmark
Handspun Cotton Table Runner with Tribal Motifs,Handloom Textile,1290.0,2750,3350,1900,synthetic_benchmark
Handmade Soft Stuffed Bunny Toy Holding a Carrot,Embroidery,460.0,1500,1850,750,synthetic_benchmark
10000mAh Magnetic Wireless Power Bank Fast Charge,Electronics,780.0,2200,2950,1200,synthetic_benchmark
Sculpted Clay Floral Vase with Rustic Finish,Pottery & Clay,280.0,750,850,500,synthetic_benchmark
Hand-Beaten Brass Dining Platter Thali Set,Metalwork,400.0,1150,1500,650,synthetic_benchmark
Exquisite Handmade Clay Kulhad Chai Cups Set of 6,Pottery & Clay,110.0,450,600,250,synthetic_benchmark
7-in-1 Aluminium USB-C Multiport Hub Adapter,Electronics,1460.0,3500,4300,2150,synthetic_benchmark
Hand-Beaten Brass Dining Platter Thali Set,Metalwork,330.0,950,1200,550,synthetic_benchmark
Eco-Friendly Handmade Brass Meenakari Enamel Bangles Set,Jewelry,260.0,850,1050,450,synthetic_benchmark
45W Type-C Fast Charger for Ultrasharp Laptops,Electronics,1320.0,2500,2950,1950,synthetic_benchmark
Hand-Stitched Patchwork Quilt Throw Blanket,Embroidery,800.0,2500,3050,1200,synthetic_benchmark
Handcrafted Bamboo Wood Bluetooth Wireless Speaker,Electronics,1040.0,2750,3700,1550,synthetic_benchmark
Eco-Friendly Hand-Beaten Brass Dining Platter Thali Set,Metalwork,1510.0,3750,4850,2200,synthetic_benchmark
Traditional Jamdani Cotton Saree,Handloom Textile,540.0,1500,2000,850,synthetic_benchmark
Handcrafted Hand-Beaten Brass Dining Platter Thali Set,Metalwork,1230.0,3300,4200,1800,synthetic_benchmark
Classic USB-C to Lightning Braided Fast Sync Cable,Electronics,750.0,1700,1900,1150,synthetic_benchmark
Premium 45W Type-C Fast Charger for Ultrasharp Laptops,Electronics,250.0,650,750,450,synthetic_benchmark
Artisan Glazed Ceramic Dining Soup Bowls Set of 4,Pottery & Clay,140.0,400,450,300,synthetic_benchmark
Exquisite Hand-Embroidered Chikankari Cotton Kurti,Embroidery,760.0,2050,2650,1150,synthetic_benchmark
Organic Handloom Linen Scarf with Tassels,Handloom Textile,1800.0,5800,7200,2600,synthetic_benchmark
Handmade Brass Diya Oil Lamp Hanging,Metalwork,710.0,2100,2650,1100,synthetic_benchmark
Handspun Cotton Table Runner with Tribal Motifs,Handloom Textile,1450.0,4700,5900,2150,synthetic_benchmark
Exquisite Antique Finish Pure Copper Water Bottle (1 Litre),Metalwork,770.0,2050,2300,1200,synthetic_benchmark
Traditional Handmade Brass Diya Oil Lamp Hanging,Metalwork,1090.0,2950,3850,1650,synthetic_benchmark
Traditional Handpainted Clay Diya Festive Set,Pottery & Clay,220.0,700,800,400,synthetic_benchmark
Traditional Handwoven Woolen Kashmiri Pashmina Shawl,Handloom Textile,1520.0,3250,3950,2250,synthetic_benchmark
Authentic Hand-Beaten Brass Dining Platter Thali Set,Metalwork,1360.0,4250,5600,2000,synthetic_benchmark
Handmade Kundan & Pearl Jhumka Earrings,Jewelry,360.0,1300,1650,600,synthetic_benchmark
Handcrafted Oxidised 925 Silver Tribal Choker Necklace,Jewelry,2270.0,6000,7100,3300,synthetic_benchmark
Custom Earthen Clay Cooking Handi Pot,Pottery & Clay,190.0,750,1000,350,synthetic_benchmark
Premium Traditional Temple Jewelry Gold Plated Pendant,Jewelry,2470.0,8500,11400,3550,synthetic_benchmark
100W Type-C Heavy Duty Braided Charging Cable 2m,Electronics,1160.0,3200,4150,1700,synthetic_benchmark
Traditional Temple Jewelry Gold Plated Pendant,Jewelry,510.0,1700,2100,800,synthetic_benchmark
Earthen Clay Cooking Handi Pot,Pottery & Clay,290.0,900,1100,500,synthetic_benchmark
Terracotta Handpainted Statement Jewelry Set,Jewelry,280.0,1150,1350,500,synthetic_benchmark
Sculpted Clay Floral Vase with Rustic Finish,Pottery & Clay,130.0,350,400,300,synthetic_benchmark
7-in-1 Aluminium USB-C Multiport Hub Adapter,Electronics,1120.0,2250,2700,1650,synthetic_benchmark
Phulkari Hand-Embroidered Traditional Dupatta,Embroidery,370.0,1250,1600,600,synthetic_benchmark
Handcrafted Beaded Semi-Precious Stone Bracelet,Jewelry,850.0,2200,2800,1300,synthetic_benchmark
Cast Iron Artisan Skillet Fry Pan,Metalwork,1260.0,3100,3600,1850,synthetic_benchmark
Authentic Mirror Work Kutch Embroidered Wall Tapestry,Embroidery,820.0,1850,2450,1250,synthetic_benchmark
10000mAh Magnetic Wireless Power Bank Fast Charge,Electronics,1480.0,3150,3750,2150,synthetic_benchmark
Handmade Wooden Coaster Set of 6 with Stand,Woodwork,930.0,3200,4200,1400,synthetic_benchmark
Exquisite Premium 60W Fast Charging Laptop Charger Power Adapter,Electronics,980.0,2750,3700,1450,synthetic_benchmark
100W Type-C Heavy Duty Braided Charging Cable 2m,Electronics,1140.0,2850,3400,1700,synthetic_benchmark
Sandalwood Carved Incense Stick Holder,Woodwork,620.0,2100,2400,950,synthetic_benchmark
Handwoven Cotton Chanderi Dupatta with Booti Work,Handloom Textile,2730.0,7750,8850,3900,synthetic_benchmark
Handcrafted Terracotta Water Pitcher with Traditional Lid,Pottery & Clay,180.0,550,750,350,synthetic_benchmark
Handmade Terracotta Decorative Wall Hanging,Pottery & Clay,140.0,600,750,300,synthetic_benchmark
7-in-1 Aluminium USB-C Multiport Hub Adapter,Electronics,340.0,1050,1200,600,synthetic_benchmark
Traditional Handpainted Clay Diya Festive Set,Pottery & Clay,290.0,850,1050,500,synthetic_benchmark
Eco-Friendly Artisan Glazed Ceramic Dining Soup Bowls Set of 4,Pottery & Clay,180.0,750,1000,350,synthetic_benchmark
Traditional Jamdani Cotton Saree,Handloom Textile,2670.0,7800,10350,3850,synthetic_benchmark
Mirror Work Kutch Embroidered Wall Tapestry,Embroidery,250.0,850,1000,450,synthetic_benchmark
Eco-Friendly Artisan Hand-Carved Wooden Wall Panel Relief,Woodwork,900.0,2500,2900,1350,synthetic_benchmark
Deluxe Antique Finish Pure Copper Water Bottle (1 Litre),Metalwork,1400.0,4200,5200,2050,synthetic_benchmark
Artisan Hand-Carved Wooden Wall Panel Relief,Woodwork,220.0,650,850,400,synthetic_benchmark
Earthen Clay Cooking Handi Pot,Pottery & Clay,230.0,650,750,400,synthetic_benchmark
Handmade Clay Kulhad Chai Cups Set of 6,Pottery & Clay,340.0,1050,1250,600,synthetic_benchmark
USB-C to Lightning Braided Fast Sync Cable,Electronics,500.0,1500,1750,800,synthetic_benchmark
Handwoven Woolen Kashmiri Pashmina Shawl,Handloom Textile,1240.0,2650,3400,1850,synthetic_benchmark
Traditional 10000mAh Magnetic Wireless Power Bank Fast Charge,Electronics,1170.0,2500,3350,1750,synthetic_benchmark
Custom Handmade Kundan & Pearl Jhumka Earrings,Jewelry,1300.0,4050,5450,1900,synthetic_benchmark
Premium 60W Fast Charging Laptop Charger Power Adapter,Electronics,1080.0,2100,2400,1600,synthetic_benchmark
10000mAh Magnetic Wireless Power Bank Fast Charge,Electronics,1390.0,2300,2750,2050,synthetic_benchmark
Exquisite Phulkari Hand-Embroidered Traditional Dupatta,Embroidery,530.0,1700,2000,850,synthetic_benchmark
Kantha Stitch Embroidered Cotton Cushion Covers Pair,Embroidery,340.0,950,1150,600,synthetic_benchmark
Handmade Brass Meenakari Enamel Bangles Set,Jewelry,1500.0,5250,7000,2200,synthetic_benchmark
Traditional Phulkari Hand-Embroidered Traditional Dupatta,Embroidery,840.0,2750,3150,1300,synthetic_benchmark
Handcrafted Beaded Semi-Precious Stone Bracelet,Jewelry,1050.0,2800,3150,1550,synthetic_benchmark
Traditional Jamdani Cotton Saree,Handloom Textile,2920.0,5950,6600,4200,synthetic_benchmark
Handmade Crocheted Cotton Baby Blanket,Embroidery,610.0,1500,1850,950,synthetic_benchmark
Handcrafted Walnut Wood Decorative Serving Tray,Woodwork,440.0,1300,1650,700,synthetic_benchmark
Custom Pure Bronze Kansa Serving Bowls Set of 2,Metalwork,630.0,1750,2250,1000,synthetic_benchmark
Carved Sheesham Wood Elephant Figurine,Woodwork,250.0,1000,1200,450,synthetic_benchmark
Artisan Filigree Pure Silver Toe Rings Pair,Jewelry,820.0,3100,3550,1250,synthetic_benchmark
Classic Handmade Brass Diya Oil Lamp Hanging,Metalwork,570.0,1350,1700,900,synthetic_benchmark
Handmade Teak Wood Kitchen Spatula & Spoon Set,Woodwork,320.0,1250,1650,550,synthetic_benchmark
Traditional Handpainted Clay Diya Festive Set,Pottery & Clay,190.0,700,850,350,synthetic_benchmark
Earthen Clay Cooking Handi Pot,Pottery & Clay,300.0,900,1050,500,synthetic_benchmark
Handmade Crocheted Cotton Baby Blanket,Embroidery,970.0,2550,3250,1450,synthetic_benchmark
Eco-Friendly Handwoven Cotton Chanderi Dupatta with Booti Work,Handloom Textile,3460.0,7850,9500,4950,synthetic_benchmark
Carved Sheesham Wood Elephant Figurine,Woodwork,810.0,2800,3350,1250,synthetic_benchmark
Authentic Pochampally Ikat Handwoven Saree,Handloom Textile,2750.0,8750,11400,3950,synthetic_benchmark
100W Type-C Heavy Duty Braided Charging Cable 2m,Electronics,410.0,1050,1300,650,synthetic_benchmark
Artisan Hand-Carved Wooden Wall Panel Relief,Woodwork,570.0,1900,2150,900,synthetic_benchmark
Exquisite Artisan Glazed Ceramic Dining Soup Bowls Set of 4,Pottery & Clay,390.0,1100,1400,650,synthetic_benchmark
Deluxe Handcrafted Beaded Semi-Precious Stone Bracelet,Jewelry,1640.0,5050,6500,2400,synthetic_benchmark
Handmade Mango Wood Candle Stand Pair,Woodwork,730.0,2500,3100,1100,synthetic_benchmark
Exquisite Handmade Kundan & Pearl Jhumka Earrings,Jewelry,790.0,2750,3150,1200,synthetic_benchmark
Premium Handcrafted Terracotta Water Pitcher with Traditional Lid,Pottery & Clay,140.0,600,700,300,synthetic_benchmark
Handcrafted Terracotta Water Pitcher with Traditional Lid,Pottery & Clay,310.0,800,950,550,synthetic_benchmark
Deluxe Handmade Brass Pooja Bell with Peacock Handle,Metalwork,780.0,2400,2850,1200,synthetic_benchmark
Handmade Brass Pooja Bell with Peacock Handle,Metalwork,250.0,1000,1100,450,synthetic_benchmark
Handmade Clay Coffee Mugs Set of 2,Pottery & Clay,210.0,550,650,400,synthetic_benchmark
Handcrafted Terracotta Water Pitcher with Traditional Lid,Pottery & Clay,380.0,1100,1250,650,synthetic_benchmark
Handmade Kundan & Pearl Jhumka Earrings,Jewelry,2100.0,8400,10550,3050,synthetic_benchmark
Handmade Kundan & Pearl Jhumka Earrings,Jewelry,510.0,1950,2300,800,synthetic_benchmark
Cast Iron Artisan Skillet Fry Pan,Metalwork,1430.0,3800,5100,2100,synthetic_benchmark
Traditional Earthen Clay Cooking Handi Pot,Pottery & Clay,270.0,900,1100,500,synthetic_benchmark
7-in-1 Aluminium USB-C Multiport Hub Adapter,Electronics,1080.0,2600,3350,1600,synthetic_benchmark
Zardozi Work Hand-Embroidered Velvet Clutch Bag,Embroidery,730.0,1700,2150,1100,synthetic_benchmark
Exquisite Handspun Cotton Table Runner with Tribal Motifs,Handloom Textile,1090.0,2950,3550,1650,synthetic_benchmark
Earthen Clay Cooking Handi Pot,Pottery & Clay,100.0,400,500,250,synthetic_benchmark
Classic 7-in-1 Aluminium USB-C Multiport Hub Adapter,Electronics,1120.0,2250,3000,1650,synthetic_benchmark
Handcrafted Oxidised 925 Silver Tribal Choker Necklace,Jewelry,240.0,1000,1350,450,synthetic_benchmark
Deluxe Cast Iron Artisan Skillet Fry Pan,Metalwork,960.0,2100,2550,1450,synthetic_benchmark
Sandalwood Carved Incense Stick Holder,Woodwork,1150.0,3950,4650,1700,synthetic_benchmark
Traditional Handpainted Clay Diya Festive Set,Pottery & Clay,310.0,1000,1150,550,synthetic_benchmark
Dhokra Brass Hand-Cast Tribal Figurine,Metalwork,770.0,2300,3100,1200,synthetic_benchmark
Exquisite Handmade Terracotta Decorative Wall Hanging,Pottery & Clay,330.0,1000,1200,550,synthetic_benchmark
Vintage Handcrafted Beaded Semi-Precious Stone Bracelet,Jewelry,700.0,2750,3450,1100,synthetic_benchmark
Handcrafted Oxidised 925 Silver Tribal Choker Necklace,Jewelry,1060.0,4250,5600,1600,synthetic_benchmark
Vintage Dhokra Brass Hand-Cast Tribal Figurine,Metalwork,900.0,2450,3000,1350,synthetic_benchmark
Mirror Work Kutch Embroidered Wall Tapestry,Embroidery,310.0,1000,1150,550,synthetic_benchmark
Premium Pure Bronze Kansa Serving Bowls Set of 2,Metalwork,1090.0,2850,3600,1650,synthetic_benchmark
Classic USB-C to Lightning Braided Fast Sync Cable,Electronics,350.0,750,950,600,synthetic_benchmark
Handmade Authentic Kanjivaram Silk Festive Saree,Handloom Textile,2310.0,4600,5100,3350,synthetic_benchmark
Handmade Kundan & Pearl Jhumka Earrings,Jewelry,750.0,2800,3200,1150,synthetic_benchmark
Deluxe Handcrafted Bamboo Wood Bluetooth Wireless Speaker,Electronics,1010.0,2200,2450,1500,synthetic_benchmark
Cast Iron Artisan Skillet Fry Pan,Metalwork,510.0,1100,1450,800,synthetic_benchmark
Traditional Khadi Cotton Handloom Kurta for Men,Handloom Textile,2640.0,6450,8050,3800,synthetic_benchmark
Sandalwood Carved Incense Stick Holder,Woodwork,630.0,1750,2250,1000,synthetic_benchmark
Premium Antique Finish Pure Copper Water Bottle (1 Litre),Metalwork,830.0,2250,2900,1250,synthetic_benchmark
Mirror Work Kutch Embroidered Wall Tapestry,Embroidery,290.0,1000,1250,500,synthetic_benchmark
Zardozi Work Hand-Embroidered Velvet Clutch Bag,Embroidery,440.0,1100,1250,700,synthetic_benchmark
Premium Handwoven Cotton Chanderi Dupatta with Booti Work,Handloom Textile,550.0,1700,2050,850,synthetic_benchmark
Custom 45W Type-C Fast Charger for Ultrasharp Laptops,Electronics,1150.0,3000,3700,1700,synthetic_benchmark
Traditional Handmade Soft Stuffed Bunny Toy Holding a Carrot,Embroidery,290.0,850,1000,500,synthetic_benchmark
Earthen Clay Cooking Handi Pot,Pottery & Clay,280.0,750,900,500,synthetic_benchmark
Noise Cancelling Over-Ear Studio Headphones,Electronics,740.0,1850,2100,1150,synthetic_benchmark
Exquisite Handwoven Cotton Chanderi Dupatta with Booti Work,Handloom Textile,360.0,1000,1250,600,synthetic_benchmark
Handmade Kundan & Pearl Jhumka Earrings,Jewelry,1650.0,5300,6750,2400,synthetic_benchmark
Exquisite Handcrafted Bamboo Wood Bluetooth Wireless Speaker,Electronics,840.0,1500,2000,1300,synthetic_benchmark
Premium Pure Bronze Kansa Serving Bowls Set of 2,Metalwork,1030.0,3150,3550,1550,synthetic_benchmark
Handcrafted Walnut Wood Decorative Serving Tray,Woodwork,1040.0,2650,3150,1550,synthetic_benchmark
Eco-Friendly Artisan Filigree Pure Silver Toe Rings Pair,Jewelry,630.0,2150,2550,1000,synthetic_benchmark
Terracotta Handpainted Statement Jewelry Set,Jewelry,1430.0,4000,4650,2100,synthetic_benchmark
Handcrafted Beaded Semi-Precious Stone Bracelet,Jewelry,350.0,1350,1500,600,synthetic_benchmark
Handmade Soft Stuffed Bunny Toy Holding a Carrot,Embroidery,830.0,2350,2950,1250,synthetic_benchmark
Handmade 65W GaN USB-C Fast Charger with Foldable Plug,Electronics,510.0,1200,1550,800,synthetic_benchmark
Premium Handmade Teak Wood Kitchen Spatula & Spoon Set,Woodwork,1050.0,2650,3250,1550,synthetic_benchmark
100W Type-C Heavy Duty Braided Charging Cable 2m,Electronics,700.0,1700,1900,1100,synthetic_benchmark
Authentic Handcrafted Terracotta Water Pitcher with Traditional Lid,Pottery & Clay,60.0,500,600,200,synthetic_benchmark
Mirror Work Kutch Embroidered Wall Tapestry,Embroidery,350.0,1200,1400,600,synthetic_benchmark
Handcrafted Terracotta Water Pitcher with Traditional Lid,Pottery & Clay,400.0,1050,1300,650,synthetic_benchmark
Pure Bronze Kansa Serving Bowls Set of 2,Metalwork,650.0,2100,2700,1000,synthetic_benchmark
Handcrafted Antique Finish Pure Copper Water Bottle (1 Litre),Metalwork,1090.0,2550,3150,1650,synthetic_benchmark
Antique Finish Pure Copper Water Bottle (1 Litre),Metalwork,1690.0,4050,4950,2450,synthetic_benchmark
Handmade Brass Meenakari Enamel Bangles Set,Jewelry,1650.0,6500,8450,2400,synthetic_benchmark
Pochampally Ikat Handwoven Saree,Handloom Textile,2000.0,4500,5050,2900,synthetic_benchmark
Traditional Handmade Brass Diya Oil Lamp Hanging,Metalwork,810.0,1850,2450,1250,synthetic_benchmark
Custom Artisan Filigree Pure Silver Toe Rings Pair,Jewelry,850.0,3200,3650,1300,synthetic_benchmark
Handwoven Woolen Kashmiri Pashmina Shawl,Handloom Textile,1990.0,4400,5050,2900,synthetic_benchmark
Handwoven Cotton Chanderi Dupatta with Booti Work,Handloom Textile,2540.0,5550,6850,3650,synthetic_benchmark
Vintage Cast Iron Artisan Skillet Fry Pan,Metalwork,440.0,1250,1450,700,synthetic_benchmark
Artisan Handmade Clay Coffee Mugs Set of 2,Pottery & Clay,60.0,450,500,200,synthetic_benchmark
Vintage Handmade Terracotta Decorative Wall Hanging,Pottery & Clay,150.0,450,500,300,synthetic_benchmark
Traditional Temple Jewelry Gold Plated Pendant,Jewelry,2450.0,8500,11400,3550,synthetic_benchmark
Handmade Kundan & Pearl Jhumka Earrings,Jewelry,330.0,1350,1550,550,synthetic_benchmark
Handwoven Cotton Chanderi Dupatta with Booti Work,Handloom Textile,720.0,2250,3000,1100,synthetic_benchmark
Traditional Jamdani Cotton Saree,Handloom Textile,1610.0,3750,4300,2350,synthetic_benchmark
Authentic Handloom Pure Silk Banarasi Saree with Zari Border,Handloom Textile,1460.0,4650,6250,2150,synthetic_benchmark
Pure Bronze Kansa Serving Bowls Set of 2,Metalwork,610.0,1650,1950,950,synthetic_benchmark
Handmade Teak Wood Kitchen Spatula & Spoon Set,Woodwork,290.0,1100,1250,500,synthetic_benchmark
Classic Ergonomic Wireless Silent Optical Mouse,Electronics,1180.0,3000,3700,1750,synthetic_benchmark
Handmade Crocheted Cotton Baby Blanket,Embroidery,190.0,550,700,350,synthetic_benchmark
Handmade Brass Pooja Bell with Peacock Handle,Metalwork,350.0,950,1100,600,synthetic_benchmark
Deluxe 45W Type-C Fast Charger for Ultrasharp Laptops,Electronics,1070.0,2800,3450,1600,synthetic_benchmark
Deluxe Sandalwood Carved Incense Stick Holder,Woodwork,170.0,700,850,350,synthetic_benchmark
Traditional Jamdani Cotton Saree,Handloom Textile,660.0,2300,2950,1000,synthetic_benchmark
Traditional Antique Finish Pure Copper Water Bottle (1 Litre),Metalwork,1520.0,2950,3900,2250,synthetic_benchmark
Handmade Brass Meenakari Enamel Bangles Set,Jewelry,1620.0,4050,4800,2350,synthetic_benchmark
Traditional Handcrafted Oxidised 925 Silver Tribal Choker Necklace,Jewelry,1800.0,6500,8350,2600,synthetic_benchmark
Handmade Crocheted Cotton Baby Blanket,Embroidery,500.0,2000,2400,800,synthetic_benchmark
Antique Finish Pure Copper Water Bottle (1 Litre),Metalwork,990.0,2200,2650,1500,synthetic_benchmark
Artisan Hand-Stitched Patchwork Quilt Throw Blanket,Embroidery,630.0,2200,2800,1000,synthetic_benchmark
Classic Artisan Glazed Ceramic Dining Soup Bowls Set of 4,Pottery & Clay,270.0,900,1100,500,synthetic_benchmark
Terracotta Handpainted Statement Jewelry Set,Jewelry,930.0,2650,3450,1400,synthetic_benchmark
Handcrafted Oxidised 925 Silver Tribal Choker Necklace,Jewelry,1750.0,5400,7150,2550,synthetic_benchmark
Traditional Dhokra Brass Hand-Cast Tribal Figurine,Metalwork,440.0,1200,1550,700,synthetic_benchmark
Handcrafted Bamboo Wood Bluetooth Wireless Speaker,Electronics,1450.0,2850,3550,2150,synthetic_benchmark
Eco-Friendly Kantha Stitch Embroidered Cotton Cushion Covers Pair,Embroidery,680.0,2150,2750,1050,synthetic_benchmark
Eco-Friendly Handcrafted Terracotta Water Pitcher with Traditional Lid,Pottery & Clay,180.0,650,800,350,synthetic_benchmark
Antique Finish Pure Copper Water Bottle (1 Litre),Metalwork,1710.0,3500,4700,2500,synthetic_benchmark
Handcrafted Oxidised 925 Silver Tribal Choker Necklace,Jewelry,530.0,2050,2400,850,synthetic_benchmark
100W Type-C Heavy Duty Braided Charging Cable 2m,Electronics,1260.0,2450,2800,1850,synthetic_benchmark
Intricately Carved Wooden Jewellery Box with Brass Inlay,Woodwork,320.0,800,1050,550,synthetic_benchmark
Artisan Ceramic Planter with Drainage Plate,Pottery & Clay,180.0,600,750,350,synthetic_benchmark
Artisan Filigree Pure Silver Toe Rings Pair,Jewelry,1430.0,3100,3550,2100,synthetic_benchmark
Handmade Clay Coffee Mugs Set of 2,Pottery & Clay,210.0,700,800,400,synthetic_benchmark
Handmade Crocheted Cotton Baby Blanket,Embroidery,730.0,2050,2600,1100,synthetic_benchmark
Handloom Pure Silk Banarasi Saree with Zari Border,Handloom Textile,1310.0,4400,5650,1950,synthetic_benchmark
Handcrafted Hand-Beaten Brass Dining Platter Thali Set,Metalwork,1110.0,3400,4550,1650,synthetic_benchmark
Hand-Beaten Brass Dining Platter Thali Set,Metalwork,1490.0,4000,5400,2200,synthetic_benchmark
Zardozi Work Hand-Embroidered Velvet Clutch Bag,Embroidery,530.0,1650,1850,850,synthetic_benchmark
Handmade Artisan Glazed Ceramic Dining Soup Bowls Set of 4,Pottery & Clay,160.0,750,950,300,synthetic_benchmark
Handmade Clay Kulhad Chai Cups Set of 6,Pottery & Clay,400.0,1100,1250,650,synthetic_benchmark
Handmade Brass Diya Oil Lamp Hanging,Metalwork,490.0,1500,1950,800,synthetic_benchmark
Eco-Friendly Handmade Teak Wood Kitchen Spatula & Spoon Set,Woodwork,1170.0,3200,3800,1750,synthetic_benchmark
Pure Bronze Kansa Serving Bowls Set of 2,Metalwork,450.0,1200,1550,750,synthetic_benchmark
Handcrafted Beaded Semi-Precious Stone Bracelet,Jewelry,1370.0,5150,6750,2000,synthetic_benchmark
Traditional Handcrafted Beaded Semi-Precious Stone Bracelet,Jewelry,620.0,1850,2300,950,synthetic_benchmark
Eco-Friendly Noise Cancelling Over-Ear Studio Headphones,Electronics,1130.0,2750,3100,1700,synthetic_benchmark
Premium Sandalwood Carved Incense Stick Holder,Woodwork,1000.0,2650,3550,1500,synthetic_benchmark
Mirror Work Kutch Embroidered Wall Tapestry,Embroidery,340.0,1000,1200,600,synthetic_benchmark
Exquisite Noise Cancelling Over-Ear Studio Headphones,Electronics,1260.0,3100,3800,1850,synthetic_benchmark
Exquisite Artisan Hand-Carved Wooden Wall Panel Relief,Woodwork,310.0,1050,1250,550,synthetic_benchmark
Zardozi Work Hand-Embroidered Velvet Clutch Bag,Embroidery,210.0,900,1100,400,synthetic_benchmark
Authentic Cast Iron Artisan Skillet Fry Pan,Metalwork,870.0,2450,2700,1300,synthetic_benchmark
Handmade Mango Wood Candle Stand Pair,Woodwork,250.0,1200,1550,450,synthetic_benchmark
Traditional Handmade Brass Diya Oil Lamp Hanging,Metalwork,270.0,1050,1350,500,synthetic_benchmark
Traditional Noise Cancelling Over-Ear Studio Headphones,Electronics,1160.0,2350,2950,1700,synthetic_benchmark
Cast Iron Artisan Skillet Fry Pan,Metalwork,650.0,1800,2350,1000,synthetic_benchmark
Vintage USB-C to Lightning Braided Fast Sync Cable,Electronics,430.0,1100,1300,700,synthetic_benchmark
Artisan Hand-Carved Wooden Wall Panel Relief,Woodwork,760.0,2550,2900,1150,synthetic_benchmark
Handmade Noise Cancelling Over-Ear Studio Headphones,Electronics,1130.0,2400,2950,1700,synthetic_benchmark
Traditional Antique Finish Pure Copper Water Bottle (1 Litre),Metalwork,550.0,1250,1450,850,synthetic_benchmark
Handcrafted Bamboo Wood Bluetooth Wireless Speaker,Electronics,490.0,1100,1300,800,synthetic_benchmark
Mirror Work Kutch Embroidered Wall Tapestry,Embroidery,240.0,1000,1350,450,synthetic_benchmark
Handmade Kundan & Pearl Jhumka Earrings,Jewelry,1680.0,5650,7150,2450,synthetic_benchmark
Dhokra Brass Hand-Cast Tribal Figurine,Metalwork,1760.0,4650,6250,2550,synthetic_benchmark
Premium 60W Fast Charging Laptop Charger Power Adapter,Electronics,1490.0,2450,3200,2200,synthetic_benchmark
Terracotta Handpainted Statement Jewelry Set,Jewelry,1920.0,6450,8100,2800,synthetic_benchmark
Eco-Friendly Intricately Carved Wooden Jewellery Box with Brass Inlay,Woodwork,770.0,2200,2750,1200,synthetic_benchmark
Kantha Stitch Embroidered Cotton Cushion Covers Pair,Embroidery,980.0,2250,2550,1450,synthetic_benchmark
Antique Finish Pure Copper Water Bottle (1 Litre),Metalwork,1390.0,2900,3300,2050,synthetic_benchmark
Handmade Mango Wood Candle Stand Pair,Woodwork,470.0,1900,2350,750,synthetic_benchmark
Handspun Cotton Table Runner with Tribal Motifs,Handloom Textile,2280.0,6800,8650,3300,synthetic_benchmark
Earthen Clay Cooking Handi Pot,Pottery & Clay,350.0,1050,1200,600,synthetic_benchmark
Mirror Work Kutch Embroidered Wall Tapestry,Embroidery,860.0,2150,2750,1300,synthetic_benchmark
Hand-Embroidered Chikankari Cotton Kurti,Embroidery,540.0,1850,2100,850,synthetic_benchmark
Handmade Brass Meenakari Enamel Bangles Set,Jewelry,1720.0,5000,6500,2500,synthetic_benchmark
10000mAh Magnetic Wireless Power Bank Fast Charge,Electronics,1130.0,2950,3600,1700,synthetic_benchmark
Mirror Work Kutch Embroidered Wall Tapestry,Embroidery,320.0,950,1300,550,synthetic_benchmark
Artisan Filigree Pure Silver Toe Rings Pair,Jewelry,1820.0,5500,6450,2650,synthetic_benchmark
Authentic Kanjivaram Silk Festive Saree,Handloom Textile,770.0,1800,2050,1200,synthetic_benchmark
Hand-Beaten Brass Dining Platter Thali Set,Metalwork,1520.0,4050,5050,2250,synthetic_benchmark
Handwoven Woolen Kashmiri Pashmina Shawl,Handloom Textile,1670.0,4200,5200,2450,synthetic_benchmark
Phulkari Hand-Embroidered Traditional Dupatta,Embroidery,570.0,1300,1650,900,synthetic_benchmark
Traditional Artisan Ceramic Planter with Drainage Plate,Pottery & Clay,90.0,350,450,250,synthetic_benchmark
Handmade Teak Wood Kitchen Spatula & Spoon Set,Woodwork,280.0,1050,1250,500,synthetic_benchmark
Handmade Terracotta Decorative Wall Hanging,Pottery & Clay,370.0,1000,1150,600,synthetic_benchmark
Handmade Wooden Coaster Set of 6 with Stand,Woodwork,620.0,1700,2000,950,synthetic_benchmark
Deluxe Traditional Handpainted Clay Diya Festive Set,Pottery & Clay,100.0,450,550,250,synthetic_benchmark
Dhokra Brass Hand-Cast Tribal Figurine,Metalwork,1670.0,4850,5550,2450,synthetic_benchmark
Custom Handwoven Cotton Chanderi Dupatta with Booti Work,Handloom Textile,670.0,2300,3000,1050,synthetic_benchmark
Custom Authentic Kanjivaram Silk Festive Saree,Handloom Textile,2010.0,5800,7600,2900,synthetic_benchmark
Handmade 7-in-1 Aluminium USB-C Multiport Hub Adapter,Electronics,1380.0,2900,3250,2050,synthetic_benchmark
USB-C to Lightning Braided Fast Sync Cable,Electronics,330.0,700,800,550,synthetic_benchmark
Artisan Handmade Kundan & Pearl Jhumka Earrings,Jewelry,1360.0,3300,4100,2000,synthetic_benchmark
Handcrafted Terracotta Water Pitcher with Traditional Lid,Pottery & Clay,220.0,850,1150,400,synthetic_benchmark
Handcrafted Traditional Jamdani Cotton Saree,Handloom Textile,2320.0,7100,8350,3350,synthetic_benchmark
Mirror Work Kutch Embroidered Wall Tapestry,Embroidery,700.0,1900,2200,1100,synthetic_benchmark
7-in-1 Aluminium USB-C Multiport Hub Adapter,Electronics,1300.0,3300,4050,1900,synthetic_benchmark
Handcrafted Bamboo Wood Bluetooth Wireless Speaker,Electronics,990.0,1600,2100,1500,synthetic_benchmark
Deluxe Handwoven Woolen Kashmiri Pashmina Shawl,Handloom Textile,530.0,1550,2000,850,synthetic_benchmark
Kantha Stitch Embroidered Cotton Cushion Covers Pair,Embroidery,370.0,1200,1500,600,synthetic_benchmark
Authentic Phulkari Hand-Embroidered Traditional Dupatta,Embroidery,270.0,1050,1300,500,synthetic_benchmark
Exquisite Hand-Embroidered Chikankari Cotton Kurti,Embroidery,390.0,1250,1500,650,synthetic_benchmark
Premium Artisan Ceramic Planter with Drainage Plate,Pottery & Clay,80.0,450,600,200,synthetic_benchmark
Custom Traditional Handpainted Clay Diya Festive Set,Pottery & Clay,290.0,600,800,500,synthetic_benchmark
45W Type-C Fast Charger for Ultrasharp Laptops,Electronics,430.0,1000,1150,700,synthetic_benchmark
Artisan Handwoven Cotton Chanderi Dupatta with Booti Work,Handloom Textile,3010.0,8300,10650,4300,synthetic_benchmark
Pure Bronze Kansa Serving Bowls Set of 2,Metalwork,1720.0,3400,4350,2500,synthetic_benchmark
Cast Iron Artisan Skillet Fry Pan,Metalwork,1800.0,3900,5250,2600,synthetic_benchmark
Hand-Beaten Brass Dining Platter Thali Set,Metalwork,820.0,2250,2950,1250,synthetic_benchmark
Traditional Cast Iron Artisan Skillet Fry Pan,Metalwork,370.0,1050,1400,600,synthetic_benchmark
100W Type-C Heavy Duty Braided Charging Cable 2m,Electronics,1150.0,2300,2550,1700,synthetic_benchmark
Handcrafted Oxidised 925 Silver Tribal Choker Necklace,Jewelry,330.0,1400,1850,550,synthetic_benchmark
45W Type-C Fast Charger for Ultrasharp Laptops,Electronics,1350.0,3100,4150,2000,synthetic_benchmark
Phulkari Hand-Embroidered Traditional Dupatta,Embroidery,380.0,1550,1800,650,synthetic_benchmark
Handcrafted Handmade Wooden Coaster Set of 6 with Stand,Woodwork,170.0,550,650,350,synthetic_benchmark
Exquisite Artisan Ceramic Planter with Drainage Plate,Pottery & Clay,100.0,600,700,250,synthetic_benchmark
Handmade Brass Meenakari Enamel Bangles Set,Jewelry,1950.0,4700,6000,2850,synthetic_benchmark
Handspun Cotton Table Runner with Tribal Motifs,Handloom Textile,440.0,1500,1850,700,synthetic_benchmark
Traditional Temple Jewelry Gold Plated Pendant,Jewelry,1780.0,6900,8600,2600,synthetic_benchmark
Deluxe Artisan Filigree Pure Silver Toe Rings Pair,Jewelry,250.0,1050,1350,450,synthetic_benchmark
Hand-Embroidered Chikankari Cotton Kurti,Embroidery,280.0,1000,1150,500,synthetic_benchmark
Handmade Sculpted Clay Floral Vase with Rustic Finish,Pottery & Clay,240.0,800,1100,450,synthetic_benchmark
Handmade Teak Wood Kitchen Spatula & Spoon Set,Woodwork,920.0,2450,2850,1400,synthetic_benchmark
Handmade Brass Diya Oil Lamp Hanging,Metalwork,500.0,1650,1950,800,synthetic_benchmark
Handcrafted Bamboo Wood Bluetooth Wireless Speaker,Electronics,1260.0,2700,3250,1850,synthetic_benchmark
Custom 100W Type-C Heavy Duty Braided Charging Cable 2m,Electronics,580.0,1400,1750,900,synthetic_benchmark
Artisan Ceramic Planter with Drainage Plate,Pottery & Clay,350.0,700,900,600,synthetic_benchmark
Sculpted Clay Floral Vase with Rustic Finish,Pottery & Clay,270.0,700,850,500,synthetic_benchmark
Authentic Dhokra Brass Hand-Cast Tribal Figurine,Metalwork,840.0,2150,2650,1300,synthetic_benchmark
Traditional Handmade Crocheted Cotton Baby Blanket,Embroidery,850.0,1950,2450,1300,synthetic_benchmark
Artisan Handmade Kundan & Pearl Jhumka Earrings,Jewelry,2270.0,5250,6650,3300,synthetic_benchmark
Sandalwood Carved Incense Stick Holder,Woodwork,440.0,1600,2050,700,synthetic_benchmark
Phulkari Hand-Embroidered Traditional Dupatta,Embroidery,350.0,1250,1550,600,synthetic_benchmark
Hand-Stitched Patchwork Quilt Throw Blanket,Embroidery,580.0,2000,2600,900,synthetic_benchmark
Handmade Soft Stuffed Bunny Toy Holding a Carrot,Embroidery,950.0,3300,4300,1450,synthetic_benchmark
Cast Iron Artisan Skillet Fry Pan,Metalwork,790.0,2200,2650,1200,synthetic_benchmark
Pochampally Ikat Handwoven Saree,Handloom Textile,1450.0,3600,4450,2150,synthetic_benchmark
Classic Cast Iron Artisan Skillet Fry Pan,Metalwork,1130.0,2450,3200,1700,synthetic_benchmark
Vintage Premium 60W Fast Charging Laptop Charger Power Adapter,Electronics,980.0,2050,2450,1450,synthetic_benchmark
Artisan Hand-Carved Wooden Wall Panel Relief,Woodwork,500.0,1700,2000,800,synthetic_benchmark
Handloom Sambalpuri Silk Traditional Saree,Handloom Textile,2630.0,6800,8550,3800,synthetic_benchmark
Handmade Brass Pooja Bell with Peacock Handle,Metalwork,530.0,1500,1700,850,synthetic_benchmark
Handmade Crocheted Cotton Baby Blanket,Embroidery,400.0,1200,1500,650,synthetic_benchmark
Cast Iron Artisan Skillet Fry Pan,Metalwork,740.0,2150,2400,1150,synthetic_benchmark
Handwoven Cotton Chanderi Dupatta with Booti Work,Handloom Textile,2860.0,8900,10550,4100,synthetic_benchmark
Mirror Work Kutch Embroidered Wall Tapestry,Embroidery,560.0,1700,2050,900,synthetic_benchmark
Handcrafted Terracotta Water Pitcher with Traditional Lid,Pottery & Clay,260.0,750,950,450,synthetic_benchmark
Handmade Brass Pooja Bell with Peacock Handle,Metalwork,440.0,1450,1800,700,synthetic_benchmark
Handloom Sambalpuri Silk Traditional Saree,Handloom Textile,1200.0,3500,4250,1800,synthetic_benchmark
Antique Finish Pure Copper Water Bottle (1 Litre),Metalwork,280.0,750,850,500,synthetic_benchmark
Intricately Carved Wooden Jewellery Box with Brass Inlay,Woodwork,980.0,2150,2800,1450,synthetic_benchmark
Hand-Beaten Brass Dining Platter Thali Set,Metalwork,1140.0,3550,4300,1700,synthetic_benchmark
45W Type-C Fast Charger for Ultrasharp Laptops,Electronics,530.0,1150,1550,850,synthetic_benchmark
Zardozi Work Hand-Embroidered Velvet Clutch Bag,Embroidery,230.0,750,950,400,synthetic_benchmark
Artisan Filigree Pure Silver Toe Rings Pair,Jewelry,1900.0,5600,6500,2750,synthetic_benchmark
Traditional Handmade Brass Diya Oil Lamp Hanging,Metalwork,1260.0,3400,4550,1850,synthetic_benchmark
Authentic Carved Sheesham Wood Elephant Figurine,Woodwork,1150.0,4150,4650,1700,synthetic_benchmark
Deluxe Authentic Kanjivaram Silk Festive Saree,Handloom Textile,1920.0,4850,5450,2800,synthetic_benchmark
Traditional Artisan Hand-Carved Wooden Wall Panel Relief,Woodwork,540.0,1500,1950,850,synthetic_benchmark
Vintage Sandalwood Carved Incense Stick Holder,Woodwork,600.0,2100,2800,950,synthetic_benchmark
Traditional Jamdani Cotton Saree,Handloom Textile,1520.0,5200,6550,2250,synthetic_benchmark
Artisan Filigree Pure Silver Toe Rings Pair,Jewelry,1150.0,3900,5200,1700,synthetic_benchmark
Handmade Kundan & Pearl Jhumka Earrings,Jewelry,570.0,2300,2900,900,synthetic_benchmark
Noise Cancelling Over-Ear Studio Headphones,Electronics,750.0,1950,2600,1150,synthetic_benchmark
Classic Hand-Beaten Brass Dining Platter Thali Set,Metalwork,1300.0,3300,3900,1900,synthetic_benchmark
Artisan Ceramic Planter with Drainage Plate,Pottery & Clay,360.0,1050,1400,600,synthetic_benchmark
Authentic Handmade Teak Wood Kitchen Spatula & Spoon Set,Woodwork,660.0,2050,2600,1000,synthetic_benchmark
Handloom Sambalpuri Silk Traditional Saree,Handloom Textile,2300.0,7200,8200,3300,synthetic_benchmark
Earthen Clay Cooking Handi Pot,Pottery & Clay,290.0,1000,1200,500,synthetic_benchmark
Noise Cancelling Over-Ear Studio Headphones,Electronics,330.0,800,950,550,synthetic_benchmark
Khadi Cotton Handloom Kurta for Men,Handloom Textile,3150.0,6350,7100,4500,synthetic_benchmark
Noise Cancelling Over-Ear Studio Headphones,Electronics,680.0,1900,2250,1050,synthetic_benchmark
Khadi Cotton Handloom Kurta for Men,Handloom Textile,1200.0,2550,3200,1800,synthetic_benchmark
Handmade Zardozi Work Hand-Embroidered Velvet Clutch Bag,Embroidery,440.0,1550,2050,700,synthetic_benchmark
Handspun Cotton Table Runner with Tribal Motifs,Handloom Textile,1410.0,3150,3900,2050,synthetic_benchmark
Exquisite Handcrafted Beaded Semi-Precious Stone Bracelet,Jewelry,550.0,1650,1950,850,synthetic_benchmark
Deluxe Premium 60W Fast Charging Laptop Charger Power Adapter,Electronics,680.0,1650,2150,1050,synthetic_benchmark
Traditional Earthen Clay Cooking Handi Pot,Pottery & Clay,120.0,650,700,250,synthetic_benchmark
Authentic Cast Iron Artisan Skillet Fry Pan,Metalwork,1710.0,3700,4800,2500,synthetic_benchmark
65W GaN USB-C Fast Charger with Foldable Plug,Electronics,270.0,650,850,500,synthetic_benchmark
Traditional Handpainted Clay Diya Festive Set,Pottery & Clay,270.0,750,1000,500,synthetic_benchmark
Antique Finish Pure Copper Water Bottle (1 Litre),Metalwork,1780.0,4050,5250,2600,synthetic_benchmark
Deluxe Handmade Mango Wood Candle Stand Pair,Woodwork,1160.0,3200,3950,1700,synthetic_benchmark
Exquisite Traditional Handpainted Clay Diya Festive Set,Pottery & Clay,230.0,850,1050,400,synthetic_benchmark
Handspun Cotton Table Runner with Tribal Motifs,Handloom Textile,1390.0,3200,3500,2050,synthetic_benchmark
Dhokra Brass Hand-Cast Tribal Figurine,Metalwork,1380.0,4300,5600,2050,synthetic_benchmark
Handmade Hand-Embroidered Chikankari Cotton Kurti,Embroidery,960.0,2700,3100,1450,synthetic_benchmark
Deluxe Zardozi Work Hand-Embroidered Velvet Clutch Bag,Embroidery,770.0,2000,2300,1200,synthetic_benchmark
Classic Artisan Ceramic Planter with Drainage Plate,Pottery & Clay,230.0,700,850,400,synthetic_benchmark
Premium Antique Finish Pure Copper Water Bottle (1 Litre),Metalwork,820.0,1800,2150,1250,synthetic_benchmark
Ergonomic Wireless Silent Optical Mouse,Electronics,1480.0,2900,3400,2150,synthetic_benchmark
Deluxe Artisan Glazed Ceramic Dining Soup Bowls Set of 4,Pottery & Clay,140.0,500,650,300,synthetic_benchmark
Exquisite 100W Type-C Heavy Duty Braided Charging Cable 2m,Electronics,500.0,1400,1750,800,synthetic_benchmark
Handwoven Woolen Kashmiri Pashmina Shawl,Handloom Textile,420.0,1300,1700,700,synthetic_benchmark
Vintage Handmade Brass Meenakari Enamel Bangles Set,Jewelry,2250.0,7550,9650,3250,synthetic_benchmark
Handmade Brass Pooja Bell with Peacock Handle,Metalwork,400.0,1250,1400,650,synthetic_benchmark
Artisan Handloom Pure Silk Banarasi Saree with Zari Border,Handloom Textile,3360.0,9500,11750,4800,synthetic_benchmark
Premium Handmade Brass Meenakari Enamel Bangles Set,Jewelry,2380.0,8500,10750,3450,synthetic_benchmark
Classic Handcrafted Walnut Wood Decorative Serving Tray,Woodwork,400.0,1250,1400,650,synthetic_benchmark
Handmade Terracotta Decorative Wall Hanging,Pottery & Clay,220.0,750,950,400,synthetic_benchmark
Artisan Filigree Pure Silver Toe Rings Pair,Jewelry,290.0,1250,1500,500,synthetic_benchmark
Mirror Work Kutch Embroidered Wall Tapestry,Embroidery,770.0,1800,2400,1200,synthetic_benchmark
Eco-Friendly Handmade Clay Kulhad Chai Cups Set of 6,Pottery & Clay,280.0,750,900,500,synthetic_benchmark
USB-C to Lightning Braided Fast Sync Cable,Electronics,280.0,750,950,500,synthetic_benchmark
Handmade Brass Diya Oil Lamp Hanging,Metalwork,1700.0,5300,7000,2500,synthetic_benchmark
Authentic 65W GaN USB-C Fast Charger with Foldable Plug,Electronics,1170.0,2350,2700,1750,synthetic_benchmark
Handmade Soft Stuffed Bunny Toy Holding a Carrot,Embroidery,560.0,1800,2150,900,synthetic_benchmark
65W GaN USB-C Fast Charger with Foldable Plug,Electronics,1350.0,3450,4000,2000,synthetic_benchmark
Exquisite Artisan Ceramic Planter with Drainage Plate,Pottery & Clay,220.0,750,900,400,synthetic_benchmark
Artisan Noise Cancelling Over-Ear Studio Headphones,Electronics,430.0,1400,1550,700,synthetic_benchmark
Handmade Clay Kulhad Chai Cups Set of 6,Pottery & Clay,390.0,1250,1450,650,synthetic_benchmark
Artisan Filigree Pure Silver Toe Rings Pair,Jewelry,1700.0,6350,7650,2500,synthetic_benchmark
Ergonomic Wireless Silent Optical Mouse,Electronics,690.0,1400,1650,1050,synthetic_benchmark
Classic Handcrafted Terracotta Water Pitcher with Traditional Lid,Pottery & Clay,340.0,750,950,600,synthetic_benchmark
45W Type-C Fast Charger for Ultrasharp Laptops,Electronics,500.0,950,1200,800,synthetic_benchmark
Handwoven Cotton Chanderi Dupatta with Booti Work,Handloom Textile,720.0,2000,2500,1100,synthetic_benchmark
Zardozi Work Hand-Embroidered Velvet Clutch Bag,Embroidery,270.0,1000,1200,500,synthetic_benchmark
Handmade Clay Kulhad Chai Cups Set of 6,Pottery & Clay,200.0,500,650,400,synthetic_benchmark
Handcrafted Beaded Semi-Precious Stone Bracelet,Jewelry,2000.0,8250,10000,2900,synthetic_benchmark
Handmade Brass Meenakari Enamel Bangles Set,Jewelry,2430.0,7100,8050,3500,synthetic_benchmark
Deluxe Dhokra Brass Hand-Cast Tribal Figurine,Metalwork,1130.0,3550,4500,1700,synthetic_benchmark
Authentic Artisan Filigree Pure Silver Toe Rings Pair,Jewelry,830.0,2100,2400,1250,synthetic_benchmark
Exquisite Kantha Stitch Embroidered Cotton Cushion Covers Pair,Embroidery,930.0,2900,3850,1400,synthetic_benchmark
10000mAh Magnetic Wireless Power Bank Fast Charge,Electronics,1260.0,3400,3900,1850,synthetic_benchmark
Artisan Cast Iron Artisan Skillet Fry Pan,Metalwork,840.0,1650,2050,1300,synthetic_benchmark
Vintage Sandalwood Carved Incense Stick Holder,Woodwork,380.0,1400,1600,650,synthetic_benchmark
Authentic Pochampally Ikat Handwoven Saree,Handloom Textile,1270.0,3700,4100,1900,synthetic_benchmark
Pure Bronze Kansa Serving Bowls Set of 2,Metalwork,710.0,1500,1950,1100,synthetic_benchmark
Pure Bronze Kansa Serving Bowls Set of 2,Metalwork,1700.0,3600,4600,2500,synthetic_benchmark
Eco-Friendly Pochampally Ikat Handwoven Saree,Handloom Textile,610.0,1550,1950,950,synthetic_benchmark
Artisan Filigree Pure Silver Toe Rings Pair,Jewelry,1350.0,3400,4500,2000,synthetic_benchmark
Artisan Kantha Stitch Embroidered Cotton Cushion Covers Pair,Embroidery,390.0,1100,1450,650,synthetic_benchmark
Artisan Ceramic Planter with Drainage Plate,Pottery & Clay,310.0,1000,1250,550,synthetic_benchmark
Sandalwood Carved Incense Stick Holder,Woodwork,820.0,2150,2400,1250,synthetic_benchmark
Handmade Soft Stuffed Bunny Toy Holding a Carrot,Embroidery,690.0,1650,2150,1050,synthetic_benchmark
Handmade Crocheted Cotton Baby Blanket,Embroidery,850.0,2800,3500,1300,synthetic_benchmark
Handmade Kundan & Pearl Jhumka Earrings,Jewelry,1110.0,2750,3550,1650,synthetic_benchmark
Carved Sheesham Wood Elephant Figurine,Woodwork,590.0,1650,2150,950,synthetic_benchmark
Handmade Brass Diya Oil Lamp Hanging,Metalwork,1500.0,3050,3500,2200,synthetic_benchmark
Handcrafted Hand-Stitched Patchwork Quilt Throw Blanket,Embroidery,710.0,2350,2650,1100,synthetic_benchmark
Handmade Terracotta Decorative Wall Hanging,Pottery & Clay,370.0,900,1050,600,synthetic_benchmark
Handcrafted Walnut Wood Decorative Serving Tray,Woodwork,510.0,1750,2350,800,synthetic_benchmark
Intricately Carved Wooden Jewellery Box with Brass Inlay,Woodwork,800.0,2600,3350,1200,synthetic_benchmark
Vintage Handmade Brass Pooja Bell with Peacock Handle,Metalwork,1020.0,2300,3000,1550,synthetic_benchmark
Sandalwood Carved Incense Stick Holder,Woodwork,200.0,700,800,400,synthetic_benchmark
Artisan Handmade Crocheted Cotton Baby Blanket,Embroidery,280.0,950,1100,500,synthetic_benchmark
Vintage Noise Cancelling Over-Ear Studio Headphones,Electronics,880.0,2100,2650,1350,synthetic_benchmark
Pure Bronze Kansa Serving Bowls Set of 2,Metalwork,1100.0,2400,3100,1650,synthetic_benchmark
Hand-Stitched Patchwork Quilt Throw Blanket,Embroidery,240.0,950,1200,450,synthetic_benchmark
Traditional Temple Jewelry Gold Plated Pendant,Jewelry,2280.0,7750,9050,3300,synthetic_benchmark
Deluxe Handmade Wooden Coaster Set of 6 with Stand,Woodwork,220.0,850,1000,400,synthetic_benchmark
Classic 45W Type-C Fast Charger for Ultrasharp Laptops,Electronics,730.0,1500,1700,1100,synthetic_benchmark
Handmade Terracotta Handpainted Statement Jewelry Set,Jewelry,2320.0,7250,8500,3350,synthetic_benchmark
Handcrafted Bamboo Wood Bluetooth Wireless Speaker,Electronics,670.0,1150,1300,1050,synthetic_benchmark
Handwoven Woolen Kashmiri Pashmina Shawl,Handloom Textile,2810.0,7150,8850,4050,synthetic_benchmark
Traditional Jamdani Cotton Saree,Handloom Textile,2240.0,5850,7350,3250,synthetic_benchmark
Terracotta Handpainted Statement Jewelry Set,Jewelry,2350.0,5050,6600,3400,synthetic_benchmark
Phulkari Hand-Embroidered Traditional Dupatta,Embroidery,840.0,1950,2550,1300,synthetic_benchmark
Artisan Hand-Carved Wooden Wall Panel Relief,Woodwork,1040.0,2950,3300,1550,synthetic_benchmark
Mirror Work Kutch Embroidered Wall Tapestry,Embroidery,480.0,1100,1400,750,synthetic_benchmark
Vintage 100W Type-C Heavy Duty Braided Charging Cable 2m,Electronics,1460.0,2600,3500,2150,synthetic_benchmark
Artisan Intricately Carved Wooden Jewellery Box with Brass Inlay,Woodwork,750.0,1700,1900,1150,synthetic_benchmark
Sandalwood Carved Incense Stick Holder,Woodwork,1090.0,3300,4200,1650,synthetic_benchmark
Antique Finish Pure Copper Water Bottle (1 Litre),Metalwork,370.0,1200,1550,600,synthetic_benchmark
Authentic Kanjivaram Silk Festive Saree,Handloom Textile,390.0,1150,1500,650,synthetic_benchmark
Artisan Hand-Carved Wooden Wall Panel Relief,Woodwork,1020.0,3050,3800,1550,synthetic_benchmark
Carved Sheesham Wood Elephant Figurine,Woodwork,630.0,2150,2500,1000,synthetic_benchmark
Handmade Brass Diya Oil Lamp Hanging,Metalwork,970.0,3150,3900,1450,synthetic_benchmark
Handmade Terracotta Handpainted Statement Jewelry Set,Jewelry,1580.0,6350,7250,2300,synthetic_benchmark
Traditional Jamdani Cotton Saree,Handloom Textile,1380.0,3100,3500,2050,synthetic_benchmark
Eco-Friendly Artisan Hand-Carved Wooden Wall Panel Relief,Woodwork,890.0,2550,2900,1350,synthetic_benchmark
Artisan Glazed Ceramic Dining Soup Bowls Set of 4,Pottery & Clay,340.0,1100,1350,600,synthetic_benchmark
Authentic Hand-Beaten Brass Dining Platter Thali Set,Metalwork,1170.0,2850,3550,1750,synthetic_benchmark
Traditional Jamdani Cotton Saree,Handloom Textile,3080.0,8700,10500,4400,synthetic_benchmark
Deluxe Intricately Carved Wooden Jewellery Box with Brass Inlay,Woodwork,220.0,1100,1400,400,synthetic_benchmark
Eco-Friendly Pure Bronze Kansa Serving Bowls Set of 2,Metalwork,460.0,1100,1200,750,synthetic_benchmark
Handcrafted Oxidised 925 Silver Tribal Choker Necklace,Jewelry,2030.0,8250,9650,2950,synthetic_benchmark
Hand-Stitched Patchwork Quilt Throw Blanket,Embroidery,420.0,1250,1600,700,synthetic_benchmark
Traditional Handpainted Clay Diya Festive Set,Pottery & Clay,180.0,500,600,350,synthetic_benchmark
Handcrafted Beaded Semi-Precious Stone Bracelet,Jewelry,2320.0,5100,6200,3350,synthetic_benchmark
Classic Khadi Cotton Handloom Kurta for Men,Handloom Textile,2970.0,5550,6900,4250,synthetic_benchmark
Premium Handmade Kundan & Pearl Jhumka Earrings,Jewelry,1140.0,3850,5100,1700,synthetic_benchmark
Custom Handmade Wooden Coaster Set of 6 with Stand,Woodwork,310.0,1050,1250,550,synthetic_benchmark
Vintage Organic Handloom Linen Scarf with Tassels,Handloom Textile,2780.0,7750,9750,4000,synthetic_benchmark
Handcrafted Dhokra Brass Hand-Cast Tribal Figurine,Metalwork,630.0,2150,2700,1000,synthetic_benchmark
Custom Carved Sheesham Wood Elephant Figurine,Woodwork,940.0,3350,4350,1400,synthetic_benchmark
Artisan Mirror Work Kutch Embroidered Wall Tapestry,Embroidery,550.0,2000,2500,850,synthetic_benchmark
Handloom Sambalpuri Silk Traditional Saree,Handloom Textile,600.0,1550,1850,950,synthetic_benchmark
Kantha Stitch Embroidered Cotton Cushion Covers Pair,Embroidery,310.0,1000,1300,550,synthetic_benchmark
Handmade Soft Stuffed Bunny Toy Holding a Carrot,Embroidery,180.0,650,800,350,synthetic_benchmark
Handmade Brass Meenakari Enamel Bangles Set,Jewelry,1040.0,3500,4400,1550,synthetic_benchmark
Deluxe Handwoven Woolen Kashmiri Pashmina Shawl,Handloom Textile,1460.0,3150,4200,2150,synthetic_benchmark
Authentic Terracotta Handpainted Statement Jewelry Set,Jewelry,710.0,1700,2050,1100,synthetic_benchmark
Premium 65W GaN USB-C Fast Charger with Foldable Plug,Electronics,1320.0,3250,3800,1950,synthetic_benchmark
Handcrafted Walnut Wood Decorative Serving Tray,Woodwork,900.0,2200,2450,1350,synthetic_benchmark
Antique Finish Pure Copper Water Bottle (1 Litre),Metalwork,1790.0,4050,4700,2600,synthetic_benchmark
Artisan Hand-Carved Wooden Wall Panel Relief,Woodwork,870.0,2400,3150,1300,synthetic_benchmark
Handmade 7-in-1 Aluminium USB-C Multiport Hub Adapter,Electronics,300.0,700,900,500,synthetic_benchmark
Noise Cancelling Over-Ear Studio Headphones,Electronics,480.0,850,950,750,synthetic_benchmark
Handmade Kundan & Pearl Jhumka Earrings,Jewelry,1390.0,3500,4100,2050,synthetic_benchmark
Custom Handcrafted Terracotta Water Pitcher with Traditional Lid,Pottery & Clay,330.0,700,900,550,synthetic_benchmark
Handmade Soft Stuffed Bunny Toy Holding a Carrot,Embroidery,800.0,2200,2550,1200,synthetic_benchmark
Hand-Stitched Patchwork Quilt Throw Blanket,Embroidery,220.0,1000,1350,400,synthetic_benchmark
Artisan Hand-Carved Wooden Wall Panel Relief,Woodwork,860.0,2650,3050,1300,synthetic_benchmark
Handspun Cotton Table Runner with Tribal Motifs,Handloom Textile,1120.0,2850,3200,1650,synthetic_benchmark
Handcrafted Bamboo Wood Bluetooth Wireless Speaker,Electronics,900.0,1850,2400,1350,synthetic_benchmark
Handmade Brass Diya Oil Lamp Hanging,Metalwork,380.0,1100,1300,650,synthetic_benchmark
Terracotta Handpainted Statement Jewelry Set,Jewelry,2260.0,8500,11150,3250,synthetic_benchmark
Carved Sheesham Wood Elephant Figurine,Woodwork,940.0,3250,3850,1400,synthetic_benchmark
Terracotta Handpainted Statement Jewelry Set,Jewelry,620.0,2550,2800,950,synthetic_benchmark
Terracotta Handpainted Statement Jewelry Set,Jewelry,430.0,1250,1400,700,synthetic_benchmark
Artisan Glazed Ceramic Dining Soup Bowls Set of 4,Pottery & Clay,290.0,950,1250,500,synthetic_benchmark
Handmade Soft Stuffed Bunny Toy Holding a Carrot,Embroidery,920.0,2350,2900,1400,synthetic_benchmark
Exquisite Handmade Teak Wood Kitchen Spatula & Spoon Set,Woodwork,580.0,2000,2600,900,synthetic_benchmark
Ergonomic Wireless Silent Optical Mouse,Electronics,1200.0,2850,3200,1800,synthetic_benchmark
Handcrafted Oxidised 925 Silver Tribal Choker Necklace,Jewelry,2160.0,4900,5600,3100,synthetic_benchmark
Artisan Filigree Pure Silver Toe Rings Pair,Jewelry,2410.0,6350,7500,3450,synthetic_benchmark
Artisan Handcrafted Bamboo Wood Bluetooth Wireless Speaker,Electronics,1190.0,2050,2700,1750,synthetic_benchmark
Handcrafted Beaded Semi-Precious Stone Bracelet,Jewelry,420.0,1200,1350,700,synthetic_benchmark
Premium Traditional Temple Jewelry Gold Plated Pendant,Jewelry,2150.0,5150,6950,3100,synthetic_benchmark
Artisan Intricately Carved Wooden Jewellery Box with Brass Inlay,Woodwork,710.0,2700,3150,1100,synthetic_benchmark
Handmade Khadi Cotton Handloom Kurta for Men,Handloom Textile,2680.0,7800,9350,3850,synthetic_benchmark
Phulkari Hand-Embroidered Traditional Dupatta,Embroidery,560.0,1700,1950,900,synthetic_benchmark
Handcrafted Bamboo Wood Bluetooth Wireless Speaker,Electronics,1150.0,2500,3250,1700,synthetic_benchmark
Terracotta Handpainted Statement Jewelry Set,Jewelry,1070.0,2850,3200,1600,synthetic_benchmark
Custom Zardozi Work Hand-Embroidered Velvet Clutch Bag,Embroidery,530.0,1500,1700,850,synthetic_benchmark
Deluxe Hand-Embroidered Chikankari Cotton Kurti,Embroidery,660.0,1600,1900,1000,synthetic_benchmark
Premium Pochampally Ikat Handwoven Saree,Handloom Textile,1010.0,3150,4100,1500,synthetic_benchmark
Artisan Ceramic Planter with Drainage Plate,Pottery & Clay,140.0,450,550,300,synthetic_benchmark
Artisan USB-C to Lightning Braided Fast Sync Cable,Electronics,1190.0,2100,2650,1750,synthetic_benchmark
Pure Bronze Kansa Serving Bowls Set of 2,Metalwork,1120.0,2600,3150,1650,synthetic_benchmark
Zardozi Work Hand-Embroidered Velvet Clutch Bag,Embroidery,470.0,1450,1750,750,synthetic_benchmark
Traditional Handpainted Clay Diya Festive Set,Pottery & Clay,390.0,1150,1550,650,synthetic_benchmark
Handmade Wooden Coaster Set of 6 with Stand,Woodwork,980.0,2900,3400,1450,synthetic_benchmark
Artisan Terracotta Handpainted Statement Jewelry Set,Jewelry,2180.0,6750,9000,3150,synthetic_benchmark
Handmade Mango Wood Candle Stand Pair,Woodwork,250.0,1050,1350,450,synthetic_benchmark
Handmade Clay Coffee Mugs Set of 2,Pottery & Clay,80.0,450,600,200,synthetic_benchmark
Handmade Wooden Coaster Set of 6 with Stand,Woodwork,900.0,2900,3800,1350,synthetic_benchmark
Handcrafted 10000mAh Magnetic Wireless Power Bank Fast Charge,Electronics,760.0,1400,1750,1150,synthetic_benchmark
10000mAh Magnetic Wireless Power Bank Fast Charge,Electronics,300.0,1000,1100,500,synthetic_benchmark
Handmade Brass Meenakari Enamel Bangles Set,Jewelry,710.0,2000,2700,1100,synthetic_benchmark
Handcrafted Bamboo Wood Bluetooth Wireless Speaker,Electronics,1150.0,2450,3000,1700,synthetic_benchmark
Handcrafted Bamboo Wood Bluetooth Wireless Speaker,Electronics,280.0,900,1150,500,synthetic_benchmark
Handmade Brass Diya Oil Lamp Hanging,Metalwork,290.0,1050,1400,500,synthetic_benchmark
Handmade Pure Bronze Kansa Serving Bowls Set of 2,Metalwork,930.0,2600,3400,1400,synthetic_benchmark
Traditional Handpainted Clay Diya Festive Set,Pottery & Clay,250.0,650,750,450,synthetic_benchmark
Handmade Antique Finish Pure Copper Water Bottle (1 Litre),Metalwork,1220.0,3300,4250,1800,synthetic_benchmark
Artisan Antique Finish Pure Copper Water Bottle (1 Litre),Metalwork,410.0,1150,1300,650,synthetic_benchmark
Handcrafted Hand-Beaten Brass Dining Platter Thali Set,Metalwork,1170.0,2750,3050,1750,synthetic_benchmark
Vintage Handmade Kundan & Pearl Jhumka Earrings,Jewelry,680.0,2350,2900,1050,synthetic_benchmark
Handcrafted Walnut Wood Decorative Serving Tray,Woodwork,290.0,1200,1350,500,synthetic_benchmark
Artisan Noise Cancelling Over-Ear Studio Headphones,Electronics,340.0,1150,1400,600,synthetic_benchmark
Handmade Terracotta Decorative Wall Hanging,Pottery & Clay,230.0,650,800,400,synthetic_benchmark
Hand-Embroidered Chikankari Cotton Kurti,Embroidery,820.0,2350,2600,1250,synthetic_benchmark
Authentic Handcrafted Oxidised 925 Silver Tribal Choker Necklace,Jewelry,600.0,2200,2550,950,synthetic_benchmark
Artisan Hand-Carved Wooden Wall Panel Relief,Woodwork,370.0,1050,1400,600,synthetic_benchmark
Exquisite Handmade Teak Wood Kitchen Spatula & Spoon Set,Woodwork,1020.0,2500,3100,1550,synthetic_benchmark
Handmade Crocheted Cotton Baby Blanket,Embroidery,440.0,1250,1500,700,synthetic_benchmark
Ergonomic Wireless Silent Optical Mouse,Electronics,920.0,2350,2850,1400,synthetic_benchmark
Exquisite Handloom Pure Silk Banarasi Saree with Zari Border,Handloom Textile,2290.0,7000,9150,3300,synthetic_benchmark
Handcrafted Cast Iron Artisan Skillet Fry Pan,Metalwork,740.0,1750,2250,1150,synthetic_benchmark
Traditional Artisan Ceramic Planter with Drainage Plate,Pottery & Clay,220.0,500,550,400,synthetic_benchmark
Eco-Friendly Traditional Handpainted Clay Diya Festive Set,Pottery & Clay,340.0,1100,1450,600,synthetic_benchmark
Handcrafted Bamboo Wood Bluetooth Wireless Speaker,Electronics,1080.0,2600,3100,1600,synthetic_benchmark
Traditional Jamdani Cotton Saree,Handloom Textile,2460.0,5500,6450,3550,synthetic_benchmark
Hand-Embroidered Chikankari Cotton Kurti,Embroidery,660.0,2400,2750,1000,synthetic_benchmark
Handmade Handcrafted Terracotta Water Pitcher with Traditional Lid,Pottery & Clay,120.0,500,650,250,synthetic_benchmark
Authentic Handmade Soft Stuffed Bunny Toy Holding a Carrot,Embroidery,400.0,1450,1650,650,synthetic_benchmark
Organic Handloom Linen Scarf with Tassels,Handloom Textile,2500.0,7000,9350,3600,synthetic_benchmark
Artisan Ceramic Planter with Drainage Plate,Pottery & Clay,60.0,350,400,200,synthetic_benchmark
Handmade Kundan & Pearl Jhumka Earrings,Jewelry,840.0,3150,4050,1300,synthetic_benchmark
Vintage Cast Iron Artisan Skillet Fry Pan,Metalwork,570.0,1900,2450,900,synthetic_benchmark
USB-C to Lightning Braided Fast Sync Cable,Electronics,1070.0,2800,3200,1600,synthetic_benchmark
Handmade Terracotta Decorative Wall Hanging,Pottery & Clay,90.0,350,450,250,synthetic_benchmark
Handmade Brass Pooja Bell with Peacock Handle,Metalwork,720.0,2150,2500,1100,synthetic_benchmark
Cast Iron Artisan Skillet Fry Pan,Metalwork,1130.0,2750,3700,1700,synthetic_benchmark
Sculpted Clay Floral Vase with Rustic Finish,Pottery & Clay,110.0,400,450,250,synthetic_benchmark
Handcrafted Oxidised 925 Silver Tribal Choker Necklace,Jewelry,2020.0,6900,8650,2950,synthetic_benchmark
Antique Finish Pure Copper Water Bottle (1 Litre),Metalwork,930.0,2200,2700,1400,synthetic_benchmark
Handmade Zardozi Work Hand-Embroidered Velvet Clutch Bag,Embroidery,740.0,1500,1850,1150,synthetic_benchmark
Dhokra Brass Hand-Cast Tribal Figurine,Metalwork,570.0,1550,1800,900,synthetic_benchmark
Ergonomic Wireless Silent Optical Mouse,Electronics,710.0,1750,2250,1100,synthetic_benchmark
Handwoven Woolen Kashmiri Pashmina Shawl,Handloom Textile,3300.0,7600,9850,4700,synthetic_benchmark
Dhokra Brass Hand-Cast Tribal Figurine,Metalwork,260.0,1000,1150,450,synthetic_benchmark
Classic Sandalwood Carved Incense Stick Holder,Woodwork,1060.0,2300,2800,1600,synthetic_benchmark
Handcrafted Oxidised 925 Silver Tribal Choker Necklace,Jewelry,1270.0,4150,4700,1900,synthetic_benchmark
Handmade Crocheted Cotton Baby Blanket,Embroidery,980.0,2000,2650,1450,synthetic_benchmark
Kantha Stitch Embroidered Cotton Cushion Covers Pair,Embroidery,660.0,1450,1650,1000,synthetic_benchmark
Premium Handloom Pure Silk Banarasi Saree with Zari Border,Handloom Textile,2810.0,7000,9200,4050,synthetic_benchmark
45W Type-C Fast Charger for Ultrasharp Laptops,Electronics,1440.0,2200,2600,2100,synthetic_benchmark
Artisan Glazed Ceramic Dining Soup Bowls Set of 4,Pottery & Clay,230.0,700,800,400,synthetic_benchmark
Artisan Handmade Brass Pooja Bell with Peacock Handle,Metalwork,980.0,2250,2850,1450,synthetic_benchmark
Sandalwood Carved Incense Stick Holder,Woodwork,260.0,1000,1300,450,synthetic_benchmark
65W GaN USB-C Fast Charger with Foldable Plug,Electronics,320.0,950,1050,550,synthetic_benchmark
Premium 60W Fast Charging Laptop Charger Power Adapter,Electronics,720.0,1650,2050,1100,synthetic_benchmark
Handmade Brass Pooja Bell with Peacock Handle,Metalwork,1470.0,3550,4750,2150,synthetic_benchmark
Handloom Sambalpuri Silk Traditional Saree,Handloom Textile,3140.0,8500,10150,4500,synthetic_benchmark
Eco-Friendly Traditional Temple Jewelry Gold Plated Pendant,Jewelry,2410.0,8500,11450,3450,synthetic_benchmark
Eco-Friendly Intricately Carved Wooden Jewellery Box with Brass Inlay,Woodwork,880.0,3300,4150,1350,synthetic_benchmark
65W GaN USB-C Fast Charger with Foldable Plug,Electronics,1440.0,2800,3550,2100,synthetic_benchmark
Vintage Handwoven Cotton Chanderi Dupatta with Booti Work,Handloom Textile,460.0,1700,1950,750,synthetic_benchmark
Handspun Cotton Table Runner with Tribal Motifs,Handloom Textile,1710.0,3850,4950,2500,synthetic_benchmark
USB-C to Lightning Braided Fast Sync Cable,Electronics,690.0,1950,2550,1050,synthetic_benchmark
Artisan Filigree Pure Silver Toe Rings Pair,Jewelry,690.0,2750,3350,1050,synthetic_benchmark
Custom 45W Type-C Fast Charger for Ultrasharp Laptops,Electronics,390.0,950,1050,650,synthetic_benchmark
Custom Traditional Handpainted Clay Diya Festive Set,Pottery & Clay,280.0,950,1100,500,synthetic_benchmark
Artisan Glazed Ceramic Dining Soup Bowls Set of 4,Pottery & Clay,350.0,950,1150,600,synthetic_benchmark
Custom Handspun Cotton Table Runner with Tribal Motifs,Handloom Textile,2670.0,8050,9000,3850,synthetic_benchmark
Handcrafted Artisan Glazed Ceramic Dining Soup Bowls Set of 4,Pottery & Clay,120.0,550,700,250,synthetic_benchmark
Traditional Handpainted Clay Diya Festive Set,Pottery & Clay,110.0,400,500,250,synthetic_benchmark
Artisan Traditional Temple Jewelry Gold Plated Pendant,Jewelry,1020.0,2600,3350,1550,synthetic_benchmark
Zardozi Work Hand-Embroidered Velvet Clutch Bag,Embroidery,810.0,2700,3550,1250,synthetic_benchmark
Terracotta Handpainted Statement Jewelry Set,Jewelry,1190.0,3100,3600,1750,synthetic_benchmark
USB-C to Lightning Braided Fast Sync Cable,Electronics,1430.0,3200,3950,2100,synthetic_benchmark
Handmade Terracotta Decorative Wall Hanging,Pottery & Clay,90.0,500,650,250,synthetic_benchmark
Handmade Mango Wood Candle Stand Pair,Woodwork,710.0,2600,3500,1100,synthetic_benchmark
Traditional Handmade Crocheted Cotton Baby Blanket,Embroidery,550.0,1300,1700,850,synthetic_benchmark
Traditional Handloom Pure Silk Banarasi Saree with Zari Border,Handloom Textile,710.0,1850,2050,1100,synthetic_benchmark
Handmade Soft Stuffed Bunny Toy Holding a Carrot,Embroidery,650.0,1750,2000,1000,synthetic_benchmark
Traditional Handpainted Clay Diya Festive Set,Pottery & Clay,170.0,700,850,350,synthetic_benchmark
Handmade Brass Meenakari Enamel Bangles Set,Jewelry,1240.0,3800,4650,1850,synthetic_benchmark
7-in-1 Aluminium USB-C Multiport Hub Adapter,Electronics,450.0,1150,1450,750,synthetic_benchmark
Classic Pure Bronze Kansa Serving Bowls Set of 2,Metalwork,720.0,2100,2800,1100,synthetic_benchmark
Custom Traditional Temple Jewelry Gold Plated Pendant,Jewelry,510.0,1900,2350,800,synthetic_benchmark
Handmade Terracotta Decorative Wall Hanging,Pottery & Clay,170.0,550,650,350,synthetic_benchmark
Dhokra Brass Hand-Cast Tribal Figurine,Metalwork,760.0,1650,1950,1150,synthetic_benchmark
Terracotta Handpainted Statement Jewelry Set,Jewelry,920.0,3000,3850,1400,synthetic_benchmark
Deluxe Artisan Glazed Ceramic Dining Soup Bowls Set of 4,Pottery & Clay,370.0,1100,1400,600,synthetic_benchmark
Exquisite Handcrafted Walnut Wood Decorative Serving Tray,Woodwork,950.0,2500,3200,1450,synthetic_benchmark
Cast Iron Artisan Skillet Fry Pan,Metalwork,1190.0,3300,4300,1750,synthetic_benchmark
Vintage Khadi Cotton Handloom Kurta for Men,Handloom Textile,490.0,1500,1750,800,synthetic_benchmark
Handmade Soft Stuffed Bunny Toy Holding a Carrot,Embroidery,830.0,1850,2050,1250,synthetic_benchmark
Handloom Pure Silk Banarasi Saree with Zari Border,Handloom Textile,1390.0,4200,4650,2050,synthetic_benchmark
Hand-Beaten Brass Dining Platter Thali Set,Metalwork,1290.0,3100,3400,1900,synthetic_benchmark
Artisan Ceramic Planter with Drainage Plate,Pottery & Clay,190.0,700,900,350,synthetic_benchmark
Vintage 7-in-1 Aluminium USB-C Multiport Hub Adapter,Electronics,600.0,1700,2000,950,synthetic_benchmark
Handmade Clay Coffee Mugs Set of 2,Pottery & Clay,300.0,700,800,500,synthetic_benchmark
Dhokra Brass Hand-Cast Tribal Figurine,Metalwork,1540.0,3250,3800,2250,synthetic_benchmark
Handmade Brass Pooja Bell with Peacock Handle,Metalwork,530.0,1650,2000,850,synthetic_benchmark
Premium Intricately Carved Wooden Jewellery Box with Brass Inlay,Woodwork,500.0,1250,1650,800,synthetic_benchmark
Handcrafted Handwoven Cotton Chanderi Dupatta with Booti Work,Handloom Textile,3500.0,9500,12300,5000,synthetic_benchmark
Handmade Wooden Coaster Set of 6 with Stand,Woodwork,640.0,2100,2750,1000,synthetic_benchmark
Intricately Carved Wooden Jewellery Box with Brass Inlay,Woodwork,990.0,2750,3100,1500,synthetic_benchmark
Authentic Kanjivaram Silk Festive Saree,Handloom Textile,3310.0,6450,7450,4750,synthetic_benchmark
Eco-Friendly Dhokra Brass Hand-Cast Tribal Figurine,Metalwork,1050.0,2850,3700,1550,synthetic_benchmark
7-in-1 Aluminium USB-C Multiport Hub Adapter,Electronics,780.0,1300,1450,1200,synthetic_benchmark
Custom Dhokra Brass Hand-Cast Tribal Figurine,Metalwork,390.0,1100,1350,650,synthetic_benchmark
Vintage Handspun Cotton Table Runner with Tribal Motifs,Handloom Textile,2700.0,5600,6750,3900,synthetic_benchmark
Authentic Handcrafted Beaded Semi-Precious Stone Bracelet,Jewelry,880.0,3750,4250,1350,synthetic_benchmark
Artisan Filigree Pure Silver Toe Rings Pair,Jewelry,2290.0,8050,9450,3300,synthetic_benchmark
Handmade Kundan & Pearl Jhumka Earrings,Jewelry,560.0,1650,2050,900,synthetic_benchmark
Artisan Glazed Ceramic Dining Soup Bowls Set of 4,Pottery & Clay,310.0,750,950,550,synthetic_benchmark
Earthen Clay Cooking Handi Pot,Pottery & Clay,100.0,400,450,250,synthetic_benchmark
Artisan Hand-Carved Wooden Wall Panel Relief,Woodwork,860.0,3000,3550,1300,synthetic_benchmark
Vintage Hand-Embroidered Chikankari Cotton Kurti,Embroidery,830.0,2100,2600,1250,synthetic_benchmark
Pure Bronze Kansa Serving Bowls Set of 2,Metalwork,1340.0,3400,4150,2000,synthetic_benchmark
Pure Bronze Kansa Serving Bowls Set of 2,Metalwork,1080.0,2800,3350,1600,synthetic_benchmark
Authentic Kanjivaram Silk Festive Saree,Handloom Textile,2710.0,8000,10650,3900,synthetic_benchmark
Artisan Intricately Carved Wooden Jewellery Box with Brass Inlay,Woodwork,1130.0,4200,5450,1700,synthetic_benchmark
Artisan Ceramic Planter with Drainage Plate,Pottery & Clay,280.0,800,950,500,synthetic_benchmark
Handcrafted Handmade Brass Pooja Bell with Peacock Handle,Metalwork,500.0,1300,1550,800,synthetic_benchmark
Handcrafted Sandalwood Carved Incense Stick Holder,Woodwork,430.0,1700,2050,700,synthetic_benchmark
Vintage Antique Finish Pure Copper Water Bottle (1 Litre),Metalwork,940.0,2300,3000,1400,synthetic_benchmark
Sculpted Clay Floral Vase with Rustic Finish,Pottery & Clay,210.0,500,600,400,synthetic_benchmark
Handcrafted Pochampally Ikat Handwoven Saree,Handloom Textile,3030.0,5850,7200,4350,synthetic_benchmark
Exquisite Pure Bronze Kansa Serving Bowls Set of 2,Metalwork,400.0,1050,1350,650,synthetic_benchmark
Ergonomic Wireless Silent Optical Mouse,Electronics,1220.0,2000,2550,1800,synthetic_benchmark
Handmade Soft Stuffed Bunny Toy Holding a Carrot,Embroidery,280.0,900,1150,500,synthetic_benchmark
Artisan Filigree Pure Silver Toe Rings Pair,Jewelry,350.0,1650,2200,600,synthetic_benchmark
Handmade Crocheted Cotton Baby Blanket,Embroidery,900.0,2650,3250,1350,synthetic_benchmark
Eco-Friendly Artisan Ceramic Planter with Drainage Plate,Pottery & Clay,120.0,300,400,250,synthetic_benchmark
7-in-1 Aluminium USB-C Multiport Hub Adapter,Electronics,1090.0,2150,2450,1650,synthetic_benchmark
100W Type-C Heavy Duty Braided Charging Cable 2m,Electronics,860.0,2400,2850,1300,synthetic_benchmark
Dhokra Brass Hand-Cast Tribal Figurine,Metalwork,1440.0,4200,4650,2100,synthetic_benchmark
Artisan Hand-Carved Wooden Wall Panel Relief,Woodwork,300.0,1200,1450,500,synthetic_benchmark
Handspun Cotton Table Runner with Tribal Motifs,Handloom Textile,2500.0,8150,9550,3600,synthetic_benchmark
Deluxe Intricately Carved Wooden Jewellery Box with Brass Inlay,Woodwork,470.0,1650,2050,750,synthetic_benchmark
Authentic Kanjivaram Silk Festive Saree,Handloom Textile,3400.0,8050,10150,4850,synthetic_benchmark
Custom Handmade Brass Diya Oil Lamp Hanging,Metalwork,1540.0,3600,4650,2250,synthetic_benchmark
Handmade Brass Diya Oil Lamp Hanging,Metalwork,850.0,2050,2750,1300,synthetic_benchmark
Handcrafted Handmade Brass Meenakari Enamel Bangles Set,Jewelry,2490.0,8500,9950,3600,synthetic_benchmark
Noise Cancelling Over-Ear Studio Headphones,Electronics,1170.0,2450,2850,1750,synthetic_benchmark
Hand-Stitched Patchwork Quilt Throw Blanket,Embroidery,600.0,2050,2400,950,synthetic_benchmark
Handcrafted Bamboo Wood Bluetooth Wireless Speaker,Electronics,1220.0,2500,3050,1800,synthetic_benchmark
Handspun Cotton Table Runner with Tribal Motifs,Handloom Textile,2030.0,5700,6400,2950,synthetic_benchmark
Hand-Beaten Brass Dining Platter Thali Set,Metalwork,970.0,2800,3200,1450,synthetic_benchmark
Handmade Brass Meenakari Enamel Bangles Set,Jewelry,1370.0,5200,6500,2000,synthetic_benchmark
Premium USB-C to Lightning Braided Fast Sync Cable,Electronics,1400.0,3150,4250,2050,synthetic_benchmark
Handcrafted Bamboo Wood Bluetooth Wireless Speaker,Electronics,1010.0,2000,2550,1500,synthetic_benchmark
USB-C to Lightning Braided Fast Sync Cable,Electronics,910.0,2200,2750,1350,synthetic_benchmark
Earthen Clay Cooking Handi Pot,Pottery & Clay,250.0,800,1050,450,synthetic_benchmark
